[
            [
              [
                72.03002663150717,
                23.508230360453844
              ],
              [
                72.03018047442433,
                23.507369288489798
              ],
              [
                72.03259929562014,
                23.507799934095218
              ],
              [
                72.03408236249741,
                23.508108825964783
              ],
              [
                72.03443107973962,
                23.508181457733993
              ],
              [
                72.03442610141045,
                23.507917719647995
              ],
              [
                72.03442085300897,
                23.507639674722338
              ],
              [
                72.0343793201206,
                23.50543952334946
              ],
              [
                72.03529702845489,
                23.50547819394473
              ],
              [
                72.03541277303782,
                23.501805950524485
              ],
              [
                72.0354290784848,
                23.501288621776848
              ],
              [
                72.03533704816057,
                23.500900310080283
              ],
              [
                72.03507273876339,
                23.50073970262546
              ],
              [
                72.03477687515061,
                23.500590528606942
              ],
              [
                72.03441922882908,
                23.500470409367928
              ],
              [
                72.03435357998065,
                23.499991998327136
              ],
              [
                72.03428624012757,
                23.49954116677723
              ],
              [
                72.03395990575056,
                23.49866639374578
              ],
              [
                72.03358194877453,
                23.49789960268861
              ],
              [
                72.0332438202224,
                23.497054187394482
              ],
              [
                72.0329195207375,
                23.496227938946568
              ],
              [
                72.03260919197257,
                23.494929740043982
              ],
              [
                72.03245995215867,
                23.494428518521296
              ],
              [
                72.03244180260089,
                23.494072484076607
              ],
              [
                72.03222203978812,
                23.493009587264837
              ],
              [
                72.03210901187973,
                23.49208138670838
              ],
              [
                72.03197242789282,
                23.49141481095785
              ],
              [
                72.03192198182468,
                23.490729671863594
              ],
              [
                72.03184205536671,
                23.490280489908738
              ],
              [
                72.0319541494322,
                23.48959461701751
              ],
              [
                72.03200897528615,
                23.48923086524357
              ],
              [
                72.03202214368746,
                23.488608999613145
              ],
              [
                72.03198349664451,
                23.48826112043134
              ],
              [
                72.03173092739058,
                23.487570039229453
              ],
              [
                72.03139758593589,
                23.48681018275101
              ],
              [
                72.03131926055129,
                23.486538624191247
              ],
              [
                72.03097839995081,
                23.48581987609833
              ],
              [
                72.03076749753262,
                23.485020295666953
              ],
              [
                72.03064201805397,
                23.484702466016238
              ],
              [
                72.03024000293956,
                23.483839870528385
              ],
              [
                72.03004988382929,
                23.483271949134572
              ],
              [
                72.0298332461496,
                23.482891711256478
              ],
              [
                72.02967397182124,
                23.48235076524678
              ],
              [
                72.02959226762385,
                23.482012162825217
              ],
              [
                72.02927696497163,
                23.481329300454973
              ],
              [
                72.02901806900037,
                23.480656361073308
              ],
              [
                72.02869557967321,
                23.480437077346036
              ],
              [
                72.02804329788904,
                23.479962135492013
              ],
              [
                72.02781265717456,
                23.479728732206304
              ],
              [
                72.02717882016648,
                23.479548050283572
              ],
              [
                72.0267680159331,
                23.4794804697848
              ],
              [
                72.02646055049786,
                23.479358339262152
              ],
              [
                72.02607138768866,
                23.479019808399315
              ],
              [
                72.02577973550545,
                23.478640258756474
              ],
              [
                72.02575278252688,
                23.478020906069755
              ],
              [
                72.0258397715324,
                23.477744149950542
              ],
              [
                72.02613727844995,
                23.477621352839858
              ],
              [
                72.02634386976656,
                23.47738639291954
              ],
              [
                72.02642760265127,
                23.47631301909935
              ],
              [
                72.02643929851594,
                23.475552730051348
              ],
              [
                72.02769014969958,
                23.47464044807139
              ],
              [
                72.02819356714936,
                23.474339330704307
              ],
              [
                72.02897022118913,
                23.47382191348171
              ],
              [
                72.02934933295593,
                23.473509688005894
              ],
              [
                72.02979952399572,
                23.47326112458384
              ],
              [
                72.03099880407726,
                23.472373794589217
              ],
              [
                72.031369916407,
                23.47202886658113
              ],
              [
                72.03179245476022,
                23.471741960043015
              ],
              [
                72.0331682089361,
                23.470605586609658
              ],
              [
                72.03325157799077,
                23.46947089892813
              ],
              [
                72.03340097321009,
                23.468584069586345
              ],
              [
                72.03351632858619,
                23.46719280534456
              ],
              [
                72.033709151327,
                23.465842482364902
              ],
              [
                72.03369908810299,
                23.46519173488543
              ],
              [
                72.03382694526545,
                23.4644928533089
              ],
              [
                72.03396222358663,
                23.46310263053179
              ],
              [
                72.03397946572171,
                23.462406332983026
              ],
              [
                72.03408809181641,
                23.46121387805612
              ],
              [
                72.03410940284257,
                23.46066212219847
              ],
              [
                72.03413057594344,
                23.460113947786034
              ],
              [
                72.03410941888595,
                23.459725478536352
              ],
              [
                72.03399970141264,
                23.459313936546902
              ],
              [
                72.03398803982995,
                23.458852178029222
              ],
              [
                72.03389919264907,
                23.458344885224033
              ],
              [
                72.0339034151663,
                23.45729829643438
              ],
              [
                72.03457174473247,
                23.45724096203427
              ],
              [
                72.03559036354444,
                23.457340254663393
              ],
              [
                72.03627759297504,
                23.457463744028814
              ],
              [
                72.03675178950114,
                23.45747466245083
              ],
              [
                72.03760686249502,
                23.457629598691387
              ],
              [
                72.03815925015586,
                23.457672627524403
              ],
              [
                72.03874297629554,
                23.457772260873252
              ],
              [
                72.03913716971432,
                23.457783607386705
              ],
              [
                72.03995085388499,
                23.457964405276837
              ],
              [
                72.04023655670113,
                23.45795164153418
              ],
              [
                72.04073971742982,
                23.45806089884264
              ],
              [
                72.0412789724323,
                23.458070583969274
              ],
              [
                72.04177076056851,
                23.458202301705295
              ],
              [
                72.04221863862682,
                23.458234885424073
              ],
              [
                72.04257645864904,
                23.458350389575838
              ],
              [
                72.04296307445269,
                23.45819992701185
              ],
              [
                72.04353457050684,
                23.45756106918369
              ],
              [
                72.04393766616377,
                23.457210671030285
              ],
              [
                72.04469654364446,
                23.456381173232284
              ],
              [
                72.04490033053943,
                23.456073607467413
              ],
              [
                72.0452704058372,
                23.45558102950796
              ],
              [
                72.04545651288602,
                23.455235648922155
              ],
              [
                72.04587913848503,
                23.454782702130004
              ],
              [
                72.04608930950255,
                23.454452409877828
              ],
              [
                72.04663835272538,
                23.453812369688503
              ],
              [
                72.04695802548873,
                23.453326382565653
              ],
              [
                72.04724903846538,
                23.45298185870037
              ],
              [
                72.0475381642502,
                23.45258650940369
              ],
              [
                72.04779543780496,
                23.452343982889783
              ],
              [
                72.04839496218206,
                23.451450632094403
              ],
              [
                72.04871764687944,
                23.45071116894944
              ],
              [
                72.049061731793,
                23.449744553551653
              ],
              [
                72.04921657713264,
                23.44950129792481
              ],
              [
                72.04952679661872,
                23.448761183938828
              ],
              [
                72.04976745786587,
                23.448095840406715
              ],
              [
                72.05021975662447,
                23.446994212849948
              ],
              [
                72.05070571643341,
                23.445995789675717
              ],
              [
                72.05107904608592,
                23.444959219270697
              ],
              [
                72.0512876659109,
                23.444490497281397
              ],
              [
                72.05191825291821,
                23.443333594654064
              ],
              [
                72.05369872170785,
                23.443804487282666
              ],
              [
                72.05441543982009,
                23.44405073335875
              ],
              [
                72.0560875538091,
                23.444625227919047
              ],
              [
                72.05831127711981,
                23.445326661263
              ],
              [
                72.05898934961772,
                23.445477519852144
              ],
              [
                72.05990301849087,
                23.44575305789974
              ],
              [
                72.06213760350593,
                23.44646653654345
              ],
              [
                72.0643069634439,
                23.447363341251226
              ],
              [
                72.06578886001304,
                23.448141358366172
              ],
              [
                72.06613558624494,
                23.448274675269396
              ],
              [
                72.06658406023237,
                23.448542403528336
              ],
              [
                72.06703289036912,
                23.448722532541222
              ],
              [
                72.0685347493514,
                23.449501555790967
              ],
              [
                72.06971684043415,
                23.450033373557613
              ],
              [
                72.07014539840276,
                23.450300054436127
              ],
              [
                72.07057788782639,
                23.45050238088536
              ],
              [
                72.07103550244518,
                23.45078440355038
              ],
              [
                72.07141571453292,
                23.45094250608213
              ],
              [
                72.07231466999762,
                23.451445752819055
              ],
              [
                72.07286689217695,
                23.451815692658954
              ],
              [
                72.07323216016603,
                23.451973013864436
              ],
              [
                72.07468728731037,
                23.45278182884948
              ],
              [
                72.07498533030181,
                23.452894150871455
              ],
              [
                72.07587687395863,
                23.453355484191114
              ],
              [
                72.07670196592368,
                23.45384103261885
              ],
              [
                72.07709466728518,
                23.45398210454655
              ],
              [
                72.07913288916302,
                23.45471430885134
              ],
              [
                72.08005441760746,
                23.45509417050498
              ],
              [
                72.08048700340932,
                23.45521346591342
              ],
              [
                72.08123414619863,
                23.45558426738854
              ],
              [
                72.08219175030605,
                23.455864538134854
              ],
              [
                72.08485379066808,
                23.45688344350384
              ],
              [
                72.08609035106285,
                23.45740527061093
              ],
              [
                72.08657299384353,
                23.45828226111342
              ],
              [
                72.0868470889866,
                23.458623887019165
              ],
              [
                72.08699997566171,
                23.458903888525924
              ],
              [
                72.08729204342212,
                23.459278724238015
              ],
              [
                72.08772380845578,
                23.45941178958127
              ],
              [
                72.09045977147528,
                23.459383026241717
              ],
              [
                72.09281071312243,
                23.459274313637795
              ],
              [
                72.09461264560696,
                23.45923396070372
              ],
              [
                72.0951954098299,
                23.459185759359745
              ],
              [
                72.09566435494209,
                23.459200833523322
              ],
              [
                72.09617512226653,
                23.459185789885744
              ],
              [
                72.09664131863397,
                23.459385069643275
              ],
              [
                72.09804102544626,
                23.459983369162842
              ],
              [
                72.09836239323532,
                23.460041515798835
              ],
              [
                72.09876969274163,
                23.45991965428483
              ],
              [
                72.09915403638816,
                23.459764324525093
              ],
              [
                72.10083368611339,
                23.45869383965236
              ],
              [
                72.10179358385497,
                23.458033383419433
              ],
              [
                72.10221937553784,
                23.457525115657276
              ],
              [
                72.10232967297488,
                23.456862177090567
              ],
              [
                72.10257297657306,
                23.455987585792723
              ],
              [
                72.10298854323283,
                23.454493758927907
              ],
              [
                72.10336281537661,
                23.454010491783098
              ],
              [
                72.10352133793708,
                23.453705124501198
              ],
              [
                72.10430353534893,
                23.452924780904095
              ],
              [
                72.10495542530126,
                23.452478936034673
              ],
              [
                72.10467845392343,
                23.45226631532497
              ],
              [
                72.1049454686972,
                23.451985005126712
              ],
              [
                72.10560968934332,
                23.45174730522749
              ],
              [
                72.10676126847079,
                23.45122124542139
              ],
              [
                72.10734012658828,
                23.45066094010881
              ],
              [
                72.10800275364133,
                23.450284805813027
              ],
              [
                72.10834724129025,
                23.450044389547326
              ],
              [
                72.1090530834217,
                23.449760722510746
              ],
              [
                72.10919095997579,
                23.45006036345724
              ],
              [
                72.1104273802103,
                23.44974156532607
              ],
              [
                72.11076141804014,
                23.44987873434553
              ],
              [
                72.11122823680094,
                23.450008076420698
              ],
              [
                72.111641279242,
                23.450122518734318
              ],
              [
                72.11236967056409,
                23.450473750820716
              ],
              [
                72.11267910082617,
                23.450563530103782
              ],
              [
                72.1132006132101,
                23.450576655663745
              ],
              [
                72.11326866224276,
                23.450937553302932
              ],
              [
                72.11391570487383,
                23.451024194875565
              ],
              [
                72.11397944067448,
                23.451373175785903
              ],
              [
                72.1149368891071,
                23.451491833739283
              ],
              [
                72.11523919163542,
                23.451452120075
              ],
              [
                72.11576786097649,
                23.451553224004126
              ],
              [
                72.11674113801011,
                23.451575849465918
              ],
              [
                72.11724852219567,
                23.45161589959485
              ],
              [
                72.11788812621508,
                23.451577469637826
              ],
              [
                72.11890995390968,
                23.451664842161435
              ],
              [
                72.11996343231786,
                23.451848375024916
              ],
              [
                72.12038001900429,
                23.4519021706961
              ],
              [
                72.1210349178697,
                23.452215748296595
              ],
              [
                72.12246722681458,
                23.45251259222184
              ],
              [
                72.1243087032265,
                23.452971957438976
              ],
              [
                72.1245431122623,
                23.45343366128001
              ],
              [
                72.12585952769973,
                23.453443966929278
              ],
              [
                72.12627720023868,
                23.45356236007941
              ],
              [
                72.12663455900596,
                23.453603859799877
              ],
              [
                72.12750159044639,
                23.45384496958228
              ],
              [
                72.12790068167025,
                23.45374297356395
              ],
              [
                72.12926119382243,
                23.452489716697222
              ],
              [
                72.12976439595616,
                23.451732904402277
              ],
              [
                72.13018141409493,
                23.451573422246646
              ],
              [
                72.13101716004022,
                23.451473579116573
              ],
              [
                72.13235687053995,
                23.451442760767353
              ],
              [
                72.13226245188947,
                23.451007502373972
              ],
              [
                72.13296011900296,
                23.450752965309235
              ],
              [
                72.13327872592514,
                23.45077400632421
              ],
              [
                72.13382739449047,
                23.450710070135862
              ],
              [
                72.13509334803518,
                23.45048021282453
              ],
              [
                72.13683762320784,
                23.450274997478516
              ],
              [
                72.13728942008484,
                23.45015994427864
              ],
              [
                72.13824998261,
                23.449775448519883
              ],
              [
                72.13877913939054,
                23.449577296933754
              ],
              [
                72.13999283196128,
                23.44909569653302
              ],
              [
                72.14114775067657,
                23.450741480332727
              ],
              [
                72.14186414060097,
                23.451705250099945
              ],
              [
                72.14245693109056,
                23.452233801054852
              ],
              [
                72.14411427325409,
                23.45111098937265
              ],
              [
                72.14518622362354,
                23.450658940629204
              ],
              [
                72.14639406504675,
                23.450273826692758
              ],
              [
                72.1475263074185,
                23.44998165015002
              ],
              [
                72.14831579743966,
                23.449902387894177
              ],
              [
                72.14902109905948,
                23.449975574754138
              ],
              [
                72.15047580509845,
                23.450963461713773
              ],
              [
                72.15121402992416,
                23.45115361384455
              ],
              [
                72.15204833238698,
                23.451242644667072
              ],
              [
                72.15241480577161,
                23.451381388694738
              ],
              [
                72.1530268550607,
                23.451343701271806
              ],
              [
                72.15359522062516,
                23.451036310611226
              ],
              [
                72.15413896546764,
                23.45064003565708
              ],
              [
                72.15464645603544,
                23.450181949500944
              ],
              [
                72.15499122262764,
                23.448053130472108
              ],
              [
                72.15556339786073,
                23.447992631776064
              ],
              [
                72.15598635675126,
                23.448023601733258
              ],
              [
                72.15642483213485,
                23.4479631410686
              ],
              [
                72.15741692245777,
                23.447921918508204
              ],
              [
                72.15708677695797,
                23.447429987094484
              ],
              [
                72.15806750923252,
                23.447411230850786
              ],
              [
                72.15942528635256,
                23.447190506176742
              ],
              [
                72.15948297467774,
                23.446483337200192
              ],
              [
                72.1601727748647,
                23.44648189516574
              ],
              [
                72.16089819492778,
                23.446138743995814
              ],
              [
                72.16169446248422,
                23.44586378592424
              ],
              [
                72.16202055849142,
                23.44571914573322
              ],
              [
                72.1638792669405,
                23.44485779065831
              ],
              [
                72.1649531670591,
                23.444454129124964
              ],
              [
                72.16566372639157,
                23.444356891886834
              ],
              [
                72.16690924741631,
                23.444347441654116
              ],
              [
                72.16796395405468,
                23.444253659455068
              ],
              [
                72.17000314748945,
                23.44425227257476
              ],
              [
                72.17173979888908,
                23.44421228205556
              ],
              [
                72.17160021201055,
                23.443294399653375
              ],
              [
                72.17151099454318,
                23.44253588256641
              ],
              [
                72.17151521712029,
                23.441470903184296
              ],
              [
                72.17176011893747,
                23.440268408583485
              ],
              [
                72.17197036063608,
                23.43926409409384
              ],
              [
                72.17210163655749,
                23.438706582997487
              ],
              [
                72.1722713331314,
                23.438295666101567
              ],
              [
                72.1723561689755,
                23.43801382764011
              ],
              [
                72.17253377906506,
                23.437423775267195
              ],
              [
                72.17283357645913,
                23.436761306227947
              ],
              [
                72.17292698845694,
                23.43640633609064
              ],
              [
                72.17302155238082,
                23.436046987224188
              ],
              [
                72.1731037852998,
                23.4355116909248
              ],
              [
                72.17278640573981,
                23.433895306688342
              ],
              [
                72.17236329866446,
                23.43237494581425
              ],
              [
                72.1722006485538,
                23.43084488929079
              ],
              [
                72.17227242276066,
                23.42932225368229
              ],
              [
                72.17208151224295,
                23.428344097874508
              ],
              [
                72.17174667610222,
                23.427515336533734
              ],
              [
                72.17397136726412,
                23.42698948063169
              ],
              [
                72.17468844796284,
                23.426711752396088
              ],
              [
                72.17519605419827,
                23.42616599848055
              ],
              [
                72.17576347026285,
                23.424544284106258
              ],
              [
                72.17626062588268,
                23.422886621640497
              ],
              [
                72.17735016680876,
                23.422675116327984
              ],
              [
                72.17736428812462,
                23.422357666387228
              ],
              [
                72.17788320889515,
                23.42195543286526
              ],
              [
                72.17881061881322,
                23.42107613337758
              ],
              [
                72.17945434593234,
                23.42059268352013
              ],
              [
                72.17979945312658,
                23.420338314527882
              ],
              [
                72.1801354287771,
                23.420235646330617
              ],
              [
                72.18048164147193,
                23.420045891798527
              ],
              [
                72.1810801102961,
                23.419816037285965
              ],
              [
                72.18217174013617,
                23.41944545369116
              ],
              [
                72.18259571694055,
                23.419374959862147
              ],
              [
                72.1832073249921,
                23.419175742491575
              ],
              [
                72.18441172436678,
                23.419006900327457
              ],
              [
                72.18469011026734,
                23.418366372452287
              ],
              [
                72.18501970222044,
                23.418037417923127
              ],
              [
                72.18610755758061,
                23.417396857422958
              ],
              [
                72.18727041324682,
                23.417004526872162
              ],
              [
                72.18893112189758,
                23.41664229511674
              ],
              [
                72.18942702303035,
                23.416624461902362
              ],
              [
                72.18996214944752,
                23.416605220694574
              ],
              [
                72.19099422917726,
                23.41656809822249
              ],
              [
                72.1909267909532,
                23.41760677818404
              ],
              [
                72.19118478085666,
                23.418343943952753
              ],
              [
                72.19123130975548,
                23.418775169028454
              ],
              [
                72.191000298388,
                23.41962563660418
              ],
              [
                72.19095826975499,
                23.420075382539725
              ],
              [
                72.19087306688427,
                23.420495250122215
              ],
              [
                72.19085151726814,
                23.420936822292504
              ],
              [
                72.19090965761168,
                23.42121647021791
              ],
              [
                72.19167885669326,
                23.422385593686435
              ],
              [
                72.19212997118896,
                23.42244557471872
              ],
              [
                72.19279168050232,
                23.422327276011853
              ],
              [
                72.19406280788293,
                23.422295495745225
              ],
              [
                72.19524150626134,
                23.422305088631525
              ],
              [
                72.19618275435326,
                23.42235785642972
              ],
              [
                72.19674098056039,
                23.42246480429998
              ],
              [
                72.19814774136563,
                23.422587488356598
              ],
              [
                72.19872353993755,
                23.422651521851833
              ],
              [
                72.19898994186447,
                23.421876634050065
              ],
              [
                72.20056147846122,
                23.42183480133637
              ],
              [
                72.20148067470105,
                23.421588988771713
              ],
              [
                72.20198860223447,
                23.421285258322808
              ],
              [
                72.20226312657326,
                23.42120706811757
              ],
              [
                72.2025404692106,
                23.421414915520167
              ],
              [
                72.20342506264831,
                23.421628902493953
              ],
              [
                72.20384481628858,
                23.421495420763545
              ],
              [
                72.20445392712668,
                23.421378993971732
              ],
              [
                72.20475704761424,
                23.421781823053223
              ],
              [
                72.2056300940913,
                23.42193018896069
              ],
              [
                72.2057587092321,
                23.422243405185522
              ],
              [
                72.20573419940372,
                23.422860050382255
              ],
              [
                72.20619471816009,
                23.422846691969173
              ],
              [
                72.2069372339037,
                23.422755517195515
              ],
              [
                72.20833020226537,
                23.423024957123584
              ],
              [
                72.20873812671863,
                23.42297201528574
              ],
              [
                72.209213368333,
                23.423067712328127
              ],
              [
                72.2095968220919,
                23.423234903766648
              ],
              [
                72.20983837966897,
                23.423623050495344
              ],
              [
                72.21046477953976,
                23.42379644849448
              ],
              [
                72.21083180069019,
                23.4238866217362
              ],
              [
                72.21167358038143,
                23.42396432410149
              ],
              [
                72.21165254109508,
                23.42423140937157
              ],
              [
                72.21143612644909,
                23.425165226679304
              ],
              [
                72.21110554734439,
                23.42561452089915
              ],
              [
                72.21067920060769,
                23.425899439110744
              ],
              [
                72.2104314882069,
                23.42606498002922
              ],
              [
                72.21035849241659,
                23.426365589841325
              ],
              [
                72.21034996333218,
                23.427174414315886
              ],
              [
                72.2102585570723,
                23.427448721835926
              ],
              [
                72.21025034335653,
                23.42783564025297
              ],
              [
                72.21003694517348,
                23.42886667932547
              ],
              [
                72.20996890914057,
                23.429195397280314
              ],
              [
                72.20992810309282,
                23.429875765837323
              ],
              [
                72.2098749993982,
                23.430636201939805
              ],
              [
                72.21010108467367,
                23.43107428163755
              ],
              [
                72.21028890087824,
                23.4317755461319
              ],
              [
                72.21033749736294,
                23.432465093353375
              ],
              [
                72.21031435660306,
                23.432934249779628
              ],
              [
                72.21040749352906,
                23.434714306569422
              ],
              [
                72.21038715831,
                23.435344998386324
              ],
              [
                72.21046306216321,
                23.435620932547533
              ],
              [
                72.21103383281046,
                23.438179947011538
              ],
              [
                72.21130437506395,
                23.43863348291069
              ],
              [
                72.21171127632363,
                23.43872342408351
              ],
              [
                72.21260501159418,
                23.43865376842658
              ],
              [
                72.21314175088497,
                23.438828723855202
              ],
              [
                72.21346673137505,
                23.438951368332535
              ],
              [
                72.21404745539327,
                23.43901789697127
              ],
              [
                72.21490550987966,
                23.439043242826735
              ],
              [
                72.21566114215756,
                23.439026467454497
              ],
              [
                72.21624544746619,
                23.439033225946286
              ],
              [
                72.2163512686585,
                23.439352185814474
              ],
              [
                72.21687686645915,
                23.439254499016176
              ],
              [
                72.21699910348998,
                23.43888262089373
              ],
              [
                72.21802878336446,
                23.438962814886988
              ],
              [
                72.21824643239505,
                23.438332967333444
              ],
              [
                72.22024045029823,
                23.43799891578372
              ],
              [
                72.22090931115707,
                23.438012272684514
              ],
              [
                72.22095847953798,
                23.437691999085317
              ],
              [
                72.22189456443456,
                23.437665952001264
              ],
              [
                72.2242428273379,
                23.437674994907777
              ],
              [
                72.22521266200009,
                23.437794744640257
              ],
              [
                72.2253283225168,
                23.43749053963461
              ],
              [
                72.2254927792811,
                23.43714193406476
              ],
              [
                72.22563194723502,
                23.43667600683735
              ],
              [
                72.2260038871071,
                23.435722011298573
              ],
              [
                72.22619511454245,
                23.434864860910242
              ],
              [
                72.22640586737208,
                23.43443293253909
              ],
              [
                72.22655625553223,
                23.433924147511025
              ],
              [
                72.2269097151197,
                23.433195152378946
              ],
              [
                72.227178507188,
                23.432544845633615
              ],
              [
                72.2277800546407,
                23.431344322320534
              ],
              [
                72.22828994503946,
                23.430798518644547
              ],
              [
                72.2287388906906,
                23.43085366759275
              ],
              [
                72.22944198150411,
                23.431087763196846
              ],
              [
                72.22942569873774,
                23.430482876653613
              ],
              [
                72.22927611452383,
                23.430143254350117
              ],
              [
                72.22915608349233,
                23.429643748459224
              ],
              [
                72.22953996253595,
                23.429556952692987
              ],
              [
                72.23008816298692,
                23.42943300208721
              ],
              [
                72.23148420939816,
                23.429485661553944
              ],
              [
                72.23239449796132,
                23.429472069906346
              ],
              [
                72.23253664103832,
                23.42918419722875
              ],
              [
                72.23289156519944,
                23.42876421143669
              ],
              [
                72.23375501883491,
                23.429283121481063
              ],
              [
                72.23458972293982,
                23.429865115015996
              ],
              [
                72.23535567861401,
                23.430176162558514
              ],
              [
                72.23648387811575,
                23.430362694573958
              ],
              [
                72.23722571969404,
                23.430575670658424
              ],
              [
                72.2376743370865,
                23.4305108858241
              ],
              [
                72.23814511928198,
                23.430493341046162
              ],
              [
                72.23878226481015,
                23.43053498331962
              ],
              [
                72.23940077841307,
                23.43067942311211
              ],
              [
                72.23906579223998,
                23.431393242489314
              ],
              [
                72.23898375814083,
                23.431762568105093
              ],
              [
                72.23866535554906,
                23.432742370928413
              ],
              [
                72.23845622325388,
                23.433838625909097
              ],
              [
                72.23831257332809,
                23.43421381334254
              ],
              [
                72.23812558170772,
                23.435085022595896
              ],
              [
                72.2380388199278,
                23.436035110002067
              ],
              [
                72.23805952008563,
                23.436524941641522
              ],
              [
                72.23811843046998,
                23.437044384900503
              ],
              [
                72.23822324365275,
                23.43746471739983
              ],
              [
                72.23817615436779,
                23.438001822446463
              ],
              [
                72.23826464591457,
                23.438444381611895
              ],
              [
                72.23823446328,
                23.439033069666028
              ],
              [
                72.23831240581792,
                23.439401313937488
              ],
              [
                72.23840221667724,
                23.440100624699536
              ],
              [
                72.23875640971401,
                23.44008329256244
              ],
              [
                72.23927638590268,
                23.43982846692919
              ],
              [
                72.23979636099442,
                23.43957364049798
              ],
              [
                72.24035893024444,
                23.43937336173692
              ],
              [
                72.24072567105138,
                23.439242796769626
              ],
              [
                72.24237421704483,
                23.43891855189818
              ],
              [
                72.24278702441984,
                23.438868071998833
              ],
              [
                72.24313179036263,
                23.439203767911874
              ],
              [
                72.24331606385795,
                23.439632748496766
              ],
              [
                72.2432007338821,
                23.440392329124993
              ],
              [
                72.24322228608177,
                23.44145397997417
              ],
              [
                72.24318416330503,
                23.442175986952638
              ],
              [
                72.24316902429602,
                23.443660443920493
              ],
              [
                72.24316461072661,
                23.444093216030172
              ],
              [
                72.24319443290243,
                23.444514341166528
              ],
              [
                72.24337057016007,
                23.445079705063527
              ],
              [
                72.24400377277895,
                23.44502121068962
              ],
              [
                72.24489604545491,
                23.445018154430006
              ],
              [
                72.24498390085706,
                23.44551370421377
              ],
              [
                72.24730547334107,
                23.445553304851813
              ],
              [
                72.24749571670007,
                23.447305969197743
              ],
              [
                72.24758447899494,
                23.447660923926474
              ],
              [
                72.24749925382999,
                23.448251425958723
              ],
              [
                72.24748067711687,
                23.448730036590305
              ],
              [
                72.24731167812281,
                23.450054058202163
              ],
              [
                72.24722793162745,
                23.45137319103125
              ],
              [
                72.24725919807223,
                23.452147138755493
              ],
              [
                72.24735253861853,
                23.453053353284034
              ],
              [
                72.24756750834928,
                23.453889664898323
              ],
              [
                72.24808300534404,
                23.45505018915138
              ],
              [
                72.24851960449332,
                23.4561928695016
              ],
              [
                72.24998598192258,
                23.45624430160524
              ],
              [
                72.25269593726104,
                23.456970584494634
              ],
              [
                72.25323921660737,
                23.45717495774358
              ],
              [
                72.2543712890333,
                23.45738459647074
              ],
              [
                72.2546216015594,
                23.457581889977188
              ],
              [
                72.25487584177476,
                23.45792563651296
              ],
              [
                72.25513917460245,
                23.45875618128543
              ],
              [
                72.25564281251425,
                23.459321064538734
              ],
              [
                72.25604928150378,
                23.459503260639085
              ],
              [
                72.25665316313494,
                23.459686074856265
              ],
              [
                72.2565225371273,
                23.461927337326152
              ],
              [
                72.25682955596464,
                23.46210483303149
              ],
              [
                72.25768035943635,
                23.462242020176298
              ],
              [
                72.25791693898042,
                23.46296874491917
              ],
              [
                72.2580956383342,
                23.46391635036348
              ],
              [
                72.26082037712312,
                23.464441357806265
              ],
              [
                72.26116900023358,
                23.46476143155928
              ],
              [
                72.26155905862385,
                23.464948304354024
              ],
              [
                72.2630439475119,
                23.465004065675327
              ],
              [
                72.26373945099208,
                23.46472082690039
              ],
              [
                72.26425376365637,
                23.464581242369157
              ],
              [
                72.26477757074275,
                23.463397156517104
              ],
              [
                72.26586336684939,
                23.463395219777173
              ],
              [
                72.26621052104122,
                23.46282835262052
              ],
              [
                72.26643009796327,
                23.462234670799713
              ],
              [
                72.26660616598912,
                23.461758619419356
              ],
              [
                72.2671558907664,
                23.459577777232788
              ],
              [
                72.26717490992428,
                23.458686487694408
              ],
              [
                72.26731070110445,
                23.45803957665537
              ],
              [
                72.26756481125642,
                23.457578851815047
              ],
              [
                72.26847361682293,
                23.45632190891422
              ],
              [
                72.26891556839837,
                23.455710654565422
              ],
              [
                72.26964714341726,
                23.454634407565212
              ],
              [
                72.27045480450835,
                23.453446217943597
              ],
              [
                72.27181643519283,
                23.451499478049463
              ],
              [
                72.27225203845815,
                23.450876673753232
              ],
              [
                72.27284823201352,
                23.449608773152278
              ],
              [
                72.27349939646265,
                23.448223933739534
              ],
              [
                72.27377735697614,
                23.44747896228949
              ],
              [
                72.27408791774155,
                23.446731340346915
              ],
              [
                72.27497797183696,
                23.446892435025998
              ],
              [
                72.27636708393581,
                23.44723386888185
              ],
              [
                72.27775480677079,
                23.447771235937072
              ],
              [
                72.27835721243041,
                23.447971878279596
              ],
              [
                72.27879678849754,
                23.447975680749078
              ],
              [
                72.2806192087898,
                23.4475007417182
              ],
              [
                72.28193090392125,
                23.44737804948743
              ],
              [
                72.28347125766642,
                23.447276133193082
              ],
              [
                72.28501656642301,
                23.44714461065752
              ],
              [
                72.28541569052298,
                23.447102415911537
              ],
              [
                72.28574642232675,
                23.44691657758945
              ],
              [
                72.28607757579924,
                23.446813110329256
              ],
              [
                72.28693399205541,
                23.446446027737334
              ],
              [
                72.28758952180077,
                23.445842842994207
              ],
              [
                72.28773951875793,
                23.44533103538949
              ],
              [
                72.28701391274512,
                23.443147924386068
              ],
              [
                72.28770150641036,
                23.442804382723228
              ],
              [
                72.28702019628057,
                23.441544246085815
              ],
              [
                72.28619529012275,
                23.43978262444786
              ],
              [
                72.28599565466403,
                23.4393575378809
              ],
              [
                72.28571760166228,
                23.438485825121436
              ],
              [
                72.2851614985279,
                23.43741560941706
              ],
              [
                72.28471592478523,
                23.43670762590803
              ],
              [
                72.28348873176758,
                23.434757684173295
              ],
              [
                72.28291947550257,
                23.433853156096042
              ],
              [
                72.2824878590097,
                23.434052652218956
              ],
              [
                72.28193177344892,
                23.433655635013476
              ],
              [
                72.28134920859974,
                23.433367940538513
              ],
              [
                72.28028932014547,
                23.43287165022797
              ],
              [
                72.27983247158868,
                23.432654867596188
              ],
              [
                72.27944913787753,
                23.43229425061025
              ],
              [
                72.27913660552211,
                23.43149916680955
              ],
              [
                72.27986472389529,
                23.43068297302311
              ],
              [
                72.28064608436442,
                23.430232015679117
              ],
              [
                72.2813982897777,
                23.429935201285378
              ],
              [
                72.2823460914573,
                23.429315849396126
              ],
              [
                72.28326878819904,
                23.42864652076897
              ],
              [
                72.28424698326938,
                23.428078123588254
              ],
              [
                72.28491068796377,
                23.42775664041163
              ],
              [
                72.28567566496959,
                23.427412614122296
              ],
              [
                72.2861194046465,
                23.427176834697615
              ],
              [
                72.28653850596153,
                23.426935200837296
              ],
              [
                72.2872283356451,
                23.426762583505965
              ],
              [
                72.28755291322663,
                23.426682161880045
              ],
              [
                72.28796818781598,
                23.42650488456329
              ],
              [
                72.28858812425743,
                23.425826126071254
              ],
              [
                72.28940903211867,
                23.42487625236992
              ],
              [
                72.29006566517192,
                23.424084070251922
              ],
              [
                72.29046181103548,
                23.42355537922491
              ],
              [
                72.29076036891644,
                23.423155475143353
              ],
              [
                72.29107475716727,
                23.422825538047306
              ],
              [
                72.29131943663737,
                23.422533577064176
              ],
              [
                72.2916298379651,
                23.42239709838222
              ],
              [
                72.29193222129086,
                23.422269437701335
              ],
              [
                72.29228923303813,
                23.421305329876493
              ],
              [
                72.29313333077113,
                23.418946054286447
              ],
              [
                72.29338712259154,
                23.418465084486858
              ],
              [
                72.29372515281223,
                23.4185105480571
              ],
              [
                72.29481474955674,
                23.418657092396028
              ],
              [
                72.2962883786334,
                23.418915966500702
              ],
              [
                72.29630848017159,
                23.418492769357087
              ],
              [
                72.29652649473195,
                23.41780751681688
              ],
              [
                72.29722914106547,
                23.417796891280883
              ],
              [
                72.29770811168834,
                23.41679743412961
              ],
              [
                72.29792357828619,
                23.416365657124107
              ],
              [
                72.29813904649644,
                23.41593387905474
              ],
              [
                72.29841993788332,
                23.415325577820465
              ],
              [
                72.29791881411232,
                23.415081608783865
              ],
              [
                72.29709903508771,
                23.414682501319568
              ],
              [
                72.29674785044344,
                23.414369659249967
              ],
              [
                72.29647875006006,
                23.413936468115736
              ],
              [
                72.29607941700276,
                23.413003318650034
              ],
              [
                72.29594980139493,
                23.41257716916115
              ],
              [
                72.29561964214139,
                23.4122469450604
              ],
              [
                72.29489055203135,
                23.411735181092098
              ],
              [
                72.29426874850164,
                23.41143632839938
              ],
              [
                72.29375141398296,
                23.410976756818638
              ],
              [
                72.29290856892666,
                23.410108799359055
              ],
              [
                72.29247674430411,
                23.409639709344027
              ],
              [
                72.29166674841319,
                23.40897628794746
              ],
              [
                72.29095850137799,
                23.408366422054186
              ],
              [
                72.29067755464042,
                23.40779659212311
              ],
              [
                72.29050037693037,
                23.406404331189837
              ],
              [
                72.29037666250083,
                23.40515273755289
              ],
              [
                72.29034925121617,
                23.404404732170214
              ],
              [
                72.29024585528852,
                23.403537245101845
              ],
              [
                72.2896761782624,
                23.4006772816824
              ],
              [
                72.28935225154797,
                23.399148490247597
              ],
              [
                72.28927334237575,
                23.398775541511228
              ],
              [
                72.28872802925756,
                23.396198152775266
              ],
              [
                72.28831952096346,
                23.394748081602902
              ],
              [
                72.28819643060764,
                23.394128591893427
              ],
              [
                72.2881883748834,
                23.393759302022936
              ],
              [
                72.28846844634971,
                23.39316481038071
              ],
              [
                72.28720015134108,
                23.393239003929246
              ],
              [
                72.28597804649415,
                23.392955860903058
              ],
              [
                72.28491614585066,
                23.3926669820117
              ],
              [
                72.28415206372297,
                23.39249460730508
              ],
              [
                72.28370981304903,
                23.39237078808887
              ],
              [
                72.28301198763712,
                23.392008093363113
              ],
              [
                72.28218078450135,
                23.391620203733797
              ],
              [
                72.28127092316082,
                23.391126884364844
              ],
              [
                72.28075356901996,
                23.390837870140437
              ],
              [
                72.28034108389595,
                23.390549551964682
              ],
              [
                72.27995077047595,
                23.390308463090953
              ],
              [
                72.27950964370393,
                23.389829639196705
              ],
              [
                72.2790807286193,
                23.389397541148867
              ],
              [
                72.27866682120822,
                23.389049201333183
              ],
              [
                72.27794236275285,
                23.38854680451085
              ],
              [
                72.27675308788196,
                23.388048530321203
              ],
              [
                72.27613927556004,
                23.387869888729746
              ],
              [
                72.27575818044785,
                23.387726088021346
              ],
              [
                72.27535655550811,
                23.38750747041061
              ],
              [
                72.27504874189536,
                23.3873074371555
              ],
              [
                72.27462182338733,
                23.386926148491536
              ],
              [
                72.27434301463309,
                23.38665841452266
              ],
              [
                72.27352899763837,
                23.386234457604278
              ],
              [
                72.27389853427441,
                23.384556318183357
              ],
              [
                72.27395165160212,
                23.38416706930509
              ],
              [
                72.27404919705653,
                23.38361868572246
              ],
              [
                72.27403000990255,
                23.38310127829343
              ],
              [
                72.27411097445373,
                23.382579721531343
              ],
              [
                72.27413260075579,
                23.381879938568055
              ],
              [
                72.27414812171457,
                23.381534894786384
              ],
              [
                72.27420730939221,
                23.381127513267476
              ],
              [
                72.27460437447589,
                23.380297408945456
              ],
              [
                72.27486114460459,
                23.379708158678802
              ],
              [
                72.27417822883797,
                23.37943274502451
              ],
              [
                72.27236354180543,
                23.378700899035316
              ],
              [
                72.27146273234679,
                23.37830941584124
              ],
              [
                72.27047960109795,
                23.378882076152642
              ],
              [
                72.26960002874837,
                23.378385607093673
              ],
              [
                72.26932910970743,
                23.377481937762322
              ],
              [
                72.26859104566596,
                23.378385172148256
              ],
              [
                72.26722057265577,
                23.37782412155775
              ],
              [
                72.26598997372135,
                23.376851510285366
              ],
              [
                72.26507332189783,
                23.377565838739983
              ],
              [
                72.26421079993916,
                23.3768673148196
              ],
              [
                72.26416216825913,
                23.375250977629065
              ],
              [
                72.26023242282562,
                23.374558175550305
              ],
              [
                72.26062342160398,
                23.37336070137429
              ],
              [
                72.26145391523895,
                23.371576869630175
              ],
              [
                72.26189358317868,
                23.3708199146578
              ],
              [
                72.2621033856776,
                23.37042270911864
              ],
              [
                72.26231579107426,
                23.370020572570287
              ],
              [
                72.26253551035362,
                23.369603372069225
              ],
              [
                72.26277745155473,
                23.369061842613604
              ],
              [
                72.26313387753704,
                23.367940998048695
              ],
              [
                72.26376139488768,
                23.36637741252592
              ],
              [
                72.26406614407661,
                23.365788825304882
              ],
              [
                72.26450881534171,
                23.364812992490414
              ],
              [
                72.26391403626462,
                23.364568402561286
              ],
              [
                72.26431227134302,
                23.363500319938712
              ],
              [
                72.26454273574674,
                23.362732821386338
              ],
              [
                72.2655147387706,
                23.360698468847403
              ],
              [
                72.26613445771392,
                23.359401393498413
              ],
              [
                72.2663631219339,
                23.35883199949882
              ],
              [
                72.26649154052633,
                23.358100746036254
              ],
              [
                72.26664239062856,
                23.357412128546628
              ],
              [
                72.26672938420056,
                23.356369833853325
              ],
              [
                72.26687032622931,
                23.355344107004935
              ],
              [
                72.26700989816861,
                23.354341367556952
              ],
              [
                72.26708057986183,
                23.35332130069376
              ],
              [
                72.26701551857659,
                23.352820005955465
              ],
              [
                72.26664916009376,
                23.352119846584465
              ],
              [
                72.26531328263215,
                23.350709404854996
              ],
              [
                72.26500245312596,
                23.350393916652664
              ],
              [
                72.26473949895076,
                23.35011313498766
              ],
              [
                72.26427399505619,
                23.34971140768226
              ],
              [
                72.26403413582233,
                23.349210465646554
              ],
              [
                72.26108109503956,
                23.34865020579714
              ],
              [
                72.2601324564235,
                23.34655012731055
              ],
              [
                72.25974250278475,
                23.345718781214348
              ],
              [
                72.25939275996589,
                23.34505086579809
              ],
              [
                72.25891511686937,
                23.344182787280968
              ],
              [
                72.2585596340442,
                23.34361140936699
              ],
              [
                72.25810094440017,
                23.343431339640695
              ],
              [
                72.25717137191788,
                23.343024463605484
              ],
              [
                72.25404390710727,
                23.343801631042428
              ],
              [
                72.25384268565358,
                23.3430563049755
              ],
              [
                72.25370437666585,
                23.342544002738936
              ],
              [
                72.2535334900845,
                23.341640773186768
              ],
              [
                72.25322485381197,
                23.340158933924577
              ],
              [
                72.25316075605704,
                23.33985118206621
              ],
              [
                72.25284577946243,
                23.33943862338709
              ],
              [
                72.25236176106216,
                23.338929859889515
              ],
              [
                72.25171629170775,
                23.338574608451307
              ],
              [
                72.25098403881175,
                23.338251172066414
              ],
              [
                72.24998359063568,
                23.338112701392312
              ],
              [
                72.24878446562853,
                23.33778890301717
              ],
              [
                72.24826676028957,
                23.33734296775173
              ],
              [
                72.24788151453035,
                23.336853047751863
              ],
              [
                72.24778470196961,
                23.336299405992186
              ],
              [
                72.2477762189687,
                23.335939312419875
              ],
              [
                72.24806018826298,
                23.335280536033096
              ],
              [
                72.24832418520064,
                23.33504035174336
              ],
              [
                72.24896380667666,
                23.334362772345667
              ],
              [
                72.25010852285479,
                23.3338358315048
              ],
              [
                72.25063909645561,
                23.333567234217128
              ],
              [
                72.2510249860996,
                23.33320874335948
              ],
              [
                72.2509316331247,
                23.332931945210476
              ],
              [
                72.25055311668248,
                23.332896050805687
              ],
              [
                72.25004472920747,
                23.332847840973237
              ],
              [
                72.24931056951738,
                23.33275662717356
              ],
              [
                72.2487400229713,
                23.33271446127782
              ],
              [
                72.247573181209,
                23.33214329240001
              ],
              [
                72.24694543281224,
                23.331700979263996
              ],
              [
                72.24642537568918,
                23.331462417739154
              ],
              [
                72.24590975014198,
                23.331233301858788
              ],
              [
                72.24574450180123,
                23.330404123217463
              ],
              [
                72.24562481532638,
                23.3299830367621
              ],
              [
                72.24551319080497,
                23.329092032398915
              ],
              [
                72.24524195511803,
                23.328449282416702
              ],
              [
                72.24497490613923,
                23.328322263751033
              ],
              [
                72.24404382182716,
                23.328194196735765
              ],
              [
                72.24347276920764,
                23.32797377888516
              ],
              [
                72.24292458979619,
                23.327872105236686
              ],
              [
                72.24146224987214,
                23.327442625867647
              ],
              [
                72.24097463465397,
                23.327330193918595
              ],
              [
                72.24039146037329,
                23.326894731824467
              ],
              [
                72.23925659205614,
                23.326500344291517
              ],
              [
                72.23886215885524,
                23.32638164528168
              ],
              [
                72.23823986573774,
                23.326218019372238
              ],
              [
                72.23737749842003,
                23.326026548025254
              ],
              [
                72.23656144413485,
                23.325931584585312
              ],
              [
                72.2360386554424,
                23.325870748974214
              ],
              [
                72.23524331129454,
                23.325894788592016
              ],
              [
                72.23472814020516,
                23.325993043322615
              ],
              [
                72.23390625622253,
                23.326043392924984
              ],
              [
                72.23321846992886,
                23.326022181867557
              ],
              [
                72.23277652595182,
                23.325981217144893
              ],
              [
                72.23229610138739,
                23.32583223482495
              ],
              [
                72.2313547562991,
                23.32569594199625
              ],
              [
                72.2309199141171,
                23.32563298584929
              ],
              [
                72.2307645144383,
                23.326395119235706
              ],
              [
                72.23077683043317,
                23.326773858310677
              ],
              [
                72.23054654857494,
                23.327702784648643
              ],
              [
                72.23049503683087,
                23.328230436917128
              ],
              [
                72.23043146761572,
                23.32861199753008
              ],
              [
                72.23017567161516,
                23.329229522040148
              ],
              [
                72.22982551337073,
                23.32898941847347
              ],
              [
                72.2294450651019,
                23.32850430121433
              ],
              [
                72.22907711090751,
                23.328144322210143
              ],
              [
                72.22851186918096,
                23.32749300448218
              ],
              [
                72.22808583406281,
                23.327102393122185
              ],
              [
                72.22744366597539,
                23.326360385669854
              ],
              [
                72.22678743653432,
                23.32560212982262
              ],
              [
                72.22655610362892,
                23.325212221434953
              ],
              [
                72.22635628812998,
                23.324796251003782
              ],
              [
                72.22634450577473,
                23.324325317820136
              ],
              [
                72.22627711242716,
                23.323782379494986
              ],
              [
                72.22533373846613,
                23.323904445933014
              ],
              [
                72.225164886743,
                23.323093928499233
              ],
              [
                72.22449592682712,
                23.323092080983407
              ],
              [
                72.22427848797437,
                23.322052709624767
              ],
              [
                72.22467497962731,
                23.321851604602585
              ],
              [
                72.22446562789189,
                23.321010923848657
              ],
              [
                72.22417356275231,
                23.3200784115039
              ],
              [
                72.22411040678658,
                23.31977085794024
              ],
              [
                72.22385079164222,
                23.319102833996908
              ],
              [
                72.22375305051504,
                23.318733568971766
              ],
              [
                72.22322750506007,
                23.317503254101307
              ],
              [
                72.22322599203042,
                23.31711123341031
              ],
              [
                72.2225341910133,
                23.315655709879103
              ],
              [
                72.22245804324234,
                23.315342878584854
              ],
              [
                72.22171780660136,
                23.313695823102304
              ],
              [
                72.22147592396573,
                23.313065587788678
              ],
              [
                72.22129155587155,
                23.31285098389767
              ],
              [
                72.22059611545353,
                23.31333424028988
              ],
              [
                72.21980899987678,
                23.313805895226075
              ],
              [
                72.21927840902973,
                23.31399553011237
              ],
              [
                72.21867121046817,
                23.314158199158115
              ],
              [
                72.21805558609752,
                23.314823045634416
              ],
              [
                72.21775122563595,
                23.315153339257446
              ],
              [
                72.21743293254274,
                23.315591283029452
              ],
              [
                72.2165269132786,
                23.315671821623546
              ],
              [
                72.21491911659132,
                23.315423702243518
              ],
              [
                72.21471154566893,
                23.315805048131228
              ],
              [
                72.2122670816655,
                23.314854769768065
              ],
              [
                72.21162936765829,
                23.31466540483983
              ],
              [
                72.21124054999362,
                23.31457175647587
              ],
              [
                72.21063406554335,
                23.31433430527688
              ],
              [
                72.21028038443445,
                23.314264461757798
              ],
              [
                72.20947590246672,
                23.313942061981717
              ],
              [
                72.2087430549024,
                23.313674043894856
              ],
              [
                72.20876096312229,
                23.313375235683928
              ],
              [
                72.20890045993654,
                23.312713751610204
              ],
              [
                72.2089091292813,
                23.311902634433046
              ],
              [
                72.20898590130139,
                23.31145466775843
              ],
              [
                72.20898798792025,
                23.310921565411185
              ],
              [
                72.20907804593678,
                23.31050026149319
              ],
              [
                72.20904864060661,
                23.31007453234524
              ],
              [
                72.20895561274354,
                23.309544109328332
              ],
              [
                72.20869165967981,
                23.308825110412844
              ],
              [
                72.2084273965152,
                23.307944705981143
              ],
              [
                72.20837949904183,
                23.30766097867116
              ],
              [
                72.2081888776765,
                23.307176285314227
              ],
              [
                72.20814816252654,
                23.30685603457281
              ],
              [
                72.20808171102848,
                23.305879643215814
              ],
              [
                72.20775629779301,
                23.305314323804478
              ],
              [
                72.20756098065252,
                23.304824778254623
              ],
              [
                72.20722907979737,
                23.304365137527533
              ],
              [
                72.20700834841563,
                23.303966516100555
              ],
              [
                72.20667259258548,
                23.303571233054274
              ],
              [
                72.20610888163876,
                23.302681242491627
              ],
              [
                72.20566832307968,
                23.302085809351087
              ],
              [
                72.20548908470342,
                23.301744638959903
              ],
              [
                72.2049893270393,
                23.301087351793182
              ],
              [
                72.20473874585407,
                23.300687195004954
              ],
              [
                72.20356126223696,
                23.299010755224586
              ],
              [
                72.20301839366546,
                23.29836508918399
              ],
              [
                72.20260860284857,
                23.29844172364653
              ],
              [
                72.20173961720035,
                23.296658087536457
              ],
              [
                72.20134812069251,
                23.295874909039405
              ],
              [
                72.20117615752534,
                23.295469904749957
              ],
              [
                72.2009238316994,
                23.294875630207546
              ],
              [
                72.20060937875864,
                23.29429236722521
              ],
              [
                72.20031941713441,
                23.293882512544684
              ],
              [
                72.2003640259273,
                23.29268204499055
              ],
              [
                72.20040808071055,
                23.29240532668102
              ],
              [
                72.20040686262142,
                23.290802890834083
              ],
              [
                72.20037767827986,
                23.289737242098635
              ],
              [
                72.20037024311083,
                23.289124865484393
              ],
              [
                72.20045090641207,
                23.288695547633793
              ],
              [
                72.20044883311488,
                23.287814711721794
              ],
              [
                72.20039896399362,
                23.28714815634195
              ],
              [
                72.20041880455348,
                23.286734167692572
              ],
              [
                72.20038070279388,
                23.28528893014543
              ],
              [
                72.20043221372768,
                23.284097278322847
              ],
              [
                72.20039700203785,
                23.28343608542029
              ],
              [
                72.20041093184318,
                23.282618957989428
              ],
              [
                72.20043069555241,
                23.28145963004737
              ],
              [
                72.20041777781893,
                23.280177071546294
              ],
              [
                72.20039084606478,
                23.27943329837465
              ],
              [
                72.1998404689466,
                23.279453216881922
              ],
              [
                72.19920544847183,
                23.279584725406256
              ],
              [
                72.19744006426949,
                23.279807893010545
              ],
              [
                72.19648273237753,
                23.27995714630274
              ],
              [
                72.1960683308563,
                23.279958978306727
              ],
              [
                72.19515163396849,
                23.280096471415547
              ],
              [
                72.19235069444147,
                23.280856756854345
              ],
              [
                72.19186248424117,
                23.28092396375231
              ],
              [
                72.19107101561211,
                23.28113701630906
              ],
              [
                72.18940899766619,
                23.281466834177504
              ],
              [
                72.18851053386065,
                23.281715888865662
              ],
              [
                72.18761207037664,
                23.28196494214816
              ],
              [
                72.18683993773654,
                23.282105186068925
              ],
              [
                72.18583420211768,
                23.282394836640563
              ],
              [
                72.18477487578905,
                23.2823861349421
              ],
              [
                72.18416053111494,
                23.28233666487319
              ],
              [
                72.18374059409471,
                23.282347400225426
              ],
              [
                72.18299277756432,
                23.282249092915652
              ],
              [
                72.1826693177219,
                23.28198349357398
              ],
              [
                72.1817224368501,
                23.280546948165775
              ],
              [
                72.18107138556408,
                23.279835698492846
              ],
              [
                72.18044798529627,
                23.279079750806844
              ],
              [
                72.17783475762218,
                23.276054406207937
              ],
              [
                72.1769543116267,
                23.27510804096839
              ],
              [
                72.17506407988373,
                23.273076261044558
              ],
              [
                72.17491315396038,
                23.272847171813414
              ],
              [
                72.17487087150528,
                23.272554496552715
              ],
              [
                72.1748819524283,
                23.271955609526426
              ],
              [
                72.17478134253182,
                23.271636882662328
              ],
              [
                72.1745826044967,
                23.271207058275785
              ],
              [
                72.17448697268094,
                23.27088858595112
              ],
              [
                72.17427694473383,
                23.268409056256807
              ],
              [
                72.1743328771689,
                23.267394615829534
              ],
              [
                72.17450264722095,
                23.266315096504925
              ],
              [
                72.1745516133628,
                23.265418432078825
              ],
              [
                72.17465446967705,
                23.264704370211554
              ],
              [
                72.17467163662782,
                23.264004351285262
              ],
              [
                72.17460475599461,
                23.263705801325465
              ],
              [
                72.17456640886844,
                23.26193774871314
              ],
              [
                72.17463387583507,
                23.26139709698115
              ],
              [
                72.17462144985161,
                23.26110595450929
              ],
              [
                72.17466843903105,
                23.26084107566348
              ],
              [
                72.17473702395043,
                23.260263432814593
              ],
              [
                72.1747939755178,
                23.25998046442553
              ],
              [
                72.17496564694439,
                23.259449774832675
              ],
              [
                72.17611118346888,
                23.25787952848737
              ],
              [
                72.17691771864487,
                23.256933320684396
              ],
              [
                72.17746001324394,
                23.256396165516314
              ],
              [
                72.17779308175719,
                23.256168874702947
              ],
              [
                72.17822427485449,
                23.255637674523264
              ],
              [
                72.1784832629688,
                23.255397357195715
              ],
              [
                72.17990174665226,
                23.2542989425408
              ],
              [
                72.17997056882898,
                23.253901304483772
              ],
              [
                72.18013060157885,
                23.253397680105333
              ],
              [
                72.18026161209733,
                23.25287873150888
              ],
              [
                72.18054298135301,
                23.252930064332915
              ],
              [
                72.18124861363007,
                23.25273111350869
              ],
              [
                72.1813409262679,
                23.252357734625555
              ],
              [
                72.1817507519128,
                23.25193171183925
              ],
              [
                72.18209187254446,
                23.251487877617063
              ],
              [
                72.18279251215027,
                23.250894409104987
              ],
              [
                72.18288762182229,
                23.250412429299573
              ],
              [
                72.1830351604156,
                23.24999154440988
              ],
              [
                72.18319158654758,
                23.24954768000916
              ],
              [
                72.18443056863747,
                23.24778061957142
              ],
              [
                72.18513116621041,
                23.2469173892119
              ],
              [
                72.18436086515942,
                23.246153315683618
              ],
              [
                72.18337416301935,
                23.245098056760256
              ],
              [
                72.18291798930755,
                23.24446828244406
              ],
              [
                72.18247121497711,
                23.243848208447236
              ],
              [
                72.18178220348693,
                23.24319034011193
              ],
              [
                72.18125929815129,
                23.242591718266794
              ],
              [
                72.18109817108801,
                23.24236672110702
              ],
              [
                72.18029980146659,
                23.241463452724055
              ],
              [
                72.18069161825503,
                23.240081773796078
              ],
              [
                72.18084195838445,
                23.2394900407246
              ],
              [
                72.181034116641,
                23.238963807355034
              ],
              [
                72.18144054810332,
                23.237833083192985
              ],
              [
                72.18157983056065,
                23.23759122840041
              ],
              [
                72.18196520425613,
                23.23665880776789
              ],
              [
                72.18207671019908,
                23.236380944492748
              ],
              [
                72.18239707238257,
                23.235721826823966
              ],
              [
                72.18258021629723,
                23.23530933199234
              ],
              [
                72.1828237963465,
                23.233996125229805
              ],
              [
                72.18293626060627,
                23.233453171306024
              ],
              [
                72.18299331676374,
                23.233001900303332
              ],
              [
                72.18322957713745,
                23.232142517255976
              ],
              [
                72.18336055113382,
                23.231540567088256
              ],
              [
                72.1834535332438,
                23.231155696323885
              ],
              [
                72.18355121445946,
                23.230858681363102
              ],
              [
                72.18359044618026,
                23.23053791298934
              ],
              [
                72.18376659479803,
                23.229765363014234
              ],
              [
                72.18384161356536,
                23.22943029150782
              ],
              [
                72.18421847798726,
                23.22731005910803
              ],
              [
                72.18479841402174,
                23.224550076575913
              ],
              [
                72.18496137438832,
                23.22250186759285
              ],
              [
                72.18505218981986,
                23.21999345483236
              ],
              [
                72.18491893186206,
                23.218142161872766
              ],
              [
                72.18504959562709,
                23.217212804069476
              ],
              [
                72.1849433717697,
                23.214081001262123
              ],
              [
                72.18219984431578,
                23.21233089991497
              ],
              [
                72.17987222718699,
                23.210800381412533
              ],
              [
                72.17944174544411,
                23.21049238556136
              ],
              [
                72.17759108046569,
                23.209410549706423
              ],
              [
                72.17571226302029,
                23.208382575746512
              ],
              [
                72.17544398771261,
                23.208032178244157
              ],
              [
                72.17464943732959,
                23.205980889252157
              ],
              [
                72.1727633836827,
                23.20225497992013
              ],
              [
                72.17264949813679,
                23.202007023110298
              ],
              [
                72.17144457928352,
                23.199383602216567
              ],
              [
                72.17118577350932,
                23.19899918257399
              ],
              [
                72.17087218749994,
                23.19853338810921
              ],
              [
                72.17064482482984,
                23.19833264001446
              ],
              [
                72.16957901605252,
                23.198079276405235
              ],
              [
                72.16913499279624,
                23.1979737213948
              ],
              [
                72.16768097158278,
                23.197682216675677
              ],
              [
                72.16804435796831,
                23.196783286689552
              ],
              [
                72.16855311254461,
                23.19529238022442
              ],
              [
                72.16937415177837,
                23.19242496678094
              ],
              [
                72.16972452939648,
                23.191493086032906
              ],
              [
                72.17003469087093,
                23.18899134554529
              ],
              [
                72.17015204634326,
                23.186046242814257
              ],
              [
                72.17033089835797,
                23.184483038521094
              ],
              [
                72.17072407125754,
                23.183502636510937
              ],
              [
                72.17163246180753,
                23.182083001198606
              ],
              [
                72.17256960957519,
                23.17985327700597
              ],
              [
                72.17293415003927,
                23.17892465836927
              ],
              [
                72.17314094902167,
                23.178397861521162
              ],
              [
                72.17466748877972,
                23.176982320652204
              ],
              [
                72.1757129010741,
                23.17591299707327
              ],
              [
                72.17622990819265,
                23.17538416315707
              ],
              [
                72.176891217238,
                23.174754144684808
              ],
              [
                72.17905160844568,
                23.17341263203247
              ],
              [
                72.18243754560423,
                23.17151152828064
              ],
              [
                72.18342193936961,
                23.169238066353675
              ],
              [
                72.18592109983483,
                23.162085419229577
              ],
              [
                72.18620970752413,
                23.161597622813915
              ],
              [
                72.18617185293657,
                23.161231401181507
              ],
              [
                72.1858876235511,
                23.160815646641087
              ],
              [
                72.18546305481388,
                23.160043607423525
              ],
              [
                72.18522221389003,
                23.15960565593494
              ],
              [
                72.18463193334927,
                23.158224295175973
              ],
              [
                72.18428279159166,
                23.157228816890434
              ],
              [
                72.18425155027963,
                23.156254268418675
              ],
              [
                72.18434595764603,
                23.15476511527084
              ],
              [
                72.18421335639022,
                23.153734641801226
              ],
              [
                72.18392746512424,
                23.152350463642478
              ],
              [
                72.18434364548989,
                23.15164788745292
              ],
              [
                72.18524228607589,
                23.150467472710037
              ],
              [
                72.18605107324768,
                23.147544054904678
              ],
              [
                72.18627444762991,
                23.146564134812824
              ],
              [
                72.18665000308998,
                23.1458733047951
              ],
              [
                72.1878705583646,
                23.144146847479835
              ],
              [
                72.18658170079618,
                23.144103747356358
              ],
              [
                72.1861597176953,
                23.143989862893562
              ],
              [
                72.18570846523126,
                23.143948251329665
              ],
              [
                72.18438342900608,
                23.143760334144428
              ],
              [
                72.183824793444,
                23.143609070333678
              ],
              [
                72.18326965741677,
                23.14345875234176
              ],
              [
                72.18303187783046,
                23.14326670816234
              ],
              [
                72.18240913267393,
                23.143257781058708
              ],
              [
                72.17945917651184,
                23.142977130476776
              ],
              [
                72.17395586250248,
                23.14253749215019
              ],
              [
                72.17235442887653,
                23.142219978455287
              ],
              [
                72.1684217417791,
                23.14111851110444
              ],
              [
                72.16668612038617,
                23.140877030912986
              ],
              [
                72.16558214142132,
                23.1408362169442
              ],
              [
                72.16350702138662,
                23.14075949842821
              ],
              [
                72.16184628833639,
                23.140268205396637
              ],
              [
                72.1617955443376,
                23.137798630587948
              ],
              [
                72.16403269346591,
                23.13732821029604
              ],
              [
                72.16394250386385,
                23.134187995215733
              ],
              [
                72.16394246489423,
                23.133492894146737
              ],
              [
                72.16394232984622,
                23.13112619436238
              ],
              [
                72.16363378280332,
                23.12755512829557
              ],
              [
                72.16189889367111,
                23.127387398397627
              ],
              [
                72.1617446896243,
                23.12630506299302
              ],
              [
                72.16152244890984,
                23.122129765419448
              ],
              [
                72.16170161673337,
                23.120395985717117
              ],
              [
                72.16157560554245,
                23.119176770420797
              ],
              [
                72.16117319611827,
                23.116172642016963
              ],
              [
                72.15930329899716,
                23.115186364784996
              ],
              [
                72.15782613511038,
                23.115294692322657
              ],
              [
                72.15674959770516,
                23.115372936632568
              ],
              [
                72.15559768202944,
                23.115461118102296
              ],
              [
                72.15637723995353,
                23.113278734899986
              ],
              [
                72.15440320503548,
                23.11294641633761
              ],
              [
                72.15555795052303,
                23.1109078797658
              ],
              [
                72.15768260217114,
                23.110228887046226
              ],
              [
                72.15803325887154,
                23.11008052591095
              ],
              [
                72.16028631323412,
                23.109127267061
              ],
              [
                72.15997948484983,
                23.10780264914858
              ],
              [
                72.15949502742204,
                23.10571115698383
              ],
              [
                72.15986841392733,
                23.10571909041712
              ],
              [
                72.16216937046038,
                23.105767923186924
              ],
              [
                72.1669577834311,
                23.105869551084147
              ],
              [
                72.16907421417183,
                23.106070705446747
              ],
              [
                72.17104902892017,
                23.10614004418741
              ],
              [
                72.17377285099681,
                23.10635393459219
              ],
              [
                72.1769803874287,
                23.106398982197863
              ],
              [
                72.1802298880778,
                23.106243229387143
              ],
              [
                72.18432205113669,
                23.10666017841178
              ],
              [
                72.1860712832862,
                23.10683840673067
              ],
              [
                72.18637494099599,
                23.10684086536494
              ],
              [
                72.19118823448822,
                23.10687974669148
              ],
              [
                72.19151295804716,
                23.10744973891069
              ],
              [
                72.19497974328067,
                23.114479629753255
              ],
              [
                72.19553911207272,
                23.116707795238767
              ],
              [
                72.19462344488261,
                23.118260872583956
              ],
              [
                72.1944404369393,
                23.118735650037607
              ],
              [
                72.19554240965086,
                23.118898222072463
              ],
              [
                72.19728996018819,
                23.119269104282957
              ],
              [
                72.198389701064,
                23.11921943422891
              ],
              [
                72.20550900051377,
                23.119547342086953
              ],
              [
                72.21035408999727,
                23.1206485518904
              ],
              [
                72.21222841900263,
                23.12107448527995
              ],
              [
                72.21608859379161,
                23.121951688856658
              ],
              [
                72.21595536034789,
                23.122429031844586
              ],
              [
                72.2199658941271,
                23.12493452555322
              ],
              [
                72.22123575717166,
                23.12424992762387
              ],
              [
                72.22153456480208,
                23.124088375602554
              ],
              [
                72.22285228986071,
                23.12347789922508
              ],
              [
                72.22860523535785,
                23.121978092997264
              ],
              [
                72.22996560124137,
                23.12182161231198
              ],
              [
                72.23024634992936,
                23.122380045341753
              ],
              [
                72.23437306503422,
                23.121396423487667
              ],
              [
                72.23786827285069,
                23.12046809276967
              ],
              [
                72.23813877041353,
                23.12032817578082
              ],
              [
                72.23844438629551,
                23.12017009427143
              ],
              [
                72.23857221623982,
                23.119531073846233
              ],
              [
                72.24016228308503,
                23.117610994336125
              ],
              [
                72.24081242083221,
                23.117408981363244
              ],
              [
                72.24069981691582,
                23.116503974414936
              ],
              [
                72.24103009705574,
                23.11631653958469
              ],
              [
                72.24212603218672,
                23.1160281048211
              ],
              [
                72.24201434269696,
                23.11534724382348
              ],
              [
                72.24256244205431,
                23.114945124392094
              ],
              [
                72.24289700768146,
                23.114701361438634
              ],
              [
                72.24186539070342,
                23.112538138843583
              ],
              [
                72.2437410156958,
                23.112181871133405
              ],
              [
                72.24587443146453,
                23.111681946151116
              ],
              [
                72.24664604139022,
                23.11129018502939
              ],
              [
                72.24704642228546,
                23.111086902863516
              ],
              [
                72.24943775028355,
                23.109687097727914
              ],
              [
                72.25003052829014,
                23.109280646374923
              ],
              [
                72.25029524628415,
                23.109099067594787
              ],
              [
                72.2505553212429,
                23.108809093745712
              ],
              [
                72.251302421544,
                23.108089833181335
              ],
              [
                72.25168912266517,
                23.10766456832604
              ],
              [
                72.25255031323222,
                23.107558559547982
              ],
              [
                72.25305357403595,
                23.10747812977492
              ],
              [
                72.25407527344828,
                23.10731342245696
              ],
              [
                72.25449915195567,
                23.107245379325903
              ],
              [
                72.25555631953716,
                23.107052204490927
              ],
              [
                72.25603472843147,
                23.1069705002043
              ],
              [
                72.25700563018509,
                23.106821635679974
              ],
              [
                72.2576328514437,
                23.106752108908083
              ],
              [
                72.25788392025073,
                23.1064697815592
              ],
              [
                72.25816945130818,
                23.106110822935015
              ],
              [
                72.25852994473883,
                23.105586537138763
              ],
              [
                72.25869327218355,
                23.10534899918775
              ],
              [
                72.25925155114722,
                23.104510543641723
              ],
              [
                72.25953401881537,
                23.104119148102523
              ],
              [
                72.25972165214992,
                23.10372984708324
              ],
              [
                72.25982897624569,
                23.10329957075604
              ],
              [
                72.26002978533222,
                23.102655033391898
              ],
              [
                72.26014622966062,
                23.102331272362974
              ],
              [
                72.26041027794817,
                23.102081880053106
              ],
              [
                72.2608143441589,
                23.10190877253487
              ],
              [
                72.26117876286412,
                23.10168984312863
              ],
              [
                72.26138222672428,
                23.101243706908296
              ],
              [
                72.26127080532662,
                23.100979828382886
              ],
              [
                72.26113177850837,
                23.100719156597503
              ],
              [
                72.26084913454909,
                23.10035896206896
              ],
              [
                72.26060346270165,
                23.099963759524154
              ],
              [
                72.2603173047546,
                23.099495026480028
              ],
              [
                72.26012676119022,
                23.099178708806882
              ],
              [
                72.25987803011597,
                23.098890936128203
              ],
              [
                72.25973721428967,
                23.098478779771778
              ],
              [
                72.25971850973853,
                23.09791298872352
              ],
              [
                72.2596812344949,
                23.09744999982602
              ],
              [
                72.25971407467068,
                23.09698135334822
              ],
              [
                72.25974331370335,
                23.096489469265904
              ],
              [
                72.25973220073725,
                23.095921760972562
              ],
              [
                72.25970037965219,
                23.095576628218662
              ],
              [
                72.25962885769886,
                23.095312470803954
              ],
              [
                72.25943043220018,
                23.094961168488705
              ],
              [
                72.25916197968138,
                23.094530222555758
              ],
              [
                72.25887739078011,
                23.09411920315963
              ],
              [
                72.25864953958859,
                23.093717986360772
              ],
              [
                72.25849504700614,
                23.093424248649704
              ],
              [
                72.25834353581247,
                23.093038443764392
              ],
              [
                72.25825366962202,
                23.092789490289285
              ],
              [
                72.25814846082831,
                23.09250517531119
              ],
              [
                72.25798193150067,
                23.092162410184212
              ],
              [
                72.25786605317208,
                23.09180608327796
              ],
              [
                72.25776530584665,
                23.091362917519074
              ],
              [
                72.2576426076023,
                23.090911719232
              ],
              [
                72.25754147723555,
                23.090516948145048
              ],
              [
                72.2573843099315,
                23.08989108627844
              ],
              [
                72.25731372494494,
                23.089569341022404
              ],
              [
                72.25715934312421,
                23.088980506835924
              ],
              [
                72.25704305897041,
                23.08863107304542
              ],
              [
                72.25686513684622,
                23.088144787299207
              ],
              [
                72.25672788618654,
                23.087812730622232
              ],
              [
                72.25665764140145,
                23.087359590185265
              ],
              [
                72.25733555234908,
                23.08727420410445
              ],
              [
                72.25775510453839,
                23.08721717022244
              ],
              [
                72.25809197726588,
                23.08715482316121
              ],
              [
                72.25869137230028,
                23.08710342754079
              ],
              [
                72.25916626530989,
                23.087037673904977
              ],
              [
                72.25954455919918,
                23.087003894885047
              ],
              [
                72.2606446372252,
                23.086859282018228
              ],
              [
                72.26101187522633,
                23.086801879820158
              ],
              [
                72.2616409380202,
                23.086741658107222
              ],
              [
                72.2621354293903,
                23.086681504923646
              ],
              [
                72.26249580614261,
                23.08663871530352
              ],
              [
                72.26298820020654,
                23.08658884840789
              ],
              [
                72.26339436873057,
                23.08654725575041
              ],
              [
                72.26389147848232,
                23.086484925580752
              ],
              [
                72.26442653989014,
                23.08641299537993
              ],
              [
                72.26490639429939,
                23.08634747731307
              ],
              [
                72.2653386344795,
                23.086286455237218
              ],
              [
                72.26580385439848,
                23.086215580431947
              ],
              [
                72.26618490366492,
                23.086177313411646
              ],
              [
                72.2666203369572,
                23.086146421648454
              ],
              [
                72.26698563286843,
                23.08607968483191
              ],
              [
                72.26739152461599,
                23.08604267753982
              ],
              [
                72.26780694636675,
                23.086013069824727
              ],
              [
                72.26830378002217,
                23.08595532230206
              ],
              [
                72.26872138288667,
                23.085888933273967
              ],
              [
                72.26909868950759,
                23.085829721819945
              ],
              [
                72.26967420472677,
                23.085789798811682
              ],
              [
                72.2700603567811,
                23.085749477909175
              ],
              [
                72.27054173625181,
                23.085700158785013
              ],
              [
                72.27103305209101,
                23.0856513420256
              ],
              [
                72.27141172113572,
                23.085569139844836
              ],
              [
                72.27176227198298,
                23.08554083412026
              ],
              [
                72.27219226345005,
                23.085433571005325
              ],
              [
                72.27259927396426,
                23.085391865035422
              ],
              [
                72.27330528288644,
                23.085280301902042
              ],
              [
                72.27382488014517,
                23.085216776458015
              ],
              [
                72.27428263839691,
                23.085145497258015
              ],
              [
                72.27475448452614,
                23.085088763700938
              ],
              [
                72.27524191933121,
                23.085021294926644
              ],
              [
                72.27590959552087,
                23.084939920460812
              ],
              [
                72.27633107038459,
                23.084892151846045
              ],
              [
                72.27733880874185,
                23.08479114722928
              ],
              [
                72.27786129644463,
                23.084720837744516
              ],
              [
                72.27875059863602,
                23.084599977951644
              ],
              [
                72.2790619386542,
                23.084560448537225
              ],
              [
                72.27928092310111,
                23.08431334983637
              ],
              [
                72.27957213421494,
                23.08394081157812
              ],
              [
                72.27991051433553,
                23.083529169774604
              ],
              [
                72.28022989935307,
                23.08318572521079
              ],
              [
                72.28058209265242,
                23.082793226450534
              ],
              [
                72.28086778094793,
                23.08242962761106
              ],
              [
                72.28148406664265,
                23.081650645920398
              ],
              [
                72.2817494121347,
                23.081344687493665
              ],
              [
                72.28272781885977,
                23.080140158880017
              ],
              [
                72.28267235692095,
                23.07981458506835
              ],
              [
                72.28265984842007,
                23.079352863269303
              ],
              [
                72.28266966625725,
                23.078850775631746
              ],
              [
                72.28265043365712,
                23.07791378850277
              ],
              [
                72.28263050603258,
                23.077493188888223
              ],
              [
                72.28264944270624,
                23.077005395563724
              ],
              [
                72.28267853625316,
                23.076093916234086
              ],
              [
                72.28264162190095,
                23.074782555043672
              ],
              [
                72.28258755691066,
                23.07342421476414
              ],
              [
                72.28256826262977,
                23.072404232078746
              ],
              [
                72.28255204109051,
                23.071080085093545
              ],
              [
                72.28255827303282,
                23.070295454508603
              ],
              [
                72.28256284017301,
                23.069720426233843
              ],
              [
                72.28253618961043,
                23.068824565091425
              ],
              [
                72.28256494389139,
                23.067834683839873
              ],
              [
                72.28254877677833,
                23.066930133145718
              ],
              [
                72.28242298782531,
                23.066488025441384
              ],
              [
                72.28259772278514,
                23.06608306228391
              ],
              [
                72.28289960137354,
                23.065739882862605
              ],
              [
                72.28295186258256,
                23.065341388646466
              ],
              [
                72.28298175783888,
                23.064752712288733
              ],
              [
                72.28292628839428,
                23.064317685049932
              ],
              [
                72.2827996369753,
                23.06374752646292
              ],
              [
                72.28240376539246,
                23.06344848449128
              ],
              [
                72.28197348972154,
                23.063267580027407
              ],
              [
                72.28152480853745,
                23.063018882463588
              ],
              [
                72.2812180622204,
                23.062687473846324
              ],
              [
                72.28097120761457,
                23.062354491131806
              ],
              [
                72.28080836879485,
                23.061991192171234
              ],
              [
                72.28068118762003,
                23.061698864041794
              ],
              [
                72.28053416452283,
                23.061254343514975
              ],
              [
                72.28043075408459,
                23.060837755355546
              ],
              [
                72.28037674125848,
                23.060403897313247
              ],
              [
                72.28033590240415,
                23.05987387958082
              ],
              [
                72.28034721693145,
                23.059514807532455
              ],
              [
                72.28048109392289,
                23.0591896177953
              ],
              [
                72.28081274165817,
                23.058722306458765
              ],
              [
                72.28152229500967,
                23.058015960614977
              ],
              [
                72.2817076493581,
                23.057704908381623
              ],
              [
                72.28252648417595,
                23.05700410370565
              ],
              [
                72.28285563004175,
                23.056704959463058
              ],
              [
                72.28313335833357,
                23.056474672773387
              ],
              [
                72.28340802240797,
                23.056211953533662
              ],
              [
                72.28370975384115,
                23.055975968334824
              ],
              [
                72.28408913381121,
                23.05569089531378
              ],
              [
                72.28469109206144,
                23.05524420513107
              ],
              [
                72.28509981474483,
                23.054905285681873
              ],
              [
                72.28584280438085,
                23.05430666881809
              ],
              [
                72.28620960070144,
                23.054002510546397
              ],
              [
                72.28694924587158,
                23.053376052573213
              ],
              [
                72.28741630925006,
                23.053019340161327
              ],
              [
                72.28810347478097,
                23.052353330631757
              ],
              [
                72.28839925040178,
                23.051944127201843
              ],
              [
                72.28857457580236,
                23.051549565204393
              ],
              [
                72.28860376339368,
                23.051140679660282
              ],
              [
                72.28859429805436,
                23.050711392157567
              ],
              [
                72.28878135976012,
                23.050328950308796
              ],
              [
                72.28900550787678,
                23.049909200359455
              ],
              [
                72.28918395621723,
                23.049461772113702
              ],
              [
                72.289388773953,
                23.04903181928744
              ],
              [
                72.28921776332432,
                23.048638144096053
              ],
              [
                72.28936882229165,
                23.048274629889328
              ],
              [
                72.28949762950637,
                23.04786618217086
              ],
              [
                72.28956914155607,
                23.047583933200603
              ],
              [
                72.28963044724983,
                23.04730577946592
              ],
              [
                72.28967984261685,
                23.04697630407177
              ],
              [
                72.28973689168964,
                23.046559606884767
              ],
              [
                72.28981932027652,
                23.046134977469777
              ],
              [
                72.29002919590647,
                23.04570739345222
              ],
              [
                72.29028174669713,
                23.045393017095005
              ],
              [
                72.29043258031187,
                23.045096347498337
              ],
              [
                72.2904502820175,
                23.044769799818766
              ],
              [
                72.29029430602861,
                23.04425477574445
              ],
              [
                72.29010648817913,
                23.043724229341702
              ],
              [
                72.29010135339848,
                23.04341811738111
              ],
              [
                72.29030911266895,
                23.04316275556916
              ],
              [
                72.29084187555475,
                23.042692672262934
              ],
              [
                72.29138147328976,
                23.04221655517369
              ],
              [
                72.29172862388188,
                23.041906780036857
              ],
              [
                72.29208924750436,
                23.04153774396743
              ],
              [
                72.29234841634586,
                23.04128345077689
              ],
              [
                72.29270713141702,
                23.040946595030917
              ],
              [
                72.2929556211985,
                23.040788585429926
              ],
              [
                72.29347906556471,
                23.040446240477824
              ],
              [
                72.29383458415674,
                23.040247544038856
              ],
              [
                72.2940904858771,
                23.04004841029348
              ],
              [
                72.29434025849253,
                23.039784415540044
              ],
              [
                72.2947102562306,
                23.0394250715047
              ],
              [
                72.29508964422168,
                23.03907542583192
              ],
              [
                72.29530251164199,
                23.03884885869131
              ],
              [
                72.29567366057839,
                23.039090799559
              ],
              [
                72.29599804118403,
                23.039384255699023
              ],
              [
                72.29631181205622,
                23.03972290802478
              ],
              [
                72.29674650318452,
                23.040123012785806
              ],
              [
                72.29739466595969,
                23.04070452853341
              ],
              [
                72.29781948474789,
                23.041073361306342
              ],
              [
                72.29807706151826,
                23.041296992740868
              ],
              [
                72.29883493629852,
                23.042045435020587
              ],
              [
                72.29913789678622,
                23.042314370041538
              ],
              [
                72.29947950961959,
                23.042603702700802
              ],
              [
                72.3000770340221,
                23.043157283780683
              ],
              [
                72.30075547644118,
                23.043774895936703
              ],
              [
                72.30143988083357,
                23.044418168626287
              ],
              [
                72.30176497222129,
                23.04473432410243
              ],
              [
                72.30215661960868,
                23.045104568715374
              ],
              [
                72.30249797568311,
                23.045398493647152
              ],
              [
                72.30293479809144,
                23.04567880412544
              ],
              [
                72.3037549319387,
                23.045964677667403
              ],
              [
                72.30481800991478,
                23.04635505393913
              ],
              [
                72.3059092715592,
                23.04677451285235
              ],
              [
                72.30674603147915,
                23.047116539951528
              ],
              [
                72.30732855667388,
                23.047376542332557
              ],
              [
                72.3084063691892,
                23.047855242322456
              ],
              [
                72.30910801549511,
                23.04829186356844
              ],
              [
                72.3098019840403,
                23.04877419990974
              ],
              [
                72.31020639794708,
                23.049181952043824
              ],
              [
                72.31061008481691,
                23.04968649598875
              ],
              [
                72.31102894791884,
                23.050187194252928
              ],
              [
                72.31242928402196,
                23.051364567261473
              ],
              [
                72.31310340986121,
                23.051845881676787
              ],
              [
                72.31392548785196,
                23.052353116065394
              ],
              [
                72.31574999286259,
                23.053351317306166
              ],
              [
                72.31629839081225,
                23.053641675893033
              ],
              [
                72.31676289962449,
                23.05383359255421
              ],
              [
                72.31711833663847,
                23.054016381806587
              ],
              [
                72.31809221252446,
                23.05444249990519
              ],
              [
                72.32059141146783,
                23.055322556778492
              ],
              [
                72.32215506911933,
                23.055696889442714
              ],
              [
                72.3229721799902,
                23.0557608717125
              ],
              [
                72.32298284049408,
                23.056171772697226
              ],
              [
                72.32291119536183,
                23.057022056040257
              ],
              [
                72.3226346607237,
                23.06030391409753
              ],
              [
                72.3226050017724,
                23.06148277774995
              ],
              [
                72.32257514727063,
                23.062666251743703
              ],
              [
                72.32235619535594,
                23.06435197280192
              ],
              [
                72.32233366264018,
                23.065232717927323
              ],
              [
                72.32241320326831,
                23.0656586322246
              ],
              [
                72.32276966159338,
                23.068094911265693
              ],
              [
                72.32251700169992,
                23.06830232525541
              ],
              [
                72.32228791649662,
                23.068553581908642
              ],
              [
                72.32203466763502,
                23.06879208900759
              ],
              [
                72.32172138990558,
                23.06916127965919
              ],
              [
                72.32151106534687,
                23.069508713806766
              ],
              [
                72.32129641156291,
                23.06973462380927
              ],
              [
                72.32082368969363,
                23.070187981594458
              ],
              [
                72.32052603439527,
                23.070461131909248
              ],
              [
                72.32013479085919,
                23.070842522521367
              ],
              [
                72.31974363166383,
                23.071306910269747
              ],
              [
                72.3194264021748,
                23.07173268456077
              ],
              [
                72.3189655096312,
                23.072225342955136
              ],
              [
                72.31786296542565,
                23.073452812356106
              ],
              [
                72.31756629010043,
                23.073751368272976
              ],
              [
                72.31722552563956,
                23.074121466649906
              ],
              [
                72.31689776504093,
                23.074524501142875
              ],
              [
                72.31659367676295,
                23.07486417524189
              ],
              [
                72.31628542990951,
                23.075189809238065
              ],
              [
                72.3159625482492,
                23.075510090881142
              ],
              [
                72.31555392732736,
                23.07593208976975
              ],
              [
                72.31525588369063,
                23.076253627530356
              ],
              [
                72.31494239046502,
                23.07658360312524
              ],
              [
                72.31450286803326,
                23.077022483518157
              ],
              [
                72.31427429576844,
                23.077264532515734
              ],
              [
                72.31394896114051,
                23.07762618450155
              ],
              [
                72.31360763246764,
                23.07800547184906
              ],
              [
                72.31324281835158,
                23.078360517084146
              ],
              [
                72.3129268727788,
                23.078731862267567
              ],
              [
                72.31261309622379,
                23.079066432099076
              ],
              [
                72.31233409885502,
                23.079402757945072
              ],
              [
                72.31203503889334,
                23.079690822823544
              ],
              [
                72.31169470269842,
                23.080103571062406
              ],
              [
                72.31132354967242,
                23.08048134687328
              ],
              [
                72.3110582834536,
                23.08075381188252
              ],
              [
                72.31069760719623,
                23.081122892472425
              ],
              [
                72.31020006493243,
                23.08153030189462
              ],
              [
                72.309866852035,
                23.081772532766674
              ],
              [
                72.30945612726948,
                23.082060697514223
              ],
              [
                72.30915707659888,
                23.08223001350763
              ],
              [
                72.30878076124152,
                23.08244360932921
              ],
              [
                72.30828557722324,
                23.08272542740696
              ],
              [
                72.30781378164485,
                23.082950558318426
              ],
              [
                72.30735878963873,
                23.083144264721277
              ],
              [
                72.30687976896718,
                23.083322921476384
              ],
              [
                72.30640408425397,
                23.08352941027144
              ],
              [
                72.3060724571447,
                23.083701685862913
              ],
              [
                72.30569298601462,
                23.083924565268116
              ],
              [
                72.30553579323364,
                23.084223237900925
              ],
              [
                72.30539399633741,
                23.084598765420072
              ],
              [
                72.30524877824358,
                23.084863459736805
              ],
              [
                72.30513549225641,
                23.085178186095987
              ],
              [
                72.30502798673923,
                23.085479369614127
              ],
              [
                72.3049896804332,
                23.085832468348002
              ],
              [
                72.30496897919771,
                23.08626714654696
              ],
              [
                72.30498845590574,
                23.08657014184651
              ],
              [
                72.30502550500654,
                23.08720831267801
              ],
              [
                72.30513223243537,
                23.087679405253912
              ],
              [
                72.30520545860841,
                23.08804275311389
              ],
              [
                72.30530578054535,
                23.088453583943235
              ],
              [
                72.30541571536119,
                23.088954808727692
              ],
              [
                72.30550812248858,
                23.08945745331112
              ],
              [
                72.30558670873287,
                23.089940954747444
              ],
              [
                72.30566766957341,
                23.090595179601543
              ],
              [
                72.30564463854776,
                23.0909006359868
              ],
              [
                72.3056548961141,
                23.09123313712216
              ],
              [
                72.3056891059423,
                23.091497684771472
              ],
              [
                72.30569656678946,
                23.091793155300845
              ],
              [
                72.30568885146113,
                23.092092471007092
              ],
              [
                72.30570866472013,
                23.092600665034926
              ],
              [
                72.3057157436229,
                23.093071329594807
              ],
              [
                72.30571587308455,
                23.093490925746067
              ],
              [
                72.30574869285309,
                23.09403205323224
              ],
              [
                72.3057397532175,
                23.094527632417726
              ],
              [
                72.30568444562643,
                23.09554116481959
              ],
              [
                72.30575718152159,
                23.09625030184807
              ],
              [
                72.30582047450719,
                23.0966131490647
              ],
              [
                72.3059729783388,
                23.096863564529542
              ],
              [
                72.3062079133722,
                23.097310536702537
              ],
              [
                72.30641784555847,
                23.097722292999524
              ],
              [
                72.30666861936616,
                23.098117674501438
              ],
              [
                72.3069707214289,
                23.09848798313549
              ],
              [
                72.30727480596796,
                23.098909112031173
              ],
              [
                72.30752441855685,
                23.099239880126834
              ],
              [
                72.30851595604851,
                23.100258281767516
              ],
              [
                72.30885673699572,
                23.1006489846688
              ],
              [
                72.30912514788444,
                23.100999141420463
              ],
              [
                72.30945843717686,
                23.101347968780036
              ],
              [
                72.30978955615396,
                23.101733572065395
              ],
              [
                72.3100670982814,
                23.10209802179848
              ],
              [
                72.31035666947271,
                23.10234319619135
              ],
              [
                72.31080057037776,
                23.102591560903264
              ],
              [
                72.31115529335943,
                23.102830804418268
              ],
              [
                72.3114692540401,
                23.103024366431722
              ],
              [
                72.31230484837911,
                23.10362200752127
              ],
              [
                72.31355335267385,
                23.10451042034386
              ],
              [
                72.31384013714344,
                23.104718560449975
              ],
              [
                72.31434459007782,
                23.10503913199608
              ],
              [
                72.31477278577289,
                23.105300522580908
              ],
              [
                72.31516529371778,
                23.105490947590486
              ],
              [
                72.31557307126448,
                23.10576052433166
              ],
              [
                72.31600226985887,
                23.105920522581208
              ],
              [
                72.31665556312757,
                23.105999617463045
              ],
              [
                72.31708332156305,
                23.10609959954924
              ],
              [
                72.31742875875688,
                23.10628533455664
              ],
              [
                72.31772594319588,
                23.106528574747283
              ],
              [
                72.31817366974336,
                23.106712556000012
              ],
              [
                72.31872811236771,
                23.106904227414496
              ],
              [
                72.31910328522106,
                23.10700846618975
              ],
              [
                72.31948333612962,
                23.107156751799405
              ],
              [
                72.32007437889868,
                23.107361791561242
              ],
              [
                72.32037708392272,
                23.107469284809056
              ],
              [
                72.32079436723438,
                23.10757794901113
              ],
              [
                72.32119836766381,
                23.107658277023255
              ],
              [
                72.3216485438352,
                23.107674075769616
              ],
              [
                72.32213188305072,
                23.107719210282553
              ],
              [
                72.32253845995905,
                23.107755862238214
              ],
              [
                72.32294544669811,
                23.107760323768687
              ],
              [
                72.32326599873633,
                23.1078017860267
              ],
              [
                72.32397551067639,
                23.10789982461886
              ],
              [
                72.3245771310566,
                23.10792555957516
              ],
              [
                72.32515697767009,
                23.10798246846512
              ],
              [
                72.32562333031184,
                23.10801982070266
              ],
              [
                72.32609022523066,
                23.10804797544792
              ],
              [
                72.32662561473914,
                23.108098026808317
              ],
              [
                72.32756528068425,
                23.108223790253323
              ],
              [
                72.32804347171933,
                23.108229455571298
              ],
              [
                72.32854018676501,
                23.10825910621538
              ],
              [
                72.3289545799031,
                23.108247721816937
              ],
              [
                72.32959153530395,
                23.108265994760682
              ],
              [
                72.33019369998748,
                23.10828251513434
              ],
              [
                72.33110372878197,
                23.108319156236817
              ],
              [
                72.33153610688738,
                23.10834094567265
              ],
              [
                72.3320695072375,
                23.108340155367472
              ],
              [
                72.33255429095851,
                23.108318475957613
              ],
              [
                72.33303329467665,
                23.108310334236844
              ],
              [
                72.33349377151092,
                23.10827820376735
              ],
              [
                72.3339738567747,
                23.108251669614585
              ],
              [
                72.33452260835564,
                23.1081594307171
              ],
              [
                72.33492904270481,
                23.1080715506923
              ],
              [
                72.33530302407355,
                23.107857541639348
              ],
              [
                72.33586591386904,
                23.107469570627266
              ],
              [
                72.33631888407903,
                23.107281634271917
              ],
              [
                72.33651780976281,
                23.107043386571256
              ],
              [
                72.3367523849611,
                23.106860828238013
              ],
              [
                72.33719041144018,
                23.10653246416688
              ],
              [
                72.33952713424354,
                23.104685913171128
              ],
              [
                72.34163291938879,
                23.102781597758867
              ],
              [
                72.341949754444,
                23.102479397924057
              ],
              [
                72.34233433627912,
                23.10204228372679
              ],
              [
                72.34263923298685,
                23.101688764589323
              ],
              [
                72.34295136481364,
                23.10138171553824
              ],
              [
                72.3440208050009,
                23.10023210979809
              ],
              [
                72.34432677521775,
                23.09986019610839
              ],
              [
                72.34463241183147,
                23.09966347780474
              ],
              [
                72.34484000789531,
                23.09943877093125
              ],
              [
                72.34507302266114,
                23.099120821578904
              ],
              [
                72.34530187453534,
                23.098788831226226
              ],
              [
                72.34554161317946,
                23.09844124793807
              ],
              [
                72.34583536767099,
                23.09802261262125
              ],
              [
                72.34608331351359,
                23.097620114551543
              ],
              [
                72.34661317689309,
                23.096830657566592
              ],
              [
                72.34686419814443,
                23.096460587429487
              ],
              [
                72.34741375668416,
                23.095590279358138
              ],
              [
                72.34757568950512,
                23.095124664725983
              ],
              [
                72.34763989225766,
                23.094710619913222
              ],
              [
                72.34767522450151,
                23.094278981861347
              ],
              [
                72.34767604143607,
                23.09384099995712
              ],
              [
                72.34770191851781,
                23.09357026655695
              ],
              [
                72.34776377473167,
                23.09294170125475
              ],
              [
                72.347842372901,
                23.092452301719216
              ],
              [
                72.34798163139838,
                23.09169391455782
              ],
              [
                72.34808177644807,
                23.091431525271233
              ],
              [
                72.34816420430928,
                23.091131360946093
              ],
              [
                72.3483316775939,
                23.090740950089515
              ],
              [
                72.34871206908618,
                23.090416576299983
              ],
              [
                72.34900979030641,
                23.09031166644119
              ],
              [
                72.34950999387243,
                23.090365636311613
              ],
              [
                72.34989693183931,
                23.090566063318455
              ],
              [
                72.35069224829635,
                23.090262544340856
              ],
              [
                72.35115875718166,
                23.090041625850265
              ],
              [
                72.35156682452063,
                23.089882320079944
              ],
              [
                72.35207654907596,
                23.08969972311391
              ],
              [
                72.35246959075198,
                23.0895311695717
              ],
              [
                72.35295154337759,
                23.089301799810645
              ],
              [
                72.35338029256694,
                23.08912969677326
              ],
              [
                72.35387471903734,
                23.088942448534414
              ],
              [
                72.3543356946347,
                23.08874646154748
              ],
              [
                72.35463120705323,
                23.088620822101838
              ],
              [
                72.35497042760537,
                23.08848801586627
              ],
              [
                72.35546652517246,
                23.088314680663828
              ],
              [
                72.35587415292505,
                23.088247553294924
              ],
              [
                72.35629034792477,
                23.08828921157492
              ],
              [
                72.35674103435674,
                23.088422510280612
              ],
              [
                72.35722072694999,
                23.088571096818065
              ],
              [
                72.35766066867234,
                23.08871768509179
              ],
              [
                72.35816386013377,
                23.088890502451328
              ],
              [
                72.35856285762883,
                23.088970479765848
              ],
              [
                72.359108232094,
                23.089103916159686
              ],
              [
                72.35958484985544,
                23.089220065648178
              ],
              [
                72.35999093385618,
                23.089434106349078
              ],
              [
                72.36054729127973,
                23.089720243077345
              ],
              [
                72.36089925673274,
                23.089922345216866
              ],
              [
                72.36135076363523,
                23.090041837035642
              ],
              [
                72.3619008838344,
                23.09000951332188
              ],
              [
                72.36239822930402,
                23.089942262588163
              ],
              [
                72.36287246394946,
                23.089929182278322
              ],
              [
                72.36351954053156,
                23.089943214890965
              ],
              [
                72.36413130393045,
                23.089948288084912
              ],
              [
                72.36449351070328,
                23.08999209581967
              ],
              [
                72.36501890041853,
                23.090041513240248
              ],
              [
                72.36548813207719,
                23.090198767600512
              ],
              [
                72.36594257521362,
                23.09043827279011
              ],
              [
                72.36640896412145,
                23.090729095371586
              ],
              [
                72.36681129116207,
                23.09100748111566
              ],
              [
                72.36708992890902,
                23.091270440132927
              ],
              [
                72.36747989756803,
                23.09158969837791
              ],
              [
                72.36787818790397,
                23.091937038972958
              ],
              [
                72.36827151417604,
                23.092284127599523
              ],
              [
                72.36856572286277,
                23.092621638534634
              ],
              [
                72.3688889418166,
                23.092974433159977
              ],
              [
                72.36923069295948,
                23.093351207155003
              ],
              [
                72.36953057832972,
                23.09350687385253
              ],
              [
                72.36988561317632,
                23.093146598388785
              ],
              [
                72.37011026032141,
                23.092629932648222
              ],
              [
                72.37025161012902,
                23.092258941648634
              ],
              [
                72.37047100193901,
                23.091831920461747
              ],
              [
                72.37068233795767,
                23.091372224913048
              ],
              [
                72.37086089369276,
                23.09096159842455
              ],
              [
                72.37101756563294,
                23.090499160661587
              ],
              [
                72.37114723505712,
                23.09007225160312
              ],
              [
                72.37121726092926,
                23.08972765421354
              ],
              [
                72.37124961614072,
                23.08917270973333
              ],
              [
                72.37121551618118,
                23.08882155616752
              ],
              [
                72.37119787296805,
                23.08827199642983
              ],
              [
                72.37112904237596,
                23.087830524650784
              ],
              [
                72.37112873002718,
                23.087240334131668
              ],
              [
                72.37120493448343,
                23.086875297779606
              ],
              [
                72.3713114905112,
                23.08650256194013
              ],
              [
                72.37154357406358,
                23.085986269242103
              ],
              [
                72.37179658312422,
                23.085623180736093
              ],
              [
                72.37203595557757,
                23.085280154417024
              ],
              [
                72.37263598620552,
                23.084480304685925
              ],
              [
                72.37324673323084,
                23.08383775328714
              ],
              [
                72.37437810102293,
                23.083027645323533
              ],
              [
                72.37471582732478,
                23.082749485834075
              ],
              [
                72.37506323168991,
                23.082391122106007
              ],
              [
                72.3752207372518,
                23.082041685121435
              ],
              [
                72.37519204135972,
                23.08168061082355
              ],
              [
                72.3751751394914,
                23.08137087729148
              ],
              [
                72.375151171556,
                23.08093162719076
              ],
              [
                72.3755359309479,
                23.080914021114477
              ],
              [
                72.3763551376635,
                23.080881301481785
              ],
              [
                72.37748738508981,
                23.080864260188626
              ],
              [
                72.37856537103826,
                23.080922870780007
              ],
              [
                72.37949617178556,
                23.08094183127446
              ],
              [
                72.3798355549184,
                23.080935176846275
              ],
              [
                72.38101787692767,
                23.08091199177459
              ],
              [
                72.38165631940562,
                23.080902467447334
              ],
              [
                72.38210084478482,
                23.08080023602148
              ],
              [
                72.3825888850326,
                23.08063563196226
              ],
              [
                72.3830471099308,
                23.08046953365961
              ],
              [
                72.38352951297384,
                23.080230873054834
              ],
              [
                72.38390421101764,
                23.079959154384923
              ],
              [
                72.38425486873413,
                23.079672402257025
              ],
              [
                72.38459599418606,
                23.079292956412843
              ],
              [
                72.38484210870571,
                23.078876481436303
              ],
              [
                72.38443018677937,
                23.078378654764396
              ],
              [
                72.38401960534468,
                23.078028436737146
              ],
              [
                72.38350164514377,
                23.077756896688847
              ],
              [
                72.38324765219025,
                23.077551776893827
              ],
              [
                72.3829656566687,
                23.077261017010546
              ],
              [
                72.38277792889126,
                23.07706257990268
              ],
              [
                72.3825753073436,
                23.076692799767343
              ],
              [
                72.3823675867775,
                23.07623977220102
              ],
              [
                72.38220471802798,
                23.075871982940637
              ],
              [
                72.38212068182138,
                23.075434367736356
              ],
              [
                72.38203295160457,
                23.075017318224226
              ],
              [
                72.38195865504807,
                23.074541002842683
              ],
              [
                72.38193854745248,
                23.07403281741473
              ],
              [
                72.38193911899496,
                23.07351183743279
              ],
              [
                72.38158769202124,
                23.073471185569865
              ],
              [
                72.38104706536467,
                23.07325738008805
              ],
              [
                72.38125833888834,
                23.0727123705712
              ],
              [
                72.38139735818962,
                23.072295147892586
              ],
              [
                72.38149112000572,
                23.071884880904523
              ],
              [
                72.38150753563394,
                23.071433852442006
              ],
              [
                72.38150018322584,
                23.070963193860376
              ],
              [
                72.3814524117994,
                23.070502037736002
              ],
              [
                72.38147889776053,
                23.07004920837767
              ],
              [
                72.3815194774124,
                23.069696216674384
              ],
              [
                72.38156852214581,
                23.069283710444722
              ],
              [
                72.3815656002735,
                23.06882249429112
              ],
              [
                72.38155691538485,
                23.068204225553487
              ],
              [
                72.38153868054653,
                23.067834456530502
              ],
              [
                72.38147868672665,
                23.067411878083114
              ],
              [
                72.38130873759583,
                23.066739427345066
              ],
              [
                72.38120402912578,
                23.06631461118241
              ],
              [
                72.38108066627265,
                23.06578281290704
              ],
              [
                72.38105075240294,
                23.065357131127783
              ],
              [
                72.38101492537447,
                23.0650325875016
              ],
              [
                72.38103026698118,
                23.064599950175545
              ],
              [
                72.38111731415667,
                23.064134017252155
              ],
              [
                72.38120502810568,
                23.063741890889226
              ],
              [
                72.38134645615497,
                23.063283295029603
              ],
              [
                72.3816723682749,
                23.062993005007336
              ],
              [
                72.38171039075728,
                23.062683685931493
              ],
              [
                72.3815490243062,
                23.062205314570985
              ],
              [
                72.3813354420767,
                23.061512236191263
              ],
              [
                72.38116749588274,
                23.061061198707964
              ],
              [
                72.38112657301924,
                23.060653407480356
              ],
              [
                72.38143139661203,
                23.060382810972175
              ],
              [
                72.38191911656234,
                23.05988161745612
              ],
              [
                72.38246698618809,
                23.05937421167183
              ],
              [
                72.38280644206701,
                23.059192951134715
              ],
              [
                72.38316629396368,
                23.05917408367659
              ],
              [
                72.38395877977116,
                23.05908466171304
              ],
              [
                72.38494650158512,
                23.05889435345381
              ],
              [
                72.38501727748057,
                23.058621253690426
              ],
              [
                72.38516714751138,
                23.058103139923848
              ],
              [
                72.38529861969232,
                23.057644040631576
              ],
              [
                72.38548151941842,
                23.05715754843898
              ],
              [
                72.38558626464727,
                23.05681468327994
              ],
              [
                72.38563770162587,
                23.056531396852577
              ],
              [
                72.38622676166139,
                23.056085979411634
              ],
              [
                72.38680427135476,
                23.05566765022864
              ],
              [
                72.38734028417092,
                23.05536250528875
              ],
              [
                72.38800710212588,
                23.054965039749995
              ],
              [
                72.38794773768501,
                23.0545168756725
              ],
              [
                72.3878234205602,
                23.05391587744572
              ],
              [
                72.38749946368802,
                23.05272394288244
              ],
              [
                72.38723350912223,
                23.051733169486788
              ],
              [
                72.38779445959472,
                23.05219464663433
              ],
              [
                72.38816663905959,
                23.052476078018753
              ],
              [
                72.3887289419803,
                23.05274396907509
              ],
              [
                72.3893459290131,
                23.05301012547511
              ],
              [
                72.38972036256985,
                23.05317164730452
              ],
              [
                72.39088660572709,
                23.05384782145754
              ],
              [
                72.39143636703598,
                23.05437327139871
              ],
              [
                72.3918554868774,
                23.054661653617607
              ],
              [
                72.39293353556073,
                23.055056757768966
              ],
              [
                72.39320825104365,
                23.05513043436078
              ],
              [
                72.39527574635315,
                23.05573175768416
              ],
              [
                72.395762477595,
                23.055843692856076
              ],
              [
                72.39614313458192,
                23.05589499278953
              ],
              [
                72.39679125863981,
                23.055973496903224
              ],
              [
                72.39732511973072,
                23.056046285376
              ],
              [
                72.39732729102312,
                23.056521292792244
              ],
              [
                72.3973552549041,
                23.057237342322917
              ],
              [
                72.39785863753013,
                23.05723483548269
              ],
              [
                72.3985824910592,
                23.0572110704019
              ],
              [
                72.39934582213759,
                23.057193883273882
              ],
              [
                72.40038400535553,
                23.057162759880413
              ],
              [
                72.40102286563629,
                23.05714395808802
              ],
              [
                72.40146166283917,
                23.057138212862853
              ],
              [
                72.40193936900488,
                23.05715846898535
              ],
              [
                72.40301571794492,
                23.057146670483036
              ],
              [
                72.4030438227313,
                23.05760452780182
              ],
              [
                72.40308960703496,
                23.057963573888983
              ],
              [
                72.40303542020291,
                23.05849622543471
              ],
              [
                72.40304273477861,
                23.05890467924133
              ],
              [
                72.4031010754685,
                23.059613021345722
              ],
              [
                72.40316544110483,
                23.06013263037739
              ],
              [
                72.40320427248571,
                23.060406597366477
              ],
              [
                72.4032743951913,
                23.060742066807343
              ],
              [
                72.4032456905175,
                23.061063378601972
              ],
              [
                72.40320449447236,
                23.0613425701874
              ],
              [
                72.40308248169805,
                23.0618113758741
              ],
              [
                72.40299765889077,
                23.062240540630807
              ],
              [
                72.40290357777928,
                23.062743015540384
              ],
              [
                72.40291154130188,
                23.063204477952993
              ],
              [
                72.40294300722141,
                23.063690169966
              ],
              [
                72.4030829882443,
                23.064365703006395
              ],
              [
                72.40317848946067,
                23.06469321971767
              ],
              [
                72.40333604358946,
                23.065152931391744
              ],
              [
                72.40357356430309,
                23.065651214837054
              ],
              [
                72.40412406285591,
                23.0658239372679
              ],
              [
                72.40461754172503,
                23.065820913748293
              ],
              [
                72.40513720274367,
                23.06579614092949
              ],
              [
                72.40534311633974,
                23.066366614807936
              ],
              [
                72.40603487754956,
                23.06646385081648
              ],
              [
                72.40653298981404,
                23.066469812422273
              ],
              [
                72.40741609009532,
                23.066493139241377
              ],
              [
                72.40749676147266,
                23.066776109967716
              ],
              [
                72.40736414102584,
                23.0671706170788
              ],
              [
                72.4072850892182,
                23.067528034139734
              ],
              [
                72.40720175221176,
                23.06790482778266
              ],
              [
                72.40749852050159,
                23.067942692838233
              ],
              [
                72.4078984103248,
                23.06792115356316
              ],
              [
                72.40847097991632,
                23.067843681329077
              ],
              [
                72.40895518713096,
                23.067743354336177
              ],
              [
                72.4094038098068,
                23.06765508391114
              ],
              [
                72.41045225403126,
                23.067449193290745
              ],
              [
                72.41104293865453,
                23.067317289079657
              ],
              [
                72.41161562353119,
                23.06715220872638
              ],
              [
                72.41250197483822,
                23.066905946235046
              ],
              [
                72.41279764127086,
                23.066791596387738
              ],
              [
                72.41317694125927,
                23.066524651340927
              ],
              [
                72.41365370160531,
                23.066124248955294
              ],
              [
                72.41403729094321,
                23.065737157294514
              ],
              [
                72.41426320851157,
                23.06541232667798
              ],
              [
                72.41446402411428,
                23.065044268339783
              ],
              [
                72.41465475198305,
                23.064592715246057
              ],
              [
                72.41505222183157,
                23.064612532404404
              ],
              [
                72.4155318618597,
                23.064590339527797
              ],
              [
                72.41617530229189,
                23.064549829082917
              ],
              [
                72.41652175446531,
                23.064533640836775
              ],
              [
                72.41709317381718,
                23.064518324634477
              ],
              [
                72.41754378187352,
                23.064695239648866
              ],
              [
                72.4180525992013,
                23.06485661496343
              ],
              [
                72.41880349176391,
                23.06488250782578
              ],
              [
                72.41919102636066,
                23.064901820808934
              ],
              [
                72.41961280447573,
                23.06493205668337
              ],
              [
                72.42050336801069,
                23.065040978408142
              ],
              [
                72.42121977243455,
                23.065145830633803
              ],
              [
                72.4215615212169,
                23.0651812969075
              ],
              [
                72.42204976053543,
                23.06518256474167
              ],
              [
                72.42257518735656,
                23.065144189121476
              ],
              [
                72.42297063176144,
                23.065113166394106
              ],
              [
                72.42336217923989,
                23.065063508098568
              ],
              [
                72.42369265145771,
                23.06497954361267
              ],
              [
                72.42432408872632,
                23.064802500601747
              ],
              [
                72.42460216330352,
                23.064733355504845
              ],
              [
                72.42510071669491,
                23.064642915821317
              ],
              [
                72.42560033979368,
                23.064534085519455
              ],
              [
                72.42589117931676,
                23.064502459214552
              ],
              [
                72.42642012318439,
                23.064574899311516
              ],
              [
                72.42696615657333,
                23.06478189388904
              ],
              [
                72.4273028294067,
                23.064904695348215
              ],
              [
                72.42774239833278,
                23.064928882086
              ],
              [
                72.42812940395604,
                23.06474297199886
              ],
              [
                72.42843077565358,
                23.064444451329436
              ],
              [
                72.4287593918831,
                23.064105788295123
              ],
              [
                72.42901064927176,
                23.063726391853702
              ],
              [
                72.42929048985428,
                23.063283866972334
              ],
              [
                72.42965974945193,
                23.06327457872622
              ],
              [
                72.43017849631008,
                23.063236884161313
              ],
              [
                72.43022724910486,
                23.06286426312765
              ],
              [
                72.43022102244075,
                23.06236194333215
              ],
              [
                72.43015420087899,
                23.061625532398786
              ],
              [
                72.43004148709568,
                23.06099288243955
              ],
              [
                72.42999330564201,
                23.060621636168424
              ],
              [
                72.42996216560313,
                23.06021435162968
              ],
              [
                72.42995282186865,
                23.05994647137265
              ],
              [
                72.42994385085838,
                23.059586397550504
              ],
              [
                72.42988813858607,
                23.05917328239616
              ],
              [
                72.42987067709156,
                23.058702130790707
              ],
              [
                72.42984060654342,
                23.05827645913898
              ],
              [
                72.42983847629314,
                23.057884452834553
              ],
              [
                72.4296735245303,
                23.057207705204934
              ],
              [
                72.43017327317843,
                23.057181858843375
              ],
              [
                72.43103259695181,
                23.057141624916667
              ],
              [
                72.43106096419933,
                23.05682490438092
              ],
              [
                72.43104894836908,
                23.05617421165847
              ],
              [
                72.43103805382457,
                23.055675725877926
              ],
              [
                72.43100034170071,
                23.055295781040737
              ],
              [
                72.4309040818896,
                23.05489447785068
              ],
              [
                72.4305893906421,
                23.054565298620982
              ],
              [
                72.43019040375299,
                23.054314915511863
              ],
              [
                72.42979798848351,
                23.0540371940905
              ],
              [
                72.42930215799102,
                23.053652891287026
              ],
              [
                72.4288099389249,
                23.0532065221372
              ],
              [
                72.42857797321096,
                23.052911424667847
              ],
              [
                72.4283937956152,
                23.052565683285852
              ],
              [
                72.42825757220463,
                23.052255577357787
              ],
              [
                72.42811256629479,
                23.051832429524158
              ],
              [
                72.42803982173379,
                23.051455350325675
              ],
              [
                72.42792962850984,
                23.05112251148694
              ],
              [
                72.42774540676191,
                23.05060617546272
              ],
              [
                72.42751834529147,
                23.050055431595467
              ],
              [
                72.42739551529291,
                23.049727316052863
              ],
              [
                72.42720353125758,
                23.049214462931776
              ],
              [
                72.42704627424914,
                23.048944487290967
              ],
              [
                72.42691206694347,
                23.048314714247738
              ],
              [
                72.42659334552923,
                23.047883891963167
              ],
              [
                72.42702143633166,
                23.047633178417062
              ],
              [
                72.42726144410783,
                23.047446872250454
              ],
              [
                72.42759418630695,
                23.04712225447044
              ],
              [
                72.42801874999553,
                23.046760707628952
              ],
              [
                72.42851462114264,
                23.04645804067059
              ],
              [
                72.42892310033116,
                23.04620173359165
              ],
              [
                72.42955255977145,
                23.045914934186946
              ],
              [
                72.4299233229274,
                23.04570746711905
              ],
              [
                72.43038243333154,
                23.045522838280874
              ],
              [
                72.43073513955444,
                23.0453259980073
              ],
              [
                72.43115253125539,
                23.045044772757407
              ],
              [
                72.43158167226304,
                23.044775659323104
              ],
              [
                72.43213259934551,
                23.044554096630186
              ],
              [
                72.43273426834138,
                23.044316617191587
              ],
              [
                72.43317969698093,
                23.044195850063335
              ],
              [
                72.43372287518423,
                23.04410760302723
              ],
              [
                72.43411472612233,
                23.0439657248583
              ],
              [
                72.43459342867563,
                23.043786669100655
              ],
              [
                72.43486162199896,
                23.04362941624143
              ],
              [
                72.43516271972686,
                23.04350607236844
              ],
              [
                72.43531276836075,
                23.043753285133754
              ],
              [
                72.43550453238598,
                23.04417118537657
              ],
              [
                72.43567916689669,
                23.044564528814824
              ],
              [
                72.43597359130084,
                23.044556116667984
              ],
              [
                72.4364575876636,
                23.04454330043559
              ],
              [
                72.4369177099153,
                23.044598453580623
              ],
              [
                72.43751967688102,
                23.04465604659527
              ],
              [
                72.43769438626042,
                23.04495058828201
              ],
              [
                72.43798583545767,
                23.045250932909955
              ],
              [
                72.43856118183427,
                23.045380968516945
              ],
              [
                72.43890027902685,
                23.045632963227206
              ],
              [
                72.43921817169446,
                23.045906957576793
              ],
              [
                72.43954010633007,
                23.045853800575223
              ],
              [
                72.43997441717613,
                23.04562411252432
              ],
              [
                72.44054693404229,
                23.045717111876517
              ],
              [
                72.44105011891725,
                23.045845854786805
              ],
              [
                72.44205109357208,
                23.046024692090015
              ],
              [
                72.4429083743549,
                23.046104170004785
              ],
              [
                72.44324297881921,
                23.04617612079031
              ],
              [
                72.4450106585266,
                23.04653594912633
              ],
              [
                72.44555385607887,
                23.046665043195336
              ],
              [
                72.44590962418462,
                23.046755798856346
              ],
              [
                72.4459501865946,
                23.047430956162156
              ],
              [
                72.4466184360298,
                23.047505636735956
              ],
              [
                72.44741497060107,
                23.047719410188755
              ],
              [
                72.44753137324828,
                23.04834398466587
              ],
              [
                72.44768700411562,
                23.049011022259794
              ],
              [
                72.4477997184684,
                23.049473064962907
              ],
              [
                72.4479144960077,
                23.050200318689942
              ],
              [
                72.448329178173,
                23.050223210726685
              ],
              [
                72.44844819633227,
                23.050662512315398
              ],
              [
                72.44855992433169,
                23.051313538616633
              ],
              [
                72.44856804973821,
                23.05177499784063
              ],
              [
                72.44785247458216,
                23.051914674524255
              ],
              [
                72.4472433580789,
                23.052022750815677
              ],
              [
                72.44728174454983,
                23.05230590067982
              ],
              [
                72.44739782982387,
                23.05279577529889
              ],
              [
                72.44761909358981,
                23.0537058220848
              ],
              [
                72.44776036051101,
                23.054362924674432
              ],
              [
                72.44785514619683,
                23.05496239584896
              ],
              [
                72.44796839948492,
                23.055415242439786
              ],
              [
                72.44803090583841,
                23.055884014350447
              ],
              [
                72.44817082318252,
                23.0568222971711
              ],
              [
                72.4482671377761,
                23.057223585885264
              ],
              [
                72.44838088604428,
                23.058183620170542
              ],
              [
                72.44841811647784,
                23.05857275730051
              ],
              [
                72.4485933508054,
                23.059503572054528
              ],
              [
                72.4486703279643,
                23.059894679505685
              ],
              [
                72.44879733198009,
                23.060454252983252
              ],
              [
                72.44922007186918,
                23.060553617454044
              ],
              [
                72.44956695664358,
                23.06067226640157
              ],
              [
                72.4501702328304,
                23.060923514473895
              ],
              [
                72.45062579519991,
                23.061144377593877
              ],
              [
                72.45151137700249,
                23.061511061812993
              ],
              [
                72.45210152728676,
                23.061816977740406
              ],
              [
                72.452598961242,
                23.06226121732762
              ],
              [
                72.4530362977509,
                23.062538800085456
              ],
              [
                72.4535232476961,
                23.062390060666264
              ],
              [
                72.45393021100392,
                23.062331867574503
              ],
              [
                72.45440699824911,
                23.062272529172102
              ],
              [
                72.45481016117694,
                23.062266214604392
              ],
              [
                72.45578908852212,
                23.0622396393882
              ],
              [
                72.4564310710096,
                23.062253034555507
              ],
              [
                72.45697191353047,
                23.062206080173603
              ],
              [
                72.45762134917504,
                23.062090743685193
              ],
              [
                72.45802893063491,
                23.061935750589946
              ],
              [
                72.45853517073483,
                23.06171187482181
              ],
              [
                72.45887949417502,
                23.061530690904856
              ],
              [
                72.45948811184407,
                23.061173572101143
              ],
              [
                72.45991769241702,
                23.06098277881325
              ],
              [
                72.46039748641999,
                23.060785253093467
              ],
              [
                72.46083699998348,
                23.060594947831248
              ],
              [
                72.4614593629346,
                23.060344546383373
              ],
              [
                72.4619677244027,
                23.060342075643373
              ],
              [
                72.46248877577487,
                23.060464713750104
              ],
              [
                72.46294710298419,
                23.06055197053119
              ],
              [
                72.4634705512887,
                23.060633227596107
              ],
              [
                72.4639756373955,
                23.060773513355283
              ],
              [
                72.46451053416801,
                23.06091527412861
              ],
              [
                72.46490951017778,
                23.060994972416662
              ],
              [
                72.46568022869567,
                23.06119451510344
              ],
              [
                72.46635033840705,
                23.061324522360817
              ],
              [
                72.46673050712162,
                23.06138484419116
              ],
              [
                72.46707687921591,
                23.06151264888877
              ],
              [
                72.46756542990332,
                23.06172356716428
              ],
              [
                72.46795519873744,
                23.062005665900006
              ],
              [
                72.46824547672708,
                23.062414237619453
              ],
              [
                72.46832525561,
                23.06267176667035
              ],
              [
                72.46890522817179,
                23.06272353146327
              ],
              [
                72.46929720047643,
                23.062752157551984
              ],
              [
                72.46978986889194,
                23.06276271298508
              ],
              [
                72.47040701277677,
                23.06277481762856
              ],
              [
                72.47046808905286,
                23.0631835676735
              ],
              [
                72.47063207028334,
                23.063449874463032
              ],
              [
                72.47134691098286,
                23.063582072029547
              ],
              [
                72.47179150656764,
                23.063691673324826
              ],
              [
                72.47191123915741,
                23.06416326359872
              ],
              [
                72.47219122623805,
                23.064405339274487
              ],
              [
                72.47229022350034,
                23.06467534405136
              ],
              [
                72.472195457783,
                23.0654313936869
              ],
              [
                72.47204636820274,
                23.06596344699944
              ],
              [
                72.47208670074268,
                23.066472603317585
              ],
              [
                72.47220185447763,
                23.067239040080832
              ],
              [
                72.47225735945305,
                23.06774433486064
              ],
              [
                72.47227750007391,
                23.068602891267872
              ],
              [
                72.47232519434031,
                23.069070917492844
              ],
              [
                72.47233161170061,
                23.069778951188734
              ],
              [
                72.4724664844567,
                23.070290480374506
              ],
              [
                72.47263235197711,
                23.07065369649915
              ],
              [
                72.47294609647254,
                23.07074298816416
              ],
              [
                72.47339665592308,
                23.07079294322776
              ],
              [
                72.47384641778973,
                23.07085668803424
              ],
              [
                72.47421961833581,
                23.070893820284528
              ],
              [
                72.47452766284118,
                23.070881163491084
              ],
              [
                72.47434619930068,
                23.071340220746595
              ],
              [
                72.47415653853274,
                23.07178491272254
              ],
              [
                72.47394798895107,
                23.07220337787612
              ],
              [
                72.47352482735286,
                23.07280025743118
              ],
              [
                72.47319694394817,
                23.073300414534472
              ],
              [
                72.47291553118153,
                23.073600010414783
              ],
              [
                72.47230715800733,
                23.073952586221523
              ],
              [
                72.47184393939047,
                23.074293899758416
              ],
              [
                72.47140689316724,
                23.074613453799955
              ],
              [
                72.47081607440262,
                23.074920787855106
              ],
              [
                72.47029428588567,
                23.07524075458942
              ],
              [
                72.46953533910973,
                23.075784121048578
              ],
              [
                72.46920972364845,
                23.07607230097435
              ],
              [
                72.46886885198126,
                23.076451936057108
              ],
              [
                72.46845753383877,
                23.076929515062414
              ],
              [
                72.46811479769244,
                23.077341328118777
              ],
              [
                72.46775316311668,
                23.07782136524727
              ],
              [
                72.46718932723624,
                23.07860951893736
              ],
              [
                72.46691694574112,
                23.07901098357914
              ],
              [
                72.46651689624072,
                23.07972425408913
              ],
              [
                72.46633740957672,
                23.08007038209633
              ],
              [
                72.46612749301879,
                23.080511821060817
              ],
              [
                72.46593931378132,
                23.08092206453817
              ],
              [
                72.46583871344173,
                23.08136891753927
              ],
              [
                72.46577856672943,
                23.081633350578905
              ],
              [
                72.46534492488463,
                23.08163493176757
              ],
              [
                72.4648967740348,
                23.0816288745982
              ],
              [
                72.46469213978462,
                23.08133288581136
              ],
              [
                72.46439829320465,
                23.081200764564873
              ],
              [
                72.46393451988706,
                23.080991064332288
              ],
              [
                72.46359880271793,
                23.081151943255225
              ],
              [
                72.46340235695254,
                23.081446508907064
              ],
              [
                72.46303934761187,
                23.08143313940754
              ],
              [
                72.46266794407462,
                23.08117729638144
              ],
              [
                72.4628186488448,
                23.080855106815303
              ],
              [
                72.46247435820277,
                23.080690513373888
              ],
              [
                72.46215207420887,
                23.080490125300617
              ],
              [
                72.4616355523472,
                23.0802017326026
              ],
              [
                72.46129473700856,
                23.0800261732224
              ],
              [
                72.46065629098536,
                23.0797290364773
              ],
              [
                72.46020925363428,
                23.07953168466229
              ],
              [
                72.46009053378192,
                23.08003296297416
              ],
              [
                72.46001671254798,
                23.080361265683727
              ],
              [
                72.45991964095823,
                23.080660752970985
              ],
              [
                72.45967447360285,
                23.081022059204575
              ],
              [
                72.45955805797846,
                23.08131136658769
              ],
              [
                72.45948423373885,
                23.081639668133104
              ],
              [
                72.45951458398919,
                23.082148335510905
              ],
              [
                72.45958743812322,
                23.082783594548342
              ],
              [
                72.45963012207555,
                23.083251376665995
              ],
              [
                72.45965701116279,
                23.08356161814618
              ],
              [
                72.45981673699507,
                23.083901494721946
              ],
              [
                72.46033424016854,
                23.08374271736172
              ],
              [
                72.46070754789466,
                23.08366439195332
              ],
              [
                72.46110650007812,
                23.083573506646502
              ],
              [
                72.46146019640243,
                23.08348959899468
              ],
              [
                72.46189996494009,
                23.083382291060786
              ],
              [
                72.46225126546653,
                23.0833397557577
              ],
              [
                72.46264045686222,
                23.08333137414281
              ],
              [
                72.46305005591658,
                23.083314779620586
              ],
              [
                72.46336324437252,
                23.083332204780955
              ],
              [
                72.4641940299197,
                23.083353000298555
              ],
              [
                72.4647634618925,
                23.083496357816184
              ],
              [
                72.46520536007002,
                23.08370277253317
              ],
              [
                72.4657313934963,
                23.083913243549453
              ],
              [
                72.46582726397763,
                23.084581910674565
              ],
              [
                72.46630457519734,
                23.084600933890457
              ],
              [
                72.46682527940298,
                23.084645156697192
              ],
              [
                72.4672764154118,
                23.084685935234287
              ],
              [
                72.46798905791677,
                23.084771930373535
              ],
              [
                72.46863657226642,
                23.084863918326292
              ],
              [
                72.46909658464156,
                23.08492357098879
              ],
              [
                72.46990959819534,
                23.085083682771888
              ],
              [
                72.47049881295621,
                23.085149727489213
              ],
              [
                72.47096485758092,
                23.085191230923343
              ],
              [
                72.47173527935405,
                23.085312341046645
              ],
              [
                72.4721283021254,
                23.08541016609164
              ],
              [
                72.47250979366301,
                23.08553508168136
              ],
              [
                72.4728855184818,
                23.085673543416494
              ],
              [
                72.47362604833158,
                23.08588076629099
              ],
              [
                72.47399494627467,
                23.0860511609856
              ],
              [
                72.4743766294518,
                23.086259072065136
              ],
              [
                72.47487438805142,
                23.086528050127974
              ],
              [
                72.47522758472034,
                23.08671149660438
              ],
              [
                72.47566651048422,
                23.086963728879905
              ],
              [
                72.47602957252768,
                23.087235260746674
              ],
              [
                72.47640382438831,
                23.08757189382612
              ],
              [
                72.47670930456114,
                23.087891293886713
              ],
              [
                72.47698417334632,
                23.08822301395984
              ],
              [
                72.47715476227353,
                23.088461975325092
              ],
              [
                72.47737675116744,
                23.088846403221925
              ],
              [
                72.47755906288566,
                23.089141269642887
              ],
              [
                72.47768671224895,
                23.089433434251667
              ],
              [
                72.47776698202371,
                23.08976936222962
              ],
              [
                72.47792251380226,
                23.090182777095226
              ],
              [
                72.47803757045956,
                23.090520426544476
              ],
              [
                72.47815387968441,
                23.090922680166805
              ],
              [
                72.47825436990358,
                23.091167397529095
              ],
              [
                72.47830581083052,
                23.091571055633775
              ],
              [
                72.47833331565779,
                23.092130293835048
              ],
              [
                72.47832588244826,
                23.09286300201506
              ],
              [
                72.47831522487473,
                23.093392688018756
              ],
              [
                72.47842611431113,
                23.094320277759536
              ],
              [
                72.47846484752084,
                23.094598824248184
              ],
              [
                72.47865695821116,
                23.095069377048233
              ],
              [
                72.47884557991576,
                23.09534149919455
              ],
              [
                72.47914406484978,
                23.09560983227859
              ],
              [
                72.47980552815294,
                23.09597909377522
              ],
              [
                72.48011721667243,
                23.09610514826581
              ],
              [
                72.48040511743719,
                23.096211586372924
              ],
              [
                72.48082853036342,
                23.096301668041963
              ],
              [
                72.48122212400503,
                23.09639027501992
              ],
              [
                72.48156820511494,
                23.09652494440977
              ],
              [
                72.48167453953994,
                23.097143398983793
              ],
              [
                72.48200687181995,
                23.09730043948211
              ],
              [
                72.48283283611522,
                23.097410404256067
              ],
              [
                72.48328402152524,
                23.097451131771084
              ],
              [
                72.48374825851056,
                23.0975247797756
              ],
              [
                72.48482635689366,
                23.097670238626872
              ],
              [
                72.48532511826812,
                23.09775019553695
              ],
              [
                72.48564443997883,
                23.097830512207267
              ],
              [
                72.48634298359396,
                23.097989489014697
              ],
              [
                72.48671385958882,
                23.098040075698393
              ],
              [
                72.48718227375458,
                23.09812774799256
              ],
              [
                72.48751703708575,
                23.098199603926055
              ],
              [
                72.48858255489424,
                23.09839051758997
              ],
              [
                72.48907085048863,
                23.09847916631791
              ],
              [
                72.48940250132534,
                23.098518589154583
              ],
              [
                72.490155457316,
                23.098684844308902
              ],
              [
                72.49062467233264,
                23.09875871664506
              ],
              [
                72.49099734055663,
                23.098864706923507
              ],
              [
                72.49129314232422,
                23.098920796534774
              ],
              [
                72.4919445868884,
                23.09911891901159
              ],
              [
                72.49254643293186,
                23.099356086732314
              ],
              [
                72.4928432655763,
                23.099610477402155
              ],
              [
                72.49322561203846,
                23.099548655274194
              ],
              [
                72.49373372832457,
                23.09955297364404
              ],
              [
                72.49423177271773,
                23.099559095971124
              ],
              [
                72.49481430354265,
                23.099569385683676
              ],
              [
                72.49551034687084,
                23.09959910291357
              ],
              [
                72.49598248266851,
                23.099622385454875
              ],
              [
                72.49644441416383,
                23.099649772873782
              ],
              [
                72.49676354413491,
                23.09964706591602
              ],
              [
                72.4974823598886,
                23.09970974797402
              ],
              [
                72.49798303670572,
                23.099802691338734
              ],
              [
                72.49796972215645,
                23.100338177090322
              ],
              [
                72.49797114074185,
                23.100919171671613
              ],
              [
                72.49799349639271,
                23.101482755733027
              ],
              [
                72.49801995081171,
                23.10180218607524
              ],
              [
                72.49806371389798,
                23.10242676354501
              ],
              [
                72.49804093652628,
                23.10282214473547
              ],
              [
                72.49803545182561,
                23.103176882413297
              ],
              [
                72.49808046211683,
                23.103520279969278
              ],
              [
                72.49813256164985,
                23.103827142326026
              ],
              [
                72.49823456431177,
                23.104219456096722
              ],
              [
                72.49832357236347,
                23.104491254164405
              ],
              [
                72.49850377395475,
                23.104910473295604
              ],
              [
                72.49875428945049,
                23.10540692402611
              ],
              [
                72.4989122899519,
                23.105778944406307
              ],
              [
                72.49902059098808,
                23.10614851199637
              ],
              [
                72.49910457084077,
                23.106507662473675
              ],
              [
                72.4992234237856,
                23.107126719157705
              ],
              [
                72.4992710242203,
                23.107511736402397
              ],
              [
                72.49923201494197,
                23.10792937203695
              ],
              [
                72.49922526990208,
                23.10821950205714
              ],
              [
                72.4991941136967,
                23.10863061003984
              ],
              [
                72.49892902070016,
                23.10894949989319
              ],
              [
                72.49877721199448,
                23.109248615992147
              ],
              [
                72.49876861366488,
                23.109570930825434
              ],
              [
                72.49885212767154,
                23.109851676837437
              ],
              [
                72.49892331785146,
                23.110173310512796
              ],
              [
                72.49894739358342,
                23.11053411790232
              ],
              [
                72.49900937616589,
                23.11092906987304
              ],
              [
                72.4990528016759,
                23.111300050144507
              ],
              [
                72.4990763483684,
                23.111670050570467
              ],
              [
                72.49898855208858,
                23.11218839223538
              ],
              [
                72.49876468144492,
                23.112580871575418
              ],
              [
                72.49827087774851,
                23.11275992944489
              ],
              [
                72.4978122184798,
                23.112847972151897
              ],
              [
                72.49742904136683,
                23.11292359913097
              ],
              [
                72.49700080169539,
                23.113089212993636
              ],
              [
                72.4967719754367,
                23.113340731815395
              ],
              [
                72.49648350670127,
                23.113675757908176
              ],
              [
                72.49607845467882,
                23.113698433313008
              ],
              [
                72.49570854906878,
                23.113745510534812
              ],
              [
                72.4954559034692,
                23.113948978227423
              ],
              [
                72.49529248322817,
                23.114189889946754
              ],
              [
                72.49505470632494,
                23.114510122335624
              ],
              [
                72.49476331412691,
                23.11480926922429
              ],
              [
                72.49430644025662,
                23.115298505802144
              ],
              [
                72.49386812024507,
                23.115811710629416
              ],
              [
                72.49342217570114,
                23.11637064318566
              ],
              [
                72.4931267995069,
                23.116738747293986
              ],
              [
                72.49287118531508,
                23.117108812378174
              ],
              [
                72.49260350779761,
                23.117515168707982
              ],
              [
                72.49193387640754,
                23.11840885417899
              ],
              [
                72.49152615615033,
                23.11890973162627
              ],
              [
                72.49087168709518,
                23.119799549971745
              ],
              [
                72.49040530332793,
                23.120366688719194
              ],
              [
                72.48982471942499,
                23.121098780048207
              ],
              [
                72.48928469077107,
                23.12181903860835
              ],
              [
                72.4886810974173,
                23.12251771915732
              ],
              [
                72.48809347092016,
                23.12319874011358
              ],
              [
                72.48719551702754,
                23.124247118561723
              ],
              [
                72.4869838820293,
                23.12454557955747
              ],
              [
                72.48652382395635,
                23.12517526254868
              ],
              [
                72.48636540505976,
                23.1255017069069
              ],
              [
                72.48606454156672,
                23.126136942855158
              ],
              [
                72.48567515405549,
                23.12752854884092
              ],
              [
                72.48537231726473,
                23.128975142610162
              ],
              [
                72.48517393505158,
                23.130339295124212
              ],
              [
                72.4848548652193,
                23.131462348910958
              ],
              [
                72.48450166620938,
                23.132399294849026
              ],
              [
                72.4854927686416,
                23.1324159539624
              ],
              [
                72.48554315104306,
                23.13352958670453
              ],
              [
                72.48568425446443,
                23.13505803503117
              ],
              [
                72.48576491053875,
                23.13659733530528
              ],
              [
                72.48591474001984,
                23.137370081989875
              ],
              [
                72.48607506117007,
                23.137788336909605
              ],
              [
                72.48597906818122,
                23.138069453570008
              ],
              [
                72.48551484495916,
                23.138770394613626
              ],
              [
                72.48499798316759,
                23.13951945315958
              ],
              [
                72.48451548666232,
                23.14079580986674
              ],
              [
                72.48408522697447,
                23.14185804883085
              ],
              [
                72.48366828166427,
                23.142948609514622
              ],
              [
                72.48304428947723,
                23.14443006308439
              ],
              [
                72.48356794218836,
                23.14468644838798
              ],
              [
                72.48472105543019,
                23.14509378489064
              ],
              [
                72.48508231683564,
                23.145226883939685
              ],
              [
                72.4854667192131,
                23.145218196583425
              ],
              [
                72.48592284777905,
                23.145176166727826
              ],
              [
                72.48675403632113,
                23.145028158315554
              ],
              [
                72.48727665094846,
                23.14495713070817
              ],
              [
                72.48760298522785,
                23.14491790889639
              ],
              [
                72.48792579984483,
                23.144797073487986
              ],
              [
                72.48824505490518,
                23.144677571246046
              ],
              [
                72.48917346907291,
                23.144250471361822
              ],
              [
                72.4896842349254,
                23.144015502498064
              ],
              [
                72.4907681000004,
                23.143635582809747
              ],
              [
                72.49182365523926,
                23.14331419497798
              ],
              [
                72.49234214995585,
                23.143141513370924
              ],
              [
                72.4927830213663,
                23.142845129464085
              ],
              [
                72.49328235440645,
                23.142399476345062
              ],
              [
                72.49355048042028,
                23.142159119883047
              ],
              [
                72.49390583612738,
                23.141789355458204
              ],
              [
                72.4944237328314,
                23.142059252331133
              ],
              [
                72.49487395115383,
                23.14220593547856
              ],
              [
                72.4955645939888,
                23.142419795107482
              ],
              [
                72.49602163947544,
                23.142534537847805
              ],
              [
                72.49652263767811,
                23.142665277374434
              ],
              [
                72.49725544111571,
                23.1428397129653
              ],
              [
                72.49772263749554,
                23.14303793974466
              ],
              [
                72.49825446435227,
                23.143239350315365
              ],
              [
                72.49866518422162,
                23.14337946471289
              ],
              [
                72.49936741491675,
                23.14351204685863
              ],
              [
                72.49998695788182,
                23.143629016008326
              ],
              [
                72.50061462326495,
                23.143639510647823
              ],
              [
                72.50497192153422,
                23.14416039363794
              ],
              [
                72.50448301803755,
                23.145897544220144
              ],
              [
                72.50462119778277,
                23.14626857871114
              ],
              [
                72.50504184085477,
                23.148055125766287
              ],
              [
                72.5034783700529,
                23.148365423162907
              ],
              [
                72.50396175632233,
                23.15062072813324
              ],
              [
                72.50394916855801,
                23.151445393386684
              ],
              [
                72.50394473925199,
                23.15377349728167
              ],
              [
                72.50398533830955,
                23.15410745467864
              ],
              [
                72.504203257519,
                23.154998797685256
              ],
              [
                72.50460976077342,
                23.15564584611137
              ],
              [
                72.50500284727416,
                23.15600637673324
              ],
              [
                72.50620943520428,
                23.15685835308049
              ],
              [
                72.50660315818418,
                23.157136357909575
              ],
              [
                72.50790099228387,
                23.158237603412285
              ],
              [
                72.50870281439563,
                23.1586873974482
              ],
              [
                72.51180796112116,
                23.159836033584586
              ],
              [
                72.51227159050761,
                23.159577593498977
              ],
              [
                72.51254288957773,
                23.159282033380112
              ],
              [
                72.5138228273311,
                23.15757453551624
              ],
              [
                72.51455570173185,
                23.155884932212796
              ],
              [
                72.5149839634103,
                23.15489758564822
              ],
              [
                72.51573992310279,
                23.153196589934858
              ],
              [
                72.51848180914148,
                23.15051433948123
              ],
              [
                72.51897332437738,
                23.150377126039764
              ],
              [
                72.51977933725455,
                23.150319911397713
              ],
              [
                72.52155978088533,
                23.150398166603658
              ],
              [
                72.52301941847679,
                23.15027568873094
              ],
              [
                72.52538719716196,
                23.150037490667856
              ],
              [
                72.52592712249461,
                23.148640529691708
              ],
              [
                72.5261220270028,
                23.148137160117905
              ],
              [
                72.52665671510077,
                23.14829342750336
              ],
              [
                72.52716024683149,
                23.148377156984196
              ],
              [
                72.52756882878451,
                23.148367645996643
              ],
              [
                72.52786782453309,
                23.14839183093686
              ],
              [
                72.52817870540103,
                23.14839827860253
              ],
              [
                72.52848958535824,
                23.148404724665546
              ],
              [
                72.52880046623493,
                23.148411171982055
              ],
              [
                72.5291113461481,
                23.14841761861546
              ],
              [
                72.52942222703356,
                23.14842406558287
              ],
              [
                72.52973310690273,
                23.14843051278665
              ],
              [
                72.530042338206,
                23.14843938008062
              ],
              [
                72.53037619392227,
                23.148478223333566
              ],
              [
                72.530732191196,
                23.14855573478448
              ],
              [
                72.53101105444861,
                23.148774270970453
              ],
              [
                72.53130262793069,
                23.149047642568142
              ],
              [
                72.53159151264047,
                23.149323076208823
              ],
              [
                72.53180716693487,
                23.14961555375188
              ],
              [
                72.53201292162771,
                23.150055899123267
              ],
              [
                72.53209888279032,
                23.15041318480503
              ],
              [
                72.53218177336815,
                23.150771683562244
              ],
              [
                72.53226466335504,
                23.151130183161566
              ],
              [
                72.53232913476012,
                23.151409014373236
              ],
              [
                72.53239360445238,
                23.15168784546997
              ],
              [
                72.53246728561273,
                23.152006508958245
              ],
              [
                72.532540967239,
                23.15232517058493
              ],
              [
                72.53260543987945,
                23.152604000802683
              ],
              [
                72.53270772977184,
                23.152897171159516
              ],
              [
                72.53285662801355,
                23.15319695231525
              ],
              [
                72.53303061460804,
                23.15352293684745
              ],
              [
                72.53328075082169,
                23.153819096906176
              ],
              [
                72.53360649165617,
                23.154085882084647
              ],
              [
                72.5339322317304,
                23.154352668317102
              ],
              [
                72.53422539843014,
                23.15459277549826
              ],
              [
                72.5346162867589,
                23.154912916813586
              ],
              [
                72.53486638153711,
                23.155249722221797
              ],
              [
                72.53506060817087,
                23.155644382539272
              ],
              [
                72.53522179893066,
                23.155979920301526
              ],
              [
                72.53540090138391,
                23.15635273650427
              ],
              [
                72.53559791248584,
                23.156762837379716
              ],
              [
                72.53577163717465,
                23.1571359656922
              ],
              [
                72.53589787556557,
                23.15747353342456
              ],
              [
                72.53603216323789,
                23.157848956428243
              ],
              [
                72.53613208764538,
                23.158234220577828
              ],
              [
                72.53618453611367,
                23.158550304676528
              ],
              [
                72.5362369848891,
                23.158866387850086
              ],
              [
                72.53628855191803,
                23.159136325232087
              ],
              [
                72.53635430301021,
                23.159389667017837
              ],
              [
                72.5364300777956,
                23.159715731025855
              ],
              [
                72.53635753174572,
                23.160084088265272
              ],
              [
                72.53637085424033,
                23.160472669322342
              ],
              [
                72.5364659092206,
                23.1608333071182
              ],
              [
                72.53655040198292,
                23.161153875909562
              ],
              [
                72.53664545800999,
                23.161514512704635
              ],
              [
                72.53675487509167,
                23.16190911133578
              ],
              [
                72.53685848076803,
                23.16225600661057
              ],
              [
                72.53696208610714,
                23.162602899942197
              ],
              [
                72.5370656910563,
                23.162949792250007
              ],
              [
                72.53715778434801,
                23.163258141206374
              ],
              [
                72.53726138945035,
                23.163605031521627
              ],
              [
                72.53735234225516,
                23.163941061760312
              ],
              [
                72.5374393816103,
                23.16427552065993
              ],
              [
                72.53791792978224,
                23.164402699685656
              ],
              [
                72.5382918908333,
                23.164398334696763
              ],
              [
                72.5386329628884,
                23.164394355042166
              ],
              [
                72.53903291300658,
                23.16438968521066
              ],
              [
                72.53956617847544,
                23.16438346260395
              ],
              [
                72.53996612732139,
                23.164378793952352
              ],
              [
                72.54032163817287,
                23.164374644836478
              ],
              [
                72.54072158780104,
                23.1643699770093
              ],
              [
                72.54112153640615,
                23.164365308083628
              ],
              [
                72.54143260718548,
                23.164361678003768
              ],
              [
                72.54174367993639,
                23.164358047386393
              ],
              [
                72.54205384957883,
                23.16435715843801
              ],
              [
                72.54239823000026,
                23.16438305957577
              ],
              [
                72.5428061478849,
                23.164417075458456
              ],
              [
                72.5431280281219,
                23.16444510286368
              ],
              [
                72.54355029052333,
                23.164476479551773
              ],
              [
                72.54407384179677,
                23.16439865781991
              ],
              [
                72.5444961562355,
                23.164282711909166
              ],
              [
                72.54487037894847,
                23.164048324817518
              ],
              [
                72.54526103226789,
                23.16386597618546
              ],
              [
                72.54557882017842,
                23.163827132233894
              ],
              [
                72.54588642789726,
                23.163845418561145
              ],
              [
                72.54623797875414,
                23.16386631773249
              ],
              [
                72.54663347389096,
                23.163889827653396
              ],
              [
                72.5470289691706,
                23.163913336547875
              ],
              [
                72.54742446448768,
                23.16393684625498
              ],
              [
                72.54781995890028,
                23.163960355806445
              ],
              [
                72.54817151032483,
                23.163981251436837
              ],
              [
                72.54851678552328,
                23.16387177725466
              ],
              [
                72.54848258716677,
                23.16347526607143
              ],
              [
                72.54842420930078,
                23.163109104809035
              ],
              [
                72.5483607845517,
                23.162711296767608
              ],
              [
                72.54830765017614,
                23.16240079922027
              ],
              [
                72.54823711602451,
                23.16201533654415
              ],
              [
                72.54816517339522,
                23.161579933059222
              ],
              [
                72.54783008118343,
                23.16127560303274
              ],
              [
                72.54748754016175,
                23.161053286548533
              ],
              [
                72.547260189411,
                23.160884476621455
              ],
              [
                72.54703586928807,
                23.16065386908364
              ],
              [
                72.5467835080575,
                23.16039443603888
              ],
              [
                72.546604164822,
                23.160081994729087
              ],
              [
                72.54647720216136,
                23.159780707924714
              ],
              [
                72.54636610911727,
                23.159517083217906
              ],
              [
                72.54621646174822,
                23.159180569279542
              ],
              [
                72.54604072713362,
                23.158810043840255
              ],
              [
                72.54593018001164,
                23.158520165169094
              ],
              [
                72.5459288729972,
                23.158166420058414
              ],
              [
                72.54597856293913,
                23.15781459757437
              ],
              [
                72.54602234738906,
                23.157537576789345
              ],
              [
                72.54604386453246,
                23.157235838216504
              ],
              [
                72.54596337148396,
                23.156856527486394
              ],
              [
                72.54557005721816,
                23.156628644796097
              ],
              [
                72.54525258071531,
                23.156457846924177
              ],
              [
                72.54525960854384,
                23.156174401190942
              ],
              [
                72.5453775111226,
                23.155883686054665
              ],
              [
                72.54548067754732,
                23.15562931057773
              ],
              [
                72.54553206178731,
                23.155371201571747
              ],
              [
                72.54551440806992,
                23.15510811758213
              ],
              [
                72.54548500137498,
                23.154846186047255
              ],
              [
                72.54538964959382,
                23.154560423070475
              ],
              [
                72.54522471650105,
                23.154311592817713
              ],
              [
                72.54503118739655,
                23.154083262367134
              ],
              [
                72.54471642762957,
                23.153899710935626
              ],
              [
                72.54453449426835,
                23.15366373653047
              ],
              [
                72.54440524484724,
                23.153390621563343
              ],
              [
                72.5443250747069,
                23.153024912529016
              ],
              [
                72.54419379813811,
                23.152641722000485
              ],
              [
                72.54402848808769,
                23.152300848731876
              ],
              [
                72.5437717444385,
                23.15201084483146
              ],
              [
                72.5434727124694,
                23.151804719275198
              ],
              [
                72.54319644033211,
                23.151565214659193
              ],
              [
                72.54302542163013,
                23.15119756810308
              ],
              [
                72.5429179793915,
                23.150897235008383
              ],
              [
                72.54279841569918,
                23.15055948918025
              ],
              [
                72.54267127307229,
                23.150112320711287
              ],
              [
                72.54257622319273,
                23.14974074837453
              ],
              [
                72.54244544468257,
                23.14948518406844
              ],
              [
                72.54217846642037,
                23.14929206538302
              ],
              [
                72.54177470574231,
                23.149178386565932
              ],
              [
                72.54140638675578,
                23.149076776112615
              ],
              [
                72.54115746200236,
                23.148948357615154
              ],
              [
                72.54104605055909,
                23.148715379509582
              ],
              [
                72.54134631735312,
                23.148503560254262
              ],
              [
                72.5415990256957,
                23.148345930334607
              ],
              [
                72.54188783577483,
                23.148165781145625
              ],
              [
                72.54224884851988,
                23.147940593496646
              ],
              [
                72.54257376074354,
                23.147737926926574
              ],
              [
                72.54288448651441,
                23.147522296409143
              ],
              [
                72.54306488386925,
                23.147182861747524
              ],
              [
                72.54309088415513,
                23.14686048213223
              ],
              [
                72.54311621812744,
                23.146496573349356
              ],
              [
                72.54316999939381,
                23.146193072444213
              ],
              [
                72.54324253677444,
                23.1459015553625
              ],
              [
                72.54329440695548,
                23.145565226872005
              ],
              [
                72.54323658137471,
                23.145220592472295
              ],
              [
                72.54310802753325,
                23.144901203188624
              ],
              [
                72.5428642822007,
                23.144462688788895
              ],
              [
                72.54255308227683,
                23.144174011630316
              ],
              [
                72.54239219575915,
                23.14394840134177
              ],
              [
                72.54227707405187,
                23.14370393950225
              ],
              [
                72.54214596311428,
                23.1434232972086
              ],
              [
                72.54202034069357,
                23.143127584837053
              ],
              [
                72.541911621165,
                23.14286553871391
              ],
              [
                72.54180233308999,
                23.14260451305246
              ],
              [
                72.54167069533467,
                23.14231829260548
              ],
              [
                72.54152068482942,
                23.141999736999544
              ],
              [
                72.54138549246852,
                23.141678159058213
              ],
              [
                72.5413262409065,
                23.141379899267147
              ],
              [
                72.54127871756482,
                23.141118039883416
              ],
              [
                72.54123615127112,
                23.14081489734494
              ],
              [
                72.54125139839493,
                23.14045303225562
              ],
              [
                72.54127539217802,
                23.14012793050434
              ],
              [
                72.54130238738342,
                23.13976218931692
              ],
              [
                72.54132638300604,
                23.13943708584567
              ],
              [
                72.54135037861424,
                23.139111980545447
              ],
              [
                72.54137137464687,
                23.138827513875825
              ],
              [
                72.54142459279679,
                23.138552547789704
              ],
              [
                72.54151303221913,
                23.138246444551445
              ],
              [
                72.54159041715143,
                23.137978603647873
              ],
              [
                72.54166780187094,
                23.13771076087543
              ],
              [
                72.54174518621964,
                23.13744291899264
              ],
              [
                72.54181653738065,
                23.137046950308164
              ],
              [
                72.541540575621,
                23.1368316871797
              ],
              [
                72.5412341087337,
                23.137046964356024
              ],
              [
                72.54092017143809,
                23.13736568027801
              ],
              [
                72.54047420397563,
                23.137413532332488
              ],
              [
                72.5401241669214,
                23.137365168226324
              ],
              [
                72.53978212298318,
                23.137239477227876
              ],
              [
                72.53977033541389,
                23.1369241221605
              ],
              [
                72.53980369725484,
                23.136661973115924
              ],
              [
                72.53997151631019,
                23.1362650135824
              ],
              [
                72.54036871048505,
                23.135942734196103
              ],
              [
                72.54044433057318,
                23.13555227819074
              ],
              [
                72.54053413807908,
                23.13527445289892
              ],
              [
                72.54082481618624,
                23.135160234757585
              ],
              [
                72.54087527691252,
                23.134766825987242
              ],
              [
                72.5408306411163,
                23.13440387160021
              ],
              [
                72.54079096713146,
                23.13408124609582
              ],
              [
                72.54075129245425,
                23.13375861870726
              ],
              [
                72.54071657551314,
                23.13347632000469
              ],
              [
                72.5406768993212,
                23.133153690686306
              ],
              [
                72.54062234484513,
                23.132710075954055
              ],
              [
                72.54049327021025,
                23.13229096845694
              ],
              [
                72.54199813962474,
                23.13212132884453
              ],
              [
                72.5444287744285,
                23.131874704171448
              ],
              [
                72.54565089360837,
                23.131948391903904
              ],
              [
                72.54598400218248,
                23.132023047987513
              ],
              [
                72.54746709964759,
                23.13235544586429
              ],
              [
                72.54777755442115,
                23.132460032381776
              ],
              [
                72.54869760534717,
                23.13276997735197
              ],
              [
                72.55231884312879,
                23.133989881285068
              ],
              [
                72.55517545348745,
                23.135146044518617
              ],
              [
                72.55594094893682,
                23.135596298515665
              ],
              [
                72.55620567447328,
                23.13584898657636
              ],
              [
                72.55678567591261,
                23.136167805381696
              ],
              [
                72.55703704431424,
                23.13647977559818
              ],
              [
                72.5576407756479,
                23.13764807206973
              ],
              [
                72.5580276159074,
                23.137726922331183
              ],
              [
                72.55786646890907,
                23.138627298195075
              ],
              [
                72.55856326076217,
                23.138647533272497
              ],
              [
                72.55919752703338,
                23.13862782274269
              ],
              [
                72.55960207466627,
                23.13852772662432
              ],
              [
                72.56162565402381,
                23.13775063934857
              ],
              [
                72.56260566478187,
                23.137263718075342
              ],
              [
                72.5630464126718,
                23.136704338564208
              ],
              [
                72.56467519146533,
                23.135506819967127
              ],
              [
                72.5664666289553,
                23.13324853920672
              ],
              [
                72.56690054441373,
                23.13255206844426
              ],
              [
                72.56724368184125,
                23.13171183001956
              ],
              [
                72.56761395064869,
                23.13031147747131
              ],
              [
                72.56774542421397,
                23.129580233400354
              ],
              [
                72.56779462711252,
                23.12840380695274
              ],
              [
                72.56781373782682,
                23.127946870934366
              ],
              [
                72.56674469688329,
                23.1278992775886
              ],
              [
                72.56668690643241,
                23.1272308942379
              ],
              [
                72.56666063015915,
                23.12692698550214
              ],
              [
                72.56792146509275,
                23.126845631896188
              ],
              [
                72.56779431880734,
                23.12531798900279
              ],
              [
                72.56756629961248,
                23.12436836822493
              ],
              [
                72.56744712647222,
                23.123890250699052
              ],
              [
                72.56696176103945,
                23.122700113410474
              ],
              [
                72.56666757676096,
                23.121915808942024
              ],
              [
                72.56639665806932,
                23.121247898372328
              ],
              [
                72.56561695241477,
                23.12023701901942
              ],
              [
                72.56534180905604,
                23.11981786052523
              ],
              [
                72.56513131172309,
                23.119123210124748
              ],
              [
                72.56504401658245,
                23.118835127729348
              ],
              [
                72.56485654724236,
                23.118277331947112
              ],
              [
                72.56456073915272,
                23.11787099610898
              ],
              [
                72.56347320686646,
                23.116577659644378
              ],
              [
                72.56306544787687,
                23.1160321503668
              ],
              [
                72.56369239066214,
                23.11605820832422
              ],
              [
                72.5672192893335,
                23.115814105321146
              ],
              [
                72.56824683246285,
                23.115685096900602
              ],
              [
                72.56894346906789,
                23.115724328150325
              ],
              [
                72.5696263601977,
                23.115864188397136
              ],
              [
                72.57027598521954,
                23.11610040161087
              ],
              [
                72.57087755696396,
                23.116427336285383
              ],
              [
                72.57141503264185,
                23.116838471825044
              ],
              [
                72.57187743314405,
                23.11732155627083
              ],
              [
                72.57225127122048,
                23.11786528767734
              ],
              [
                72.57261984731167,
                23.118508477611407
              ],
              [
                72.57323326890729,
                23.11879692630309
              ],
              [
                72.5738802552937,
                23.119013881779818
              ],
              [
                72.57455216812922,
                23.11915613199471
              ],
              [
                72.57523688422734,
                23.119221417194446
              ],
              [
                72.57592457638732,
                23.119208732292577
              ],
              [
                72.57660798210368,
                23.11911938555257
              ],
              [
                72.57727231429168,
                23.118953409209986
              ],
              [
                72.57791157064217,
                23.118714368780275
              ],
              [
                72.57851475880194,
                23.118404514155294
              ],
              [
                72.57958129264173,
                23.117870905743757
              ],
              [
                72.58024483134048,
                23.11774446447388
              ],
              [
                72.58092164199945,
                23.11774769686637
              ],
              [
                72.58195008054899,
                23.118129011890733
              ],
              [
                72.58245838747949,
                23.118553943114186
              ],
              [
                72.58290738231311,
                23.119033695875174
              ],
              [
                72.58328965362271,
                23.11955929927055
              ],
              [
                72.5835989084652,
                23.120125084430416
              ],
              [
                72.58383154523193,
                23.120721130092342
              ],
              [
                72.5839476740743,
                23.12167063021161
              ],
              [
                72.58393801504002,
                23.122365011544986
              ],
              [
                72.58401999732308,
                23.123055095088834
              ],
              [
                72.58419213993362,
                23.123729626555466
              ],
              [
                72.58445220206438,
                23.12438064222271
              ],
              [
                72.58479615234879,
                23.124995782178537
              ],
              [
                72.5852191438457,
                23.12556838839302
              ],
              [
                72.58571383538793,
                23.126093947709446
              ],
              [
                72.58623822352678,
                23.126525540069927
              ],
              [
                72.5868145369808,
                23.12689446401564
              ],
              [
                72.58743664190565,
                23.127195135866852
              ],
              [
                72.58809360515227,
                23.127424451934523
              ],
              [
                72.5887754802208,
                23.127577768949532
              ],
              [
                72.5894726631794,
                23.127653038593547
              ],
              [
                72.59017629494238,
                23.127648015705788
              ],
              [
                72.59087316127541,
                23.127565226122364
              ],
              [
                72.59186196123663,
                23.12706740371472
              ],
              [
                72.59251478457402,
                23.12711262629345
              ],
              [
                72.59308911112232,
                23.12739908572894
              ],
              [
                72.59376444541822,
                23.127757921849938
              ],
              [
                72.59437994105656,
                23.12800566393236
              ],
              [
                72.59502186293672,
                23.128190928433515
              ],
              [
                72.59568021271657,
                23.12831285521278
              ],
              [
                72.59634918913065,
                23.128371461571284
              ],
              [
                72.59702109621026,
                23.12836561514823
              ],
              [
                72.59768871272436,
                23.128294442858476
              ],
              [
                72.59848640587325,
                23.12828284895433
              ],
              [
                72.59944012483886,
                23.12822784381628
              ],
              [
                72.6003896930216,
                23.128126553669528
              ],
              [
                72.60133159624594,
                23.12797902910753
              ],
              [
                72.60226567817973,
                23.127786548077307
              ],
              [
                72.60318598727326,
                23.127548896216265
              ],
              [
                72.60409236067716,
                23.12726750339996
              ],
              [
                72.60498252447796,
                23.126942107297438
              ],
              [
                72.60585264101175,
                23.12657410589276
              ],
              [
                72.60670046871009,
                23.12616558426006
              ],
              [
                72.60787153657193,
                23.125970606138797
              ],
              [
                72.60852729372591,
                23.125800075356732
              ],
              [
                72.60916801319551,
                23.125587940430336
              ],
              [
                72.6097899515823,
                23.12533538445778
              ],
              [
                72.61080662540046,
                23.125487410386523
              ],
              [
                72.61096568497463,
                23.124716890010145
              ],
              [
                72.6116589692927,
                23.124249016771312
              ],
              [
                72.6117873185837,
                23.123197719502897
              ],
              [
                72.61207533967725,
                23.122635837615064
              ],
              [
                72.6125033949047,
                23.122153802656356
              ],
              [
                72.6130436637736,
                23.121781236883795
              ],
              [
                72.61366566910282,
                23.121540000866826
              ],
              [
                72.61441638377157,
                23.121077170236862
              ],
              [
                72.61481116173753,
                23.12056382631998
              ],
              [
                72.61501575729274,
                23.119963368066603
              ],
              [
                72.61500993281096,
                23.119334567955516
              ],
              [
                72.61466624294333,
                23.11585742636784
              ],
              [
                72.61457690272594,
                23.114915605754803
              ],
              [
                72.61436589862649,
                23.114290142757984
              ],
              [
                72.61404171528328,
                23.11370761379259
              ],
              [
                72.61361168794095,
                23.113187026351643
              ],
              [
                72.61309090485757,
                23.11274316676719
              ],
              [
                72.61240327260019,
                23.111835831942948
              ],
              [
                72.61342825408111,
                23.111306930618962
              ],
              [
                72.6146604660637,
                23.11153459023628
              ],
              [
                72.61561566596588,
                23.111655577709783
              ],
              [
                72.61657784140641,
                23.111731347141284
              ],
              [
                72.61754311557422,
                23.11175966802857
              ],
              [
                72.61850807656963,
                23.11174166021371
              ],
              [
                72.61947123205773,
                23.11167626939073
              ],
              [
                72.61873931911853,
                23.110866535863952
              ],
              [
                72.61816025779886,
                23.110469496979707
              ],
              [
                72.61763807807067,
                23.110009872871874
              ],
              [
                72.61718131467514,
                23.109494118558757
              ],
              [
                72.6167950032196,
                23.108931395221877
              ],
              [
                72.61648635647008,
                23.108328394352846
              ],
              [
                72.61626070453909,
                23.107696260861008
              ],
              [
                72.61611905238168,
                23.107041758332148
              ],
              [
                72.61601177463267,
                23.10601438631577
              ],
              [
                72.61583612653341,
                23.10538626252153
              ],
              [
                72.6155777534988,
                23.10478260458147
              ],
              [
                72.61524260534549,
                23.104213745609446
              ],
              [
                72.61478873358628,
                23.103473306428235
              ],
              [
                72.61419645836966,
                23.102431763161828
              ],
              [
                72.61364303094284,
                23.101370645858022
              ],
              [
                72.61312981007681,
                23.100293347714327
              ],
              [
                72.61265804582771,
                23.09920083625021
              ],
              [
                72.61222877513741,
                23.098092106493606
              ],
              [
                72.61201694471804,
                23.09748141069785
              ],
              [
                72.61183975961013,
                23.096970599159942
              ],
              [
                72.611494702926,
                23.09583724868667
              ],
              [
                72.61119214044328,
                23.094693345260303
              ],
              [
                72.61093364663247,
                23.093539947635474
              ],
              [
                72.61071893340326,
                23.092379232904996
              ],
              [
                72.61040671885053,
                23.09156274777708
              ],
              [
                72.61177578621933,
                23.09174764247153
              ],
              [
                72.61317647897549,
                23.091829475230217
              ],
              [
                72.61421516183698,
                23.091879893647356
              ],
              [
                72.61527162273293,
                23.09188045213422
              ],
              [
                72.61680897455041,
                23.09197460135743
              ],
              [
                72.61744682250992,
                23.092013661497734
              ],
              [
                72.61868872928684,
                23.091995533085573
              ],
              [
                72.62122955564763,
                23.091920515688468
              ],
              [
                72.62191640713817,
                23.09184778365037
              ],
              [
                72.62413731653926,
                23.091701884930217
              ],
              [
                72.62507499748355,
                23.091599801582717
              ],
              [
                72.62643823286287,
                23.091463014288372
              ],
              [
                72.62684859448801,
                23.091344588813055
              ],
              [
                72.62790497634928,
                23.09108227246541
              ],
              [
                72.62837577773037,
                23.09104053418153
              ],
              [
                72.62909558795356,
                23.09100163951703
              ],
              [
                72.62991507937848,
                23.091050551211723
              ],
              [
                72.63109892719012,
                23.091089443873223
              ],
              [
                72.63161578369986,
                23.0911144720333
              ],
              [
                72.63272644170335,
                23.091301947143418
              ],
              [
                72.6339859371822,
                23.091501229516325
              ],
              [
                72.63447586687978,
                23.091561825234248
              ],
              [
                72.63516640916394,
                23.09159985889835
              ],
              [
                72.63654518652154,
                23.091804893232112
              ],
              [
                72.63735269752958,
                23.091977663537698
              ],
              [
                72.63812805479328,
                23.09219036578224
              ],
              [
                72.63874544969813,
                23.09246457725275
              ],
              [
                72.63933773821395,
                23.09274218366914
              ],
              [
                72.64006324236203,
                23.093219860468356
              ],
              [
                72.64082487407973,
                23.093763823917932
              ],
              [
                72.64211557477383,
                23.09473445910993
              ],
              [
                72.64279848357764,
                23.095260776497412
              ],
              [
                72.6434537621809,
                23.096011657154317
              ],
              [
                72.64429467718392,
                23.097181818479484
              ],
              [
                72.64478147511578,
                23.097827734783156
              ],
              [
                72.6457460341927,
                23.099368074196317
              ],
              [
                72.64625154227998,
                23.100300724547928
              ],
              [
                72.64661370039926,
                23.101212616212713
              ],
              [
                72.64764379004173,
                23.101151737546253
              ],
              [
                72.64823416509165,
                23.101111108095044
              ],
              [
                72.64874605594892,
                23.101048241277766
              ],
              [
                72.64911355191484,
                23.100983006853486
              ],
              [
                72.64955296401573,
                23.10087975539079
              ],
              [
                72.64991233543634,
                23.100781855186018
              ],
              [
                72.65037236668336,
                23.100578170065226
              ],
              [
                72.65059827900195,
                23.100372399670274
              ],
              [
                72.65098415300179,
                23.099893125455836
              ],
              [
                72.651254412784,
                23.099431322708554
              ],
              [
                72.6515716959396,
                23.098842701991668
              ],
              [
                72.65204556236263,
                23.098040346857086
              ],
              [
                72.6522988405444,
                23.09752841109573
              ],
              [
                72.65262647965086,
                23.09684207223885
              ],
              [
                72.65292447315326,
                23.096418483430167
              ],
              [
                72.65371696294908,
                23.095709885230857
              ],
              [
                72.65452543182506,
                23.095071205846722
              ],
              [
                72.65503455191461,
                23.094747708588734
              ],
              [
                72.65649755771399,
                23.09482984007228
              ],
              [
                72.6575266450296,
                23.094962482419266
              ],
              [
                72.65791253309594,
                23.09510096737064
              ],
              [
                72.65855457489207,
                23.095380895401444
              ],
              [
                72.65891346627117,
                23.095909946738455
              ],
              [
                72.65899838071,
                23.096291898988188
              ],
              [
                72.65908441454438,
                23.09667887958385
              ],
              [
                72.65931851092527,
                23.09690224336926
              ],
              [
                72.65994121528308,
                23.096950720982736
              ],
              [
                72.66032252503855,
                23.096902953896528
              ],
              [
                72.66056797316138,
                23.09675044056718
              ],
              [
                72.66067783249368,
                23.096260137031663
              ],
              [
                72.66101293285583,
                23.09606192300965
              ],
              [
                72.661883272668,
                23.095739685424217
              ],
              [
                72.66251297609813,
                23.095442723848816
              ],
              [
                72.66353219858688,
                23.095219861855405
              ],
              [
                72.66395128885667,
                23.095139576468025
              ],
              [
                72.66488176525405,
                23.094971423530296
              ],
              [
                72.6652434394119,
                23.094832109832982
              ],
              [
                72.66555384332491,
                23.095220004733783
              ],
              [
                72.66604260871026,
                23.095861824268297
              ],
              [
                72.66639231835038,
                23.096288986398925
              ],
              [
                72.66676154525862,
                23.096989094115575
              ],
              [
                72.6671914003219,
                23.098028664332706
              ],
              [
                72.66736604250161,
                23.098445551740824
              ],
              [
                72.66786355475642,
                23.099633139524343
              ],
              [
                72.66852433579811,
                23.100997327789067
              ],
              [
                72.66942236221847,
                23.10275097973916
              ],
              [
                72.67174000009544,
                23.107352955273946
              ],
              [
                72.67212393987829,
                23.108058363192708
              ],
              [
                72.67283124823572,
                23.107977162431453
              ],
              [
                72.6744306916447,
                23.10763002038587
              ],
              [
                72.67498411324753,
                23.10744919859275
              ],
              [
                72.67623259552873,
                23.10687307507579
              ],
              [
                72.67719312630054,
                23.10640986635745
              ],
              [
                72.67767129543809,
                23.106370635154143
              ],
              [
                72.67916145434064,
                23.10654835876228
              ],
              [
                72.67961040480196,
                23.1066298878564
              ],
              [
                72.68047326764597,
                23.106618372087983
              ],
              [
                72.68059270426001,
                23.106266826710527
              ],
              [
                72.68076360232747,
                23.105620394803616
              ],
              [
                72.68089937514227,
                23.104248114667364
              ],
              [
                72.68099884207092,
                23.103829119261665
              ],
              [
                72.68103044354415,
                23.103000802851305
              ],
              [
                72.68103216983185,
                23.102659731625778
              ],
              [
                72.68145485199881,
                23.10241035993192
              ],
              [
                72.6819337772551,
                23.10235732388519
              ],
              [
                72.68253302709768,
                23.10221111084384
              ],
              [
                72.68284096780049,
                23.101999858585685
              ],
              [
                72.68366985133439,
                23.101705470401587
              ],
              [
                72.6848872457687,
                23.101858502024243
              ],
              [
                72.68565813934354,
                23.10202793255509
              ],
              [
                72.68690072930795,
                23.10230103514964
              ],
              [
                72.6882999065535,
                23.102589554832004
              ],
              [
                72.68897975366215,
                23.102710349046532
              ],
              [
                72.68933121935298,
                23.10277279640827
              ],
              [
                72.69000905625384,
                23.10286067992224
              ],
              [
                72.69047058986588,
                23.10298427295602
              ],
              [
                72.6906577906816,
                23.1032007220008
              ],
              [
                72.69195760541514,
                23.104194401278683
              ],
              [
                72.69305138355547,
                23.104952277198763
              ],
              [
                72.69353869244956,
                23.105238456535673
              ],
              [
                72.69392750567386,
                23.105681257420397
              ],
              [
                72.69438082121648,
                23.106306953655995
              ],
              [
                72.69543868661448,
                23.108238684130082
              ],
              [
                72.69626242463838,
                23.109813407129643
              ],
              [
                72.69645288072573,
                23.11014987080319
              ],
              [
                72.69678073848212,
                23.110880182111902
              ],
              [
                72.69703898105317,
                23.111252167069313
              ],
              [
                72.6978752290873,
                23.111449038834433
              ],
              [
                72.69925943167918,
                23.111828936421613
              ],
              [
                72.69991318755946,
                23.111991685284867
              ],
              [
                72.70056046335333,
                23.110669644602222
              ],
              [
                72.70231606879456,
                23.11127017357471
              ],
              [
                72.70316337197794,
                23.111536697894774
              ],
              [
                72.70398974702425,
                23.11119828251745
              ],
              [
                72.705264280041,
                23.110600120734897
              ],
              [
                72.70609373335262,
                23.110206519754676
              ],
              [
                72.70642274638114,
                23.110019071755588
              ],
              [
                72.70677770357918,
                23.110094566146472
              ],
              [
                72.70779917938204,
                23.11027902373454
              ],
              [
                72.70854751030713,
                23.11044396296336
              ],
              [
                72.70945096205418,
                23.110597885617324
              ],
              [
                72.71033582229755,
                23.110727864489082
              ],
              [
                72.71076548515519,
                23.10999698684585
              ],
              [
                72.71125771724533,
                23.10903859780194
              ],
              [
                72.71160042784189,
                23.10843358839946
              ],
              [
                72.7120977212946,
                23.10792167685651
              ],
              [
                72.7123565421951,
                23.10774966451783
              ],
              [
                72.71295684254035,
                23.10726437657739
              ],
              [
                72.71357559050715,
                23.10609305809476
              ],
              [
                72.71390709772464,
                23.105334425194567
              ],
              [
                72.71393684703293,
                23.104980869015538
              ],
              [
                72.7139570867592,
                23.10453004082996
              ],
              [
                72.71408568582004,
                23.103386633571475
              ],
              [
                72.71416880979731,
                23.10297272724984
              ],
              [
                72.71455547062308,
                23.103009679649062
              ],
              [
                72.71459902365181,
                23.102320244503662
              ],
              [
                72.71467410812994,
                23.101779841202585
              ],
              [
                72.71480549213256,
                23.101302066350783
              ],
              [
                72.71512283174147,
                23.099738244354004
              ],
              [
                72.71517702485507,
                23.099471183188854
              ],
              [
                72.71542522909819,
                23.098600438606752
              ],
              [
                72.71560484133414,
                23.09797031566466
              ],
              [
                72.71578098510152,
                23.09706039776763
              ],
              [
                72.71615740144576,
                23.095419789191343
              ],
              [
                72.71630697346069,
                23.094772216365385
              ],
              [
                72.71749678974965,
                23.09523946034169
              ],
              [
                72.71733414409272,
                23.095830996076373
              ],
              [
                72.71834564829332,
                23.096100685247585
              ],
              [
                72.71971766367854,
                23.096429107825887
              ],
              [
                72.7205111998903,
                23.096619669852565
              ],
              [
                72.72163546350494,
                23.09688965322982
              ],
              [
                72.72258279987791,
                23.09705943257098
              ],
              [
                72.72353622235592,
                23.09729864812465
              ],
              [
                72.72487261211919,
                23.09755155737882
              ],
              [
                72.72628561494606,
                23.09777123526641
              ],
              [
                72.7266367012874,
                23.097820287302312
              ],
              [
                72.72766306014529,
                23.09800302979661
              ],
              [
                72.7286253199991,
                23.098173484022016
              ],
              [
                72.72977201980096,
                23.098610909866377
              ],
              [
                72.73046024831339,
                23.098869682977423
              ],
              [
                72.73140693371462,
                23.09914079847145
              ],
              [
                72.73259787028155,
                23.09958953536905
              ],
              [
                72.73321771373632,
                23.099734386216998
              ],
              [
                72.7324703245079,
                23.098035106535153
              ],
              [
                72.73573240688968,
                23.09842991948293
              ],
              [
                72.73611566344827,
                23.09850832805425
              ],
              [
                72.73616292585723,
                23.10027146089349
              ],
              [
                72.73796925363722,
                23.100364584878726
              ],
              [
                72.73819268244185,
                23.098547339668496
              ],
              [
                72.73874474167889,
                23.098463352141327
              ],
              [
                72.74037309863341,
                23.098231849609043
              ],
              [
                72.74082580299643,
                23.098156630455307
              ],
              [
                72.74105122491544,
                23.09749754354267
              ],
              [
                72.74160357581461,
                23.097792653441
              ],
              [
                72.7432450337785,
                23.099189421487136
              ],
              [
                72.74409828858514,
                23.099840942841062
              ],
              [
                72.74488759054543,
                23.099493631048908
              ],
              [
                72.74512385503203,
                23.099099207633206
              ],
              [
                72.74502879707954,
                23.098569124177107
              ],
              [
                72.74490489445647,
                23.098199019735205
              ],
              [
                72.74461538356144,
                23.09758129412248
              ],
              [
                72.74432049197594,
                23.096612947977953
              ],
              [
                72.7441045776604,
                23.096208039345036
              ],
              [
                72.74367979467182,
                23.09541143564062
              ],
              [
                72.7436238414824,
                23.09498463967969
              ],
              [
                72.7435551801838,
                23.093980975781932
              ],
              [
                72.74351536570973,
                23.093264512113063
              ],
              [
                72.74352120767685,
                23.09289137538728
              ],
              [
                72.74357059993315,
                23.09263095469411
              ],
              [
                72.74365396250901,
                23.092118598888288
              ],
              [
                72.74374203709819,
                23.09161107969503
              ],
              [
                72.74383482297515,
                23.090661215730506
              ],
              [
                72.74388247174807,
                23.09025318881175
              ],
              [
                72.74390245266149,
                23.08989455665512
              ],
              [
                72.74393916098708,
                23.089414553376617
              ],
              [
                72.74397545923185,
                23.089031342329363
              ],
              [
                72.74460059314104,
                23.089259381397444
              ],
              [
                72.74517783136905,
                23.089386598345566
              ],
              [
                72.74580172929932,
                23.089524099570063
              ],
              [
                72.7470031253065,
                23.08978421224248
              ],
              [
                72.74818741775202,
                23.090172578247362
              ],
              [
                72.7493717181462,
                23.09056093695146
              ],
              [
                72.75013407453217,
                23.090696636493174
              ],
              [
                72.75256236690448,
                23.09107251522579
              ],
              [
                72.75324234312019,
                23.091210930215052
              ],
              [
                72.75371295868,
                23.09126100263635
              ],
              [
                72.75430132179514,
                23.091971306659147
              ],
              [
                72.75531095086025,
                23.093619069350382
              ],
              [
                72.75679406841694,
                23.094459552045368
              ],
              [
                72.75808288687227,
                23.095120199122587
              ],
              [
                72.7612536059123,
                23.096091426894
              ],
              [
                72.76200280540657,
                23.096320902000517
              ],
              [
                72.76259082505612,
                23.09632120830833
              ],
              [
                72.76439085434679,
                23.096033388761988
              ],
              [
                72.76602281356011,
                23.09545173626409
              ],
              [
                72.76739856014599,
                23.09400964224073
              ],
              [
                72.76760758237926,
                23.09366446024644
              ],
              [
                72.7691541693276,
                23.091110371774313
              ],
              [
                72.77055773680375,
                23.089458121075573
              ],
              [
                72.77486153616817,
                23.08596005869359
              ],
              [
                72.77521020485605,
                23.08560320217905
              ],
              [
                72.77543779447491,
                23.08509870262499
              ],
              [
                72.77615900357708,
                23.08349997370325
              ],
              [
                72.7771568418397,
                23.080961115926332
              ],
              [
                72.77804925534733,
                23.078795274749517
              ],
              [
                72.77813822280037,
                23.077370390828897
              ],
              [
                72.77689804678961,
                23.075923907825004
              ],
              [
                72.77549036570318,
                23.073814835961905
              ],
              [
                72.77463400999848,
                23.072995077246784
              ],
              [
                72.77306974740256,
                23.07182360188292
              ],
              [
                72.77207159652949,
                23.07113539610283
              ],
              [
                72.77135949806704,
                23.07058985060034
              ],
              [
                72.77089050723947,
                23.07015266842058
              ],
              [
                72.77025019264657,
                23.06912186740441
              ],
              [
                72.76999336392461,
                23.068520627611854
              ],
              [
                72.76886126789394,
                23.06587033353559
              ],
              [
                72.7674544423018,
                23.062673253156188
              ],
              [
                72.7662665097265,
                23.060021329162215
              ],
              [
                72.7660601569951,
                23.059610444785314
              ],
              [
                72.76726846507749,
                23.059741655002153
              ],
              [
                72.76809323676714,
                23.059865899338522
              ],
              [
                72.76881161017445,
                23.059764297890133
              ],
              [
                72.76927957650656,
                23.059251198590456
              ],
              [
                72.76975055354357,
                23.058734788289676
              ],
              [
                72.7702593067753,
                23.058454705389583
              ],
              [
                72.7718170882444,
                23.058482624069025
              ],
              [
                72.77216732054616,
                23.058545364405166
              ],
              [
                72.77281605990844,
                23.058705265036718
              ],
              [
                72.77448278158535,
                23.058655348631433
              ],
              [
                72.77613256145762,
                23.058461702508463
              ],
              [
                72.7768392797311,
                23.05838461904058
              ],
              [
                72.77777927629975,
                23.05832321461231
              ],
              [
                72.7794871437319,
                23.058159950956377
              ],
              [
                72.78046854447156,
                23.058160422850474
              ],
              [
                72.78103855544428,
                23.058482513875965
              ],
              [
                72.78219081509538,
                23.058905982780747
              ],
              [
                72.78330905549012,
                23.058954420840177
              ],
              [
                72.78437684473592,
                23.059014289383896
              ],
              [
                72.78640655214484,
                23.05915663878622
              ],
              [
                72.78796815430405,
                23.058935633987154
              ],
              [
                72.78977753677266,
                23.058468198861796
              ],
              [
                72.79033806161577,
                23.05770184467343
              ],
              [
                72.79204774196468,
                23.056694899638067
              ],
              [
                72.79375586786256,
                23.055715521851983
              ],
              [
                72.7940033573685,
                23.054950940301552
              ],
              [
                72.79449881228777,
                23.053902110561367
              ],
              [
                72.79499473672178,
                23.053492261133652
              ],
              [
                72.79544877537582,
                23.053160044596236
              ],
              [
                72.79609538008432,
                23.0526869290476
              ],
              [
                72.79711537836437,
                23.05198841124537
              ],
              [
                72.79748979075494,
                23.051208224206164
              ],
              [
                72.79770605603484,
                23.04999951460173
              ],
              [
                72.79723986988641,
                23.049196054127393
              ],
              [
                72.79552504873955,
                23.04750597187134
              ],
              [
                72.7944871993279,
                23.04663624239192
              ],
              [
                72.79437658574872,
                23.046294474490427
              ],
              [
                72.79433844333751,
                23.045813231856517
              ],
              [
                72.7942601827378,
                23.045426896278308
              ],
              [
                72.7941187428027,
                23.04510210943243
              ],
              [
                72.79423602733924,
                23.044692768592785
              ],
              [
                72.79455222053784,
                23.0441545487148
              ],
              [
                72.79536365144673,
                23.0436395747142
              ],
              [
                72.79653599542958,
                23.04291622056641
              ],
              [
                72.7972565754999,
                23.042406363047654
              ],
              [
                72.79802923325589,
                23.04176528249531
              ],
              [
                72.79857311867978,
                23.041297765953104
              ],
              [
                72.79896735950089,
                23.041104370769762
              ],
              [
                72.79986922779045,
                23.040828974623498
              ],
              [
                72.8016964391129,
                23.04057431190453
              ],
              [
                72.80190969871347,
                23.039281722638314
              ],
              [
                72.8019885025136,
                23.038804081736984
              ],
              [
                72.80239619059172,
                23.038366986964178
              ],
              [
                72.8031637458544,
                23.03795440257749
              ],
              [
                72.80396522836588,
                23.037104333915163
              ],
              [
                72.80511299502933,
                23.036614656016667
              ],
              [
                72.80585348415127,
                23.036645067824388
              ],
              [
                72.80688280807357,
                23.03694729165564
              ],
              [
                72.80877742602172,
                23.038267727280033
              ],
              [
                72.81095643016066,
                23.038587388219806
              ],
              [
                72.81216864724747,
                23.03864467527913
              ],
              [
                72.81331360984404,
                23.038205510648204
              ],
              [
                72.81532250731753,
                23.037364589436777
              ],
              [
                72.8149802273435,
                23.036559480437212
              ],
              [
                72.8147326500723,
                23.03613814640729
              ],
              [
                72.81453679298049,
                23.03490265327809
              ],
              [
                72.81488512830732,
                23.033734357237517
              ],
              [
                72.81382525500248,
                23.032992800583912
              ],
              [
                72.8131466996592,
                23.03400719510699
              ],
              [
                72.81119688223063,
                23.032965414515406
              ],
              [
                72.81063582996617,
                23.032662301737275
              ],
              [
                72.81116284599705,
                23.032318413457695
              ],
              [
                72.81175560633866,
                23.032046779833067
              ],
              [
                72.81199352991395,
                23.031435685105674
              ],
              [
                72.81137468682711,
                23.031277360964793
              ],
              [
                72.81178415880599,
                23.03053607341406
              ],
              [
                72.81114610322646,
                23.03045521003015
              ],
              [
                72.80931511230725,
                23.029608023485196
              ],
              [
                72.80804339859894,
                23.0290961273013
              ],
              [
                72.80709513900736,
                23.028138518274464
              ],
              [
                72.80677923697428,
                23.02745513943448
              ],
              [
                72.80680461987203,
                23.026995345450604
              ],
              [
                72.80692521946304,
                23.026254240744944
              ],
              [
                72.80754321439886,
                23.02530111232721
              ],
              [
                72.80838416061036,
                23.02445901447896
              ],
              [
                72.80866864488648,
                23.024174620682267
              ],
              [
                72.80978469929188,
                23.02371568174262
              ],
              [
                72.81075730391908,
                23.023148537741278
              ],
              [
                72.81153707484104,
                23.022646029929795
              ],
              [
                72.81220550870684,
                23.022626911785384
              ],
              [
                72.8145946156921,
                23.023196179295557
              ],
              [
                72.81535287152523,
                23.023264266689853
              ],
              [
                72.81588729140773,
                23.022694832905632
              ],
              [
                72.8162280325439,
                23.021748854663063
              ],
              [
                72.81661058091264,
                23.020686800292605
              ],
              [
                72.81733384699889,
                23.01867876763097
              ],
              [
                72.8181492944544,
                23.01730203237598
              ],
              [
                72.81871264237738,
                23.017558621679502
              ],
              [
                72.82117515169507,
                23.01928423733369
              ],
              [
                72.82217608868656,
                23.01955736258479
              ],
              [
                72.82261271369799,
                23.01958718882317
              ],
              [
                72.82340611387473,
                23.01928810237139
              ],
              [
                72.82393369201257,
                23.01784896546984
              ],
              [
                72.82399487280412,
                23.01682653616739
              ],
              [
                72.82447358701971,
                23.01554913184456
              ],
              [
                72.82455285479645,
                23.014561743934046
              ],
              [
                72.82385308182869,
                23.014427308507692
              ],
              [
                72.82264554415494,
                23.014379548577143
              ],
              [
                72.82202194107909,
                23.013856860022578
              ],
              [
                72.82143043704147,
                23.013745962796754
              ],
              [
                72.82019270828484,
                23.014065547402183
              ],
              [
                72.81945721096001,
                23.014127633338642
              ],
              [
                72.81904822866568,
                23.01404839584089
              ],
              [
                72.81918288319547,
                23.012870007612488
              ],
              [
                72.81936275182258,
                23.01213630536751
              ],
              [
                72.82028383782097,
                23.011778731130725
              ],
              [
                72.82137167494027,
                23.011558097132887
              ],
              [
                72.82187740262506,
                23.011508208556364
              ],
              [
                72.8221875838198,
                23.011301572630458
              ],
              [
                72.82249776398096,
                23.011094936999203
              ],
              [
                72.82286986660486,
                23.010577750681904
              ],
              [
                72.82326344558824,
                23.008766195116582
              ],
              [
                72.82411481605666,
                23.005694689352612
              ],
              [
                72.825147773176,
                23.005409179207195
              ],
              [
                72.82559643561596,
                23.00528516771882
              ],
              [
                72.82851358527724,
                23.004579148442687
              ],
              [
                72.831101283215,
                23.00397740213571
              ],
              [
                72.83348809059265,
                23.002817571748178
              ],
              [
                72.83432700365526,
                23.001925700800864
              ],
              [
                72.83532896873838,
                23.00089901699612
              ],
              [
                72.83554970255844,
                23.000688143782813
              ],
              [
                72.83583348647618,
                23.000507899718034
              ],
              [
                72.83600085950664,
                22.999999477024122
              ],
              [
                72.8363989944014,
                22.998916476853715
              ],
              [
                72.83660040322071,
                22.997607543629883
              ],
              [
                72.83657287660122,
                22.996522929966403
              ],
              [
                72.83755437112005,
                22.996384797096564
              ],
              [
                72.83836854253965,
                22.99633091382196
              ],
              [
                72.83825558359958,
                22.99603056287397
              ],
              [
                72.83818807935798,
                22.995718524214702
              ],
              [
                72.8381402777048,
                22.995319823400763
              ],
              [
                72.83807555243808,
                22.99495720858158
              ],
              [
                72.83802118841248,
                22.994406073038874
              ],
              [
                72.8374093277492,
                22.993579748621503
              ],
              [
                72.83659342541435,
                22.99293281596201
              ],
              [
                72.8356191874039,
                22.992448981425618
              ],
              [
                72.83509124651086,
                22.992179785083817
              ],
              [
                72.83490405377601,
                22.991871323526894
              ],
              [
                72.83476151320079,
                22.99084121766811
              ],
              [
                72.83428853983511,
                22.989210087881602
              ],
              [
                72.83368237824008,
                22.988190401540916
              ],
              [
                72.83332199102753,
                22.987500380756554
              ],
              [
                72.83298264407902,
                22.986880491548256
              ],
              [
                72.83240377232306,
                22.985908186813887
              ],
              [
                72.83170308430051,
                22.9853404109499
              ],
              [
                72.83119778275085,
                22.985045725582243
              ],
              [
                72.8308302726348,
                22.984797010387013
              ],
              [
                72.83041963133921,
                22.98451086349139
              ],
              [
                72.83034305941425,
                22.984086948176586
              ],
              [
                72.83039150185054,
                22.983568315953146
              ],
              [
                72.83080136169944,
                22.98293840256329
              ],
              [
                72.83105501676012,
                22.98254855305677
              ],
              [
                72.83139350605515,
                22.982006717185307
              ],
              [
                72.83166448719409,
                22.980741702588833
              ],
              [
                72.83199468909221,
                22.980814554747838
              ],
              [
                72.83220981059894,
                22.981009457786985
              ],
              [
                72.8327292435435,
                22.981554269907406
              ],
              [
                72.83354585696378,
                22.981787746075867
              ],
              [
                72.83452488159067,
                22.981952866419125
              ],
              [
                72.83499652001245,
                22.982064749370817
              ],
              [
                72.83536343926359,
                22.98215178921549
              ],
              [
                72.83596315928438,
                22.982273811025234
              ],
              [
                72.83652225852099,
                22.982090357294805
              ],
              [
                72.83723503288711,
                22.98199485165608
              ],
              [
                72.83773035886185,
                22.982401502008738
              ],
              [
                72.83798406371058,
                22.98256765189163
              ],
              [
                72.83809387055976,
                22.98219301819189
              ],
              [
                72.83779556592205,
                22.98174675684862
              ],
              [
                72.83762678603442,
                22.98150141878687
              ],
              [
                72.83791977983421,
                22.981300097152317
              ],
              [
                72.83822949816545,
                22.981487918198788
              ],
              [
                72.83835610328738,
                22.981727937935084
              ],
              [
                72.83856851267217,
                22.981452405486586
              ],
              [
                72.83825107750597,
                22.98097918295947
              ],
              [
                72.83771207705708,
                22.980368342600098
              ],
              [
                72.83780914468932,
                22.979598460533524
              ],
              [
                72.838149686486,
                22.978424927128273
              ],
              [
                72.83853368590012,
                22.978184176946232
              ],
              [
                72.83861183033135,
                22.977754339573945
              ],
              [
                72.83895024467063,
                22.977858977521542
              ],
              [
                72.83921545787643,
                22.977524374443057
              ],
              [
                72.83925258431228,
                22.97715869102079
              ],
              [
                72.83984949366452,
                22.97703237276997
              ],
              [
                72.83941815029006,
                22.976410476138376
              ],
              [
                72.83908486216234,
                22.975952234553475
              ],
              [
                72.83922055929223,
                22.974750847939397
              ],
              [
                72.83933427524244,
                22.97422145964957
              ],
              [
                72.83969265275985,
                22.973860331981868
              ],
              [
                72.8396501606793,
                22.97309309703546
              ],
              [
                72.83947140804695,
                22.97226874044815
              ],
              [
                72.83924039239024,
                22.971580212984318
              ],
              [
                72.83919251417194,
                22.97100172761209
              ],
              [
                72.83930141946777,
                22.970514650561366
              ],
              [
                72.83978485210744,
                22.970121580120036
              ],
              [
                72.84039301910715,
                22.969629216767082
              ],
              [
                72.84090004268973,
                22.96907797959917
              ],
              [
                72.84123878349577,
                22.968826566996547
              ],
              [
                72.84169457603568,
                22.968501165829675
              ],
              [
                72.84233032236361,
                22.967802743399844
              ],
              [
                72.84261225310787,
                22.96711071212538
              ],
              [
                72.84236456503244,
                22.966181695929677
              ],
              [
                72.8417527257659,
                22.965447586714575
              ],
              [
                72.84124011646307,
                22.96481034415959
              ],
              [
                72.84113845515985,
                22.96385132293475
              ],
              [
                72.84091905864749,
                22.96322327403009
              ],
              [
                72.84078407099264,
                22.962871181613643
              ],
              [
                72.84047370134947,
                22.962630684592497
              ],
              [
                72.84011679371991,
                22.962512460053883
              ],
              [
                72.83952486174742,
                22.96302553414502
              ],
              [
                72.83920851694283,
                22.963260543492243
              ],
              [
                72.8386029676034,
                22.963827064181096
              ],
              [
                72.83830938959929,
                22.964232304134892
              ],
              [
                72.83784276225222,
                22.963401069986606
              ],
              [
                72.83531424710753,
                22.961673098874098
              ],
              [
                72.83495208040894,
                22.960835479594714
              ],
              [
                72.83470282314256,
                22.960570192751835
              ],
              [
                72.83446192317014,
                22.959881191458567
              ],
              [
                72.83408005381213,
                22.959402209290637
              ],
              [
                72.83345388635404,
                22.958930148342645
              ],
              [
                72.83287392548216,
                22.958432604440596
              ],
              [
                72.83198422370592,
                22.957593156083888
              ],
              [
                72.83136142870758,
                22.95724110136208
              ],
              [
                72.83049123614822,
                22.956771351637006
              ],
              [
                72.82958364930275,
                22.956710105365644
              ],
              [
                72.82870141882451,
                22.956368851414194
              ],
              [
                72.82846524812453,
                22.956194340382762
              ],
              [
                72.8278480967291,
                22.95568321677699
              ],
              [
                72.82738935574216,
                22.95486194189127
              ],
              [
                72.82706140874028,
                22.95441988326339
              ],
              [
                72.82656501132709,
                22.95430426378422
              ],
              [
                72.82644084449629,
                22.95483208323094
              ],
              [
                72.82592651900215,
                22.954867089945115
              ],
              [
                72.82583587810547,
                22.955246589890287
              ],
              [
                72.8257387577644,
                22.95571248698482
              ],
              [
                72.8255440756992,
                22.956449165319192
              ],
              [
                72.82525480575346,
                22.956956398820065
              ],
              [
                72.82491590112447,
                22.956863270591146
              ],
              [
                72.82452755767,
                22.95668359605515
              ],
              [
                72.82420183164922,
                22.956451559666238
              ],
              [
                72.82382190164705,
                22.956299940140667
              ],
              [
                72.82347976354585,
                22.956094783390412
              ],
              [
                72.82318251146901,
                22.95579937007013
              ],
              [
                72.82296651986286,
                22.95547127389985
              ],
              [
                72.82272413194194,
                22.955081823841226
              ],
              [
                72.82260298805899,
                22.954841001132593
              ],
              [
                72.82230024486506,
                22.95459852103264
              ],
              [
                72.82155304494405,
                22.954427248192736
              ],
              [
                72.82110559083861,
                22.95428165422447
              ],
              [
                72.82073863709252,
                22.95407971119762
              ],
              [
                72.82030400505258,
                22.95401330558176
              ],
              [
                72.81993457752783,
                22.95403273480553
              ],
              [
                72.8196341331198,
                22.953978969839266
              ],
              [
                72.81932500744308,
                22.953893308264057
              ],
              [
                72.81905391189015,
                22.953663839019544
              ],
              [
                72.81880110288365,
                22.95328310853167
              ],
              [
                72.81850746508869,
                22.95301108316216
              ],
              [
                72.81809811627636,
                22.952761252779386
              ],
              [
                72.8175553753277,
                22.95258348520908
              ],
              [
                72.81731777236699,
                22.952378646092818
              ],
              [
                72.81717485606181,
                22.952081471145803
              ],
              [
                72.81710433639553,
                22.95164481204057
              ],
              [
                72.81703457603749,
                22.951194362132657
              ],
              [
                72.81702251881826,
                22.95087110106487
              ],
              [
                72.81693497858188,
                22.950562714135305
              ],
              [
                72.81679550978401,
                22.950293361492587
              ],
              [
                72.81658526816192,
                22.950043714122657
              ],
              [
                72.81625344385813,
                22.949742222367497
              ],
              [
                72.81584512213671,
                22.949473993764588
              ],
              [
                72.81532529915776,
                22.94924198299322
              ],
              [
                72.81494261304863,
                22.94914091860103
              ],
              [
                72.81432476623814,
                22.948881221693235
              ],
              [
                72.81376598959281,
                22.948633534468303
              ],
              [
                72.81335286286573,
                22.94845265812326
              ],
              [
                72.81304627538748,
                22.948235329687474
              ],
              [
                72.812841769316,
                22.947972117568636
              ],
              [
                72.81269669154018,
                22.947624129638175
              ],
              [
                72.8126436176812,
                22.947142195709777
              ],
              [
                72.81239687946437,
                22.946471318664862
              ],
              [
                72.81206255675295,
                22.9457640325601
              ],
              [
                72.81188106313321,
                22.945354390433817
              ],
              [
                72.81176896775564,
                22.945040229983462
              ],
              [
                72.81125375273143,
                22.944273678285477
              ],
              [
                72.81083838156384,
                22.943682411154455
              ],
              [
                72.81045563414108,
                22.94322176254584
              ],
              [
                72.80998265981,
                22.942862869636485
              ],
              [
                72.80954346454823,
                22.94270380164927
              ],
              [
                72.80923769774002,
                22.942652455177534
              ],
              [
                72.80889857390585,
                22.94257418146746
              ],
              [
                72.80850968481221,
                22.94281162977347
              ],
              [
                72.80799611795875,
                22.942782723128754
              ],
              [
                72.80766715781918,
                22.942610421683867
              ],
              [
                72.80720528344672,
                22.942321195925484
              ],
              [
                72.8067472497501,
                22.94214278610961
              ],
              [
                72.8062058755466,
                22.942121776000555
              ],
              [
                72.80570138968795,
                22.94197343314301
              ],
              [
                72.80511276265132,
                22.94181649582477
              ],
              [
                72.80485573850692,
                22.94169369327971
              ],
              [
                72.80487073045394,
                22.941196538518575
              ],
              [
                72.80435627298425,
                22.94119938026132
              ],
              [
                72.8043911936708,
                22.94078559535207
              ],
              [
                72.80447356473165,
                22.940188349257287
              ],
              [
                72.80449529901672,
                22.939344683797785
              ],
              [
                72.80451194936475,
                22.938999639627134
              ],
              [
                72.80463420573285,
                22.937929669706474
              ],
              [
                72.80465416030839,
                22.937081016480132
              ],
              [
                72.80470232369191,
                22.936429411413346
              ],
              [
                72.80492201209897,
                22.935005012524975
              ],
              [
                72.80505045328168,
                22.934169193061546
              ],
              [
                72.80516530169476,
                22.933354784507973
              ],
              [
                72.80455396402675,
                22.9338530575866
              ],
              [
                72.8042654044622,
                22.93382684630528
              ],
              [
                72.80372079909458,
                22.933732877291376
              ],
              [
                72.80331333164305,
                22.933518465900363
              ],
              [
                72.80290141048215,
                22.933351077423243
              ],
              [
                72.80212168798396,
                22.933129577154222
              ],
              [
                72.80032538199207,
                22.93270751694804
              ],
              [
                72.79953260059234,
                22.932592954646037
              ],
              [
                72.79881472579201,
                22.932349313618438
              ],
              [
                72.79698495021816,
                22.93185263702445
              ],
              [
                72.79759495165321,
                22.93138373177445
              ],
              [
                72.797891476965,
                22.93112601427192
              ],
              [
                72.79810935818635,
                22.93027108434701
              ],
              [
                72.79793207019266,
                22.929511328083528
              ],
              [
                72.79769355488746,
                22.928843119817127
              ],
              [
                72.79782229356765,
                22.928420779185007
              ],
              [
                72.79750419179221,
                22.927887160107804
              ],
              [
                72.79719962121665,
                22.927140706265867
              ],
              [
                72.7971343897178,
                22.926499794220135
              ],
              [
                72.79759339701559,
                22.92510050817
              ],
              [
                72.7978936823946,
                22.924507804700358
              ],
              [
                72.79854798769072,
                22.923198077035146
              ],
              [
                72.79891689657745,
                22.920329692423312
              ],
              [
                72.79778741977474,
                22.919471750016022
              ],
              [
                72.79595445892146,
                22.918711467245885
              ],
              [
                72.79638781424967,
                22.918648385903595
              ],
              [
                72.79670586850975,
                22.918665395362748
              ],
              [
                72.79708761044597,
                22.91870155991705
              ],
              [
                72.79753287951307,
                22.91873722905172
              ],
              [
                72.79784161160431,
                22.918716818987452
              ],
              [
                72.79657762876357,
                22.91819233971819
              ],
              [
                72.7956368511025,
                22.918106256487867
              ],
              [
                72.79570707164974,
                22.91674506619693
              ],
              [
                72.79341955400048,
                22.916535195347493
              ],
              [
                72.79169787516848,
                22.91635212794246
              ],
              [
                72.79117722345141,
                22.91631821090316
              ],
              [
                72.78959092878098,
                22.915666726897637
              ],
              [
                72.78890531612568,
                22.915196257355927
              ],
              [
                72.78934835013067,
                22.9136637527353
              ],
              [
                72.79011950964335,
                22.91114647437755
              ],
              [
                72.79055638031028,
                22.909949273835917
              ],
              [
                72.79099920142072,
                22.90873575966871
              ],
              [
                72.7911662805892,
                22.908070122905638
              ],
              [
                72.79088945795321,
                22.907923816251387
              ],
              [
                72.79018191448358,
                22.907869014414562
              ],
              [
                72.78921879591492,
                22.907996690603778
              ],
              [
                72.78796428291658,
                22.908006304911233
              ],
              [
                72.78697562109433,
                22.908157608122423
              ],
              [
                72.7855498245818,
                22.908384957105074
              ],
              [
                72.78491161915527,
                22.90831778065822
              ],
              [
                72.78439952778655,
                22.908219707760207
              ],
              [
                72.78357819382867,
                22.907954823109286
              ],
              [
                72.78264652955238,
                22.907615547104605
              ],
              [
                72.78222135955409,
                22.907475495909672
              ],
              [
                72.78153545956104,
                22.907244460391148
              ],
              [
                72.7806628303649,
                22.906954305915725
              ],
              [
                72.77989916068958,
                22.90681660765789
              ],
              [
                72.77875142987118,
                22.906605336389187
              ],
              [
                72.77811578375108,
                22.9064921541452
              ],
              [
                72.77694832684949,
                22.90654730294599
              ],
              [
                72.77581013820266,
                22.906613056750782
              ],
              [
                72.77469153785601,
                22.90686412806484
              ],
              [
                72.77379727939812,
                22.90728720647818
              ],
              [
                72.77316936762548,
                22.907663016624625
              ],
              [
                72.77237905742788,
                22.908275424737806
              ],
              [
                72.77207987025393,
                22.908523434249965
              ],
              [
                72.77160763117972,
                22.908914887428743
              ],
              [
                72.77110662799676,
                22.90931366696149
              ],
              [
                72.77045916500958,
                22.909156791479035
              ],
              [
                72.76962811664092,
                22.90893285686328
              ],
              [
                72.7688529370973,
                22.908688528809243
              ],
              [
                72.76824361686964,
                22.908728682348674
              ],
              [
                72.76778106557154,
                22.908365536323544
              ],
              [
                72.76725679329827,
                22.90803863570552
              ],
              [
                72.76687107656434,
                22.907994923552668
              ],
              [
                72.76610981765688,
                22.907993262986302
              ],
              [
                72.76569228314571,
                22.907984910128896
              ],
              [
                72.7653992081109,
                22.907975568766034
              ],
              [
                72.76483801283027,
                22.907865874442756
              ],
              [
                72.76433495901456,
                22.907874190271006
              ],
              [
                72.7638224902773,
                22.907872838218047
              ],
              [
                72.76331391853945,
                22.90775642165866
              ],
              [
                72.76225044269188,
                22.907147975766584
              ],
              [
                72.76164407469834,
                22.90704533654525
              ],
              [
                72.76080022280995,
                22.90709733900448
              ],
              [
                72.76043029419759,
                22.907038227919706
              ],
              [
                72.7600598555261,
                22.906988309505245
              ],
              [
                72.75959940357872,
                22.90721530673141
              ],
              [
                72.75939036534038,
                22.907532572087668
              ],
              [
                72.75908366528954,
                22.907686487860676
              ],
              [
                72.75852495154022,
                22.90842704396467
              ],
              [
                72.75842205228601,
                22.908758479113725
              ],
              [
                72.75748201766778,
                22.909959364159246
              ],
              [
                72.75693199578083,
                22.90981726612937
              ],
              [
                72.75605297121322,
                22.909337424631257
              ],
              [
                72.7555816545772,
                22.909238892682826
              ],
              [
                72.75442475211771,
                22.908997035414618
              ],
              [
                72.7532299309417,
                22.908917013357772
              ],
              [
                72.75246368315933,
                22.9090049404045
              ],
              [
                72.75208903937515,
                22.909054254764918
              ],
              [
                72.75146110503337,
                22.909136908143413
              ],
              [
                72.75055267437095,
                22.90936556139383
              ],
              [
                72.74999133542399,
                22.909348003711862
              ],
              [
                72.7493717536632,
                22.909327717439538
              ],
              [
                72.74769353977368,
                22.909325951759012
              ],
              [
                72.74699977923534,
                22.909094614215068
              ],
              [
                72.74630361552319,
                22.908817059776275
              ],
              [
                72.74587010924218,
                22.908606387182832
              ],
              [
                72.74550414982879,
                22.90842854095677
              ],
              [
                72.7444933760822,
                22.907813264316534
              ],
              [
                72.74367959422055,
                22.90723504437878
              ],
              [
                72.74291458034703,
                22.906585390612662
              ],
              [
                72.7420025306433,
                22.90571665351099
              ],
              [
                72.74139915538574,
                22.90588914151697
              ],
              [
                72.74081423710082,
                22.90605634736712
              ],
              [
                72.74100159923319,
                22.906357904852765
              ],
              [
                72.74154039554652,
                22.90722508104464
              ],
              [
                72.741979075142,
                22.90801589434902
              ],
              [
                72.74200357688552,
                22.908648626139026
              ],
              [
                72.74167749729945,
                22.908785181204994
              ],
              [
                72.74131877593277,
                22.90886827903862
              ],
              [
                72.74114727180628,
                22.909373812719487
              ],
              [
                72.74022824369519,
                22.909454329618
              ],
              [
                72.7395000493285,
                22.90940640158699
              ],
              [
                72.73915881025249,
                22.909316429492737
              ],
              [
                72.73886642168887,
                22.909176700857653
              ],
              [
                72.73812037321268,
                22.908703198781552
              ],
              [
                72.73758744406777,
                22.908474408515545
              ],
              [
                72.7365424482099,
                22.908202123437427
              ],
              [
                72.73622538777747,
                22.909377515795455
              ],
              [
                72.73646459123636,
                22.910264840852918
              ],
              [
                72.73709364021114,
                22.91103249893417
              ],
              [
                72.73767824929438,
                22.91209202814299
              ],
              [
                72.73787194494876,
                22.91252472904177
              ],
              [
                72.73783143438646,
                22.912796490677877
              ],
              [
                72.73761169708513,
                22.91343599289272
              ],
              [
                72.73718781185988,
                22.913401260956928
              ],
              [
                72.73653176531738,
                22.91334750198635
              ],
              [
                72.73576753124985,
                22.913398562803536
              ],
              [
                72.73450749673839,
                22.913563608102347
              ],
              [
                72.73393809728967,
                22.91365555394476
              ],
              [
                72.73367086179724,
                22.913784476234305
              ],
              [
                72.73366710756953,
                22.914119808298395
              ],
              [
                72.73365077359932,
                22.914412975845746
              ],
              [
                72.73309956540021,
                22.91463038918066
              ],
              [
                72.7330377901218,
                22.914932436459043
              ],
              [
                72.73248240860983,
                22.915153987940325
              ],
              [
                72.73181353113137,
                22.915225274645245
              ],
              [
                72.7309165875444,
                22.915243382566743
              ],
              [
                72.73015330725694,
                22.915398664173694
              ],
              [
                72.72913957914929,
                22.915454259048175
              ],
              [
                72.7279016797386,
                22.915455051585358
              ],
              [
                72.72704453418557,
                22.9153495866786
              ],
              [
                72.72550436873291,
                22.915130748978704
              ],
              [
                72.72395388548033,
                22.914834691196667
              ],
              [
                72.72344187800448,
                22.914571606204486
              ],
              [
                72.72313439513826,
                22.913808364393088
              ],
              [
                72.72316525940731,
                22.91307685734431
              ],
              [
                72.72324601101694,
                22.912343124808324
              ],
              [
                72.72328150232403,
                22.91179623778006
              ],
              [
                72.72329162077047,
                22.911213560390497
              ],
              [
                72.72338317958348,
                22.910063145098782
              ],
              [
                72.72359304541223,
                22.90915580852032
              ],
              [
                72.72289864701699,
                22.909025748726844
              ],
              [
                72.7215252648375,
                22.909024515852767
              ],
              [
                72.72144293932722,
                22.908716313276322
              ],
              [
                72.72075787599903,
                22.90877569977538
              ],
              [
                72.71981627674491,
                22.9087951340177
              ],
              [
                72.71705617100544,
                22.908496919769544
              ],
              [
                72.71538476322156,
                22.90821857834211
              ],
              [
                72.71577625142619,
                22.907624216122027
              ],
              [
                72.71587552396387,
                22.90682683700747
              ],
              [
                72.7160680649332,
                22.90605236872221
              ],
              [
                72.71615894802605,
                22.905494306296795
              ],
              [
                72.71587795935807,
                22.904734021079793
              ],
              [
                72.71542840172484,
                22.904408210886416
              ],
              [
                72.7148354389822,
                22.90406630484624
              ],
              [
                72.71442884458013,
                22.90359503422727
              ],
              [
                72.71347400289125,
                22.90171447586737
              ],
              [
                72.71283419620829,
                22.90069725914512
              ],
              [
                72.7121118330597,
                22.89964380921273
              ],
              [
                72.71191344987541,
                22.899388700112574
              ],
              [
                72.71141548428145,
                22.898748340453164
              ],
              [
                72.71057802391131,
                22.896905665076954
              ],
              [
                72.70980878891449,
                22.89624641204874
              ],
              [
                72.7095964827044,
                22.895415649416027
              ],
              [
                72.7094999354787,
                22.89465036935213
              ],
              [
                72.70947842111288,
                22.89396705771652
              ],
              [
                72.70935985592271,
                22.893684770277176
              ],
              [
                72.70875918677774,
                22.893125801254794
              ],
              [
                72.70792904755525,
                22.892666456025246
              ],
              [
                72.7072351342587,
                22.892084561874235
              ],
              [
                72.7074556348307,
                22.891878476541788
              ],
              [
                72.7078582983995,
                22.891529001405384
              ],
              [
                72.70759891528392,
                22.891184634496927
              ],
              [
                72.7074259491894,
                22.890807535500524
              ],
              [
                72.70712833576923,
                22.89034608145792
              ],
              [
                72.70655815881628,
                22.889687146060087
              ],
              [
                72.70557549561845,
                22.888911520525408
              ],
              [
                72.7046265516069,
                22.88841481007706
              ],
              [
                72.70452647321825,
                22.88913067954707
              ],
              [
                72.70401521633126,
                22.888830785421504
              ],
              [
                72.70307552387294,
                22.88847641810736
              ],
              [
                72.70208723792035,
                22.888265620922965
              ],
              [
                72.70074478410747,
                22.88750378022713
              ],
              [
                72.70048398081823,
                22.886947782385008
              ],
              [
                72.69951580215351,
                22.884925511608486
              ],
              [
                72.6989791498675,
                22.884053824388282
              ],
              [
                72.69820783560392,
                22.883965323401746
              ],
              [
                72.69772800921852,
                22.88386047993642
              ],
              [
                72.69639793638288,
                22.883829557939983
              ],
              [
                72.69595923670666,
                22.883509188381865
              ],
              [
                72.69548768603609,
                22.883096695777844
              ],
              [
                72.69494874603453,
                22.88249753127774
              ],
              [
                72.69435441127304,
                22.882105178087418
              ],
              [
                72.6936486775958,
                22.881487615390732
              ],
              [
                72.69317111068376,
                22.8811898948049
              ],
              [
                72.69283986375788,
                22.881339002885998
              ],
              [
                72.69229929125125,
                22.881768101827454
              ],
              [
                72.6918761800168,
                22.88153744088311
              ],
              [
                72.69115271551217,
                22.881134076768884
              ],
              [
                72.69049560699847,
                22.88087209624938
              ],
              [
                72.68969203063388,
                22.880541344044893
              ],
              [
                72.68928877212198,
                22.88039493005558
              ],
              [
                72.68856147714685,
                22.880130865188793
              ],
              [
                72.68795246526314,
                22.88015826044724
              ],
              [
                72.6875714269396,
                22.880308001410093
              ],
              [
                72.68678610647024,
                22.880582493144168
              ],
              [
                72.68616522312404,
                22.88092914194395
              ],
              [
                72.68540023992288,
                22.88155883126253
              ],
              [
                72.68424903861552,
                22.882134058598155
              ],
              [
                72.68386806335192,
                22.881884102926115
              ],
              [
                72.68325886516084,
                22.881679585600306
              ],
              [
                72.6832910387264,
                22.88101729095761
              ],
              [
                72.68237930942378,
                22.880960173477572
              ],
              [
                72.68169956785128,
                22.880917592111537
              ],
              [
                72.68141024603865,
                22.880576344732333
              ],
              [
                72.6812943335561,
                22.880248057984485
              ],
              [
                72.68100094777638,
                22.880067963054493
              ],
              [
                72.68065439388769,
                22.880037438794538
              ],
              [
                72.67999034166485,
                22.880079208261318
              ],
              [
                72.6780703478816,
                22.88033705216018
              ],
              [
                72.67791287282098,
                22.88070683444464
              ],
              [
                72.67784214631322,
                22.881566151182966
              ],
              [
                72.67727602177422,
                22.88158133460453
              ],
              [
                72.67646499261207,
                22.881567401619705
              ],
              [
                72.6755104056534,
                22.881580535305787
              ],
              [
                72.67525127636155,
                22.880657561606334
              ],
              [
                72.67472236809081,
                22.88050759014838
              ],
              [
                72.67371868439776,
                22.88052834485482
              ],
              [
                72.67337161726846,
                22.88100396506996
              ],
              [
                72.67318242677909,
                22.88135073111633
              ],
              [
                72.6728742915391,
                22.881787655544983
              ],
              [
                72.67251043191632,
                22.882065150296096
              ],
              [
                72.67223624992286,
                22.882210861627172
              ],
              [
                72.67196168664587,
                22.88235677723012
              ],
              [
                72.67123244903362,
                22.882584373703136
              ],
              [
                72.67077264760422,
                22.88270971470463
              ],
              [
                72.67046767742069,
                22.88314944850549
              ],
              [
                72.6702529010463,
                22.883459128949873
              ],
              [
                72.66950398263579,
                22.885276235756233
              ],
              [
                72.6684544719296,
                22.886686980481212
              ],
              [
                72.66810444046823,
                22.887426137348793
              ],
              [
                72.66772489345612,
                22.887716695178288
              ],
              [
                72.66771196969705,
                22.888389139450037
              ],
              [
                72.66843913690613,
                22.89032356818154
              ],
              [
                72.66907668127538,
                22.89084299800089
              ],
              [
                72.67032057033245,
                22.891353194645173
              ],
              [
                72.6707399724498,
                22.891614745211967
              ],
              [
                72.67010559398672,
                22.892455443207503
              ],
              [
                72.66967620858509,
                22.89283580148143
              ],
              [
                72.66941992847386,
                22.893146143476173
              ],
              [
                72.66901614081263,
                22.893730593949503
              ],
              [
                72.6688620379333,
                22.89395364670129
              ],
              [
                72.66805395279746,
                22.894785956917115
              ],
              [
                72.6674357596229,
                22.895450848741486
              ],
              [
                72.6669344782631,
                22.895966784283424
              ],
              [
                72.66536346942445,
                22.896011465806577
              ],
              [
                72.66381145397517,
                22.895911278529557
              ],
              [
                72.66077143340894,
                22.895594776241822
              ],
              [
                72.6591936500453,
                22.8951898676038
              ],
              [
                72.65765121432725,
                22.894793874258895
              ],
              [
                72.65713175904725,
                22.894570625995698
              ],
              [
                72.65629400313199,
                22.894210573316887
              ],
              [
                72.65484872126562,
                22.89381828761638
              ],
              [
                72.65413829952465,
                22.893929160980516
              ],
              [
                72.65315895103684,
                22.893929293673303
              ],
              [
                72.65207238925669,
                22.89406954612848
              ],
              [
                72.65175258748809,
                22.894091698265104
              ],
              [
                72.65026021183986,
                22.894195339036163
              ],
              [
                72.64775961057825,
                22.894369275801136
              ],
              [
                72.6476327374525,
                22.89560887741558
              ],
              [
                72.64759235683123,
                22.896037737677734
              ],
              [
                72.64738586416584,
                22.89625824929724
              ],
              [
                72.6469974221459,
                22.896485246896173
              ],
              [
                72.64678118044465,
                22.8967791583293
              ],
              [
                72.64620805239929,
                22.897011161257996
              ],
              [
                72.64467544088801,
                22.897467687213357
              ],
              [
                72.64308022427358,
                22.897866314659932
              ],
              [
                72.6425516636405,
                22.89725828159842
              ],
              [
                72.64173293076318,
                22.896328425602203
              ],
              [
                72.64136520619077,
                22.896080237078596
              ],
              [
                72.64105830734377,
                22.89587310132846
              ],
              [
                72.64049252923047,
                22.894682891330454
              ],
              [
                72.64043652688726,
                22.89360395079844
              ],
              [
                72.64019284961702,
                22.89317733143922
              ],
              [
                72.63971530615825,
                22.892996811604863
              ],
              [
                72.63886337536204,
                22.89286582731453
              ],
              [
                72.63741940408927,
                22.892233662484355
              ],
              [
                72.63669420461767,
                22.89145762855408
              ],
              [
                72.63597296587767,
                22.891019659757887
              ],
              [
                72.63512113996511,
                22.89059365817026
              ],
              [
                72.63418008747526,
                22.89005554246623
              ],
              [
                72.63407417546041,
                22.889459208503023
              ],
              [
                72.63403352587741,
                22.88918690176224
              ],
              [
                72.6341163868947,
                22.88869938870036
              ],
              [
                72.63420401303163,
                22.887498370558077
              ],
              [
                72.63416672817377,
                22.886702195972717
              ],
              [
                72.63437428690847,
                22.88508398419373
              ],
              [
                72.63393327684115,
                22.884234289183137
              ],
              [
                72.63371638587302,
                22.88354811729576
              ],
              [
                72.63356235474093,
                22.883199408503895
              ],
              [
                72.63325142107198,
                22.882495491137096
              ],
              [
                72.6325642952239,
                22.882210392080943
              ],
              [
                72.63185176963954,
                22.882325736100952
              ],
              [
                72.63113409162678,
                22.88237898480187
              ],
              [
                72.63026677210456,
                22.88237905207374
              ],
              [
                72.62915592511649,
                22.882437741926097
              ],
              [
                72.62885678823632,
                22.882426736481403
              ],
              [
                72.62721488383607,
                22.88264063585789
              ],
              [
                72.6252144198732,
                22.883137607111255
              ],
              [
                72.62421015588205,
                22.88340889122064
              ],
              [
                72.62323006041852,
                22.883667219021532
              ],
              [
                72.62271128890323,
                22.883803955642414
              ],
              [
                72.62012778150712,
                22.88439720592762
              ],
              [
                72.61970273182683,
                22.884549163118788
              ],
              [
                72.61824871429823,
                22.885069085091644
              ],
              [
                72.6173177456562,
                22.885417297548276
              ],
              [
                72.61681901522613,
                22.8859660841129
              ],
              [
                72.61614566281409,
                22.886786236175944
              ],
              [
                72.61584184621428,
                22.887210381002024
              ],
              [
                72.61541436276954,
                22.887683915745722
              ],
              [
                72.61499312154967,
                22.888079015266023
              ],
              [
                72.61470757632505,
                22.888243457099087
              ],
              [
                72.61416874970992,
                22.888130634116255
              ],
              [
                72.61383741069524,
                22.88781007146399
              ],
              [
                72.61343790396404,
                22.887688122456783
              ],
              [
                72.61303837097455,
                22.88764748859651
              ],
              [
                72.61295606519833,
                22.88690789314846
              ],
              [
                72.61249281598676,
                22.886504508446833
              ],
              [
                72.61182717535527,
                22.88639872094184
              ],
              [
                72.61128926434682,
                22.886338076664916
              ],
              [
                72.61092873173133,
                22.88633806322834
              ],
              [
                72.61050002078707,
                22.886220583959126
              ],
              [
                72.61015893268673,
                22.886067072381007
              ],
              [
                72.60927220862426,
                22.88623868314798
              ],
              [
                72.60881284412432,
                22.88637594012243
              ],
              [
                72.60808021273796,
                22.88651699351846
              ],
              [
                72.6073866530785,
                22.886563430272734
              ],
              [
                72.60710888358125,
                22.88617068373341
              ],
              [
                72.60677267385583,
                22.88585918289683
              ],
              [
                72.60630992101868,
                22.885497911208752
              ],
              [
                72.60544136397318,
                22.88433094647735
              ],
              [
                72.60595039027726,
                22.883874108441248
              ],
              [
                72.6065353772794,
                22.883416743739726
              ],
              [
                72.60640273567004,
                22.883059968490844
              ],
              [
                72.60566241496305,
                22.88143915555586
              ],
              [
                72.60529228652845,
                22.880441391316623
              ],
              [
                72.60527274836397,
                22.879931203639973
              ],
              [
                72.6051510736326,
                22.879321720712475
              ],
              [
                72.60496798486851,
                22.878798591970458
              ],
              [
                72.60389603245544,
                22.878389953934462
              ],
              [
                72.60361164833746,
                22.87830124014075
              ],
              [
                72.60344109903917,
                22.87808003993534
              ],
              [
                72.60320259446067,
                22.877330526529057
              ],
              [
                72.60312955694783,
                22.876960280736757
              ],
              [
                72.60289079622746,
                22.876341681307576
              ],
              [
                72.60258587977553,
                22.876026438381665
              ],
              [
                72.60138865447365,
                22.875105117260894
              ],
              [
                72.60060127245319,
                22.874612302759935
              ],
              [
                72.60036260597596,
                22.874341403198052
              ],
              [
                72.60037728379993,
                22.874050202556294
              ],
              [
                72.5997343062898,
                22.873691287280487
              ],
              [
                72.59918722138248,
                22.873340819363367
              ],
              [
                72.59849339229613,
                22.87220260968277
              ],
              [
                72.59868245364423,
                22.87112216362083
              ],
              [
                72.59878005240655,
                22.870725829532677
              ],
              [
                72.5991131116453,
                22.86937330830966
              ],
              [
                72.59937976796698,
                22.867950972913324
              ],
              [
                72.59948197775824,
                22.867469951901544
              ],
              [
                72.59970036416543,
                22.866881952206562
              ],
              [
                72.59986213148402,
                22.866661871890585
              ],
              [
                72.6002266014947,
                22.866471539286067
              ],
              [
                72.6004594951824,
                22.866139503936786
              ],
              [
                72.6008110620286,
                22.865954382509003
              ],
              [
                72.60123235133331,
                22.865670031937466
              ],
              [
                72.60140152976082,
                22.865406273741534
              ],
              [
                72.6018213517692,
                22.865422624823033
              ],
              [
                72.60232018964516,
                22.86509778317855
              ],
              [
                72.60271904234986,
                22.864806574454857
              ],
              [
                72.60282868401032,
                22.864539916483288
              ],
              [
                72.6047103190829,
                22.865245578829104
              ],
              [
                72.60643499979197,
                22.86589237610387
              ],
              [
                72.60692899087935,
                22.86539877046282
              ],
              [
                72.60774134337764,
                22.864460756762593
              ],
              [
                72.60784401401682,
                22.864087921854907
              ],
              [
                72.60848933507864,
                22.8630589932132
              ],
              [
                72.60862193349536,
                22.862738126095483
              ],
              [
                72.60862265533143,
                22.8622863668911
              ],
              [
                72.60850236580707,
                22.861943937095415
              ],
              [
                72.60830635869254,
                22.86154718824661
              ],
              [
                72.60813973301394,
                22.86123942081079
              ],
              [
                72.60768516373287,
                22.860306802643155
              ],
              [
                72.6067537450415,
                22.85865945247909
              ],
              [
                72.6069492174201,
                22.857931347669858
              ],
              [
                72.60693192561159,
                22.857446442257203
              ],
              [
                72.60635097645401,
                22.857339793125423
              ],
              [
                72.60619083318585,
                22.856566719089113
              ],
              [
                72.6061688835661,
                22.856044245219074
              ],
              [
                72.6061188321259,
                22.854852856849668
              ],
              [
                72.60637196521304,
                22.853809461482513
              ],
              [
                72.6067895451139,
                22.852497461781752
              ],
              [
                72.60690904675383,
                22.85188091228887
              ],
              [
                72.60646054601816,
                22.85005191474627
              ],
              [
                72.60632174424005,
                22.848639073362147
              ],
              [
                72.60580875659602,
                22.846631750472927
              ],
              [
                72.60526144997974,
                22.845756844828333
              ],
              [
                72.60473295843022,
                22.844988886613603
              ],
              [
                72.60395194788327,
                22.843498669578583
              ],
              [
                72.60338106651048,
                22.84154845231648
              ],
              [
                72.60319302489145,
                22.840741744964223
              ],
              [
                72.60286322554958,
                22.83989125150659
              ],
              [
                72.60257884466183,
                22.838941548089068
              ],
              [
                72.60246835418178,
                22.838308712150283
              ],
              [
                72.60239862340948,
                22.83790932470769
              ],
              [
                72.60234032047114,
                22.836919923307004
              ],
              [
                72.60228372475434,
                22.835689317229093
              ],
              [
                72.60269702746308,
                22.835346162561887
              ],
              [
                72.60290461371915,
                22.835153272435186
              ],
              [
                72.6033895467821,
                22.834730511454445
              ],
              [
                72.60376960610013,
                22.8344309229229
              ],
              [
                72.60413057822407,
                22.83385379860731
              ],
              [
                72.60457185733138,
                22.832966023622696
              ],
              [
                72.60473737544466,
                22.832537195248932
              ],
              [
                72.60369176016816,
                22.83124154880841
              ],
              [
                72.60429076476952,
                22.830035006394755
              ],
              [
                72.60528063378901,
                22.82804113985951
              ],
              [
                72.60541420813735,
                22.827758330306036
              ],
              [
                72.6064278599234,
                22.825612155101187
              ],
              [
                72.60743729590719,
                22.823771158233008
              ],
              [
                72.60778957065267,
                22.82290778010142
              ],
              [
                72.60686916121648,
                22.822650910662745
              ],
              [
                72.60620925406434,
                22.82236061838977
              ],
              [
                72.60625746348501,
                22.821685281118643
              ],
              [
                72.60639099394348,
                22.820732884809633
              ],
              [
                72.6065824729431,
                22.819810968558944
              ],
              [
                72.60680788298302,
                22.818904536391756
              ],
              [
                72.60697012051014,
                22.81797197743861
              ],
              [
                72.60720885132545,
                22.817181445726106
              ],
              [
                72.6074494700045,
                22.81688428329016
              ],
              [
                72.60789257869334,
                22.816172851400626
              ],
              [
                72.6080797722755,
                22.815666203816814
              ],
              [
                72.60818037177972,
                22.815393926511064
              ],
              [
                72.60817473944047,
                22.814564586899255
              ],
              [
                72.608171320359,
                22.81406117374191
              ],
              [
                72.60803004975685,
                22.81357023770621
              ],
              [
                72.60770981011473,
                22.81369295029726
              ],
              [
                72.60725125426617,
                22.813974892984163
              ],
              [
                72.60690594524439,
                22.81401340374699
              ],
              [
                72.60625188499556,
                22.81423511322998
              ],
              [
                72.60546185916728,
                22.814662263202834
              ],
              [
                72.60494818326848,
                22.8149918420025
              ],
              [
                72.60430173697367,
                22.815301888654563
              ],
              [
                72.60382201085758,
                22.815430657445155
              ],
              [
                72.60323605210218,
                22.815547334860522
              ],
              [
                72.60280228107924,
                22.815874265001952
              ],
              [
                72.60260290160996,
                22.816087193094035
              ],
              [
                72.60219181590327,
                22.816419625753078
              ],
              [
                72.6017715901707,
                22.816423366766315
              ],
              [
                72.60149386409714,
                22.81632224424992
              ],
              [
                72.6009498882328,
                22.816005305706927
              ],
              [
                72.60027017216542,
                22.815451246075316
              ],
              [
                72.59990722987312,
                22.815362102872346
              ],
              [
                72.59961243145844,
                22.815562104692127
              ],
              [
                72.5993757029274,
                22.815702702418005
              ],
              [
                72.59893928538338,
                22.81559384066072
              ],
              [
                72.59853107817929,
                22.815864381372727
              ],
              [
                72.59832019015212,
                22.816126966947863
              ],
              [
                72.59793243357298,
                22.816390441033573
              ],
              [
                72.59766453198866,
                22.816819307313743
              ],
              [
                72.59814179470446,
                22.817254989741475
              ],
              [
                72.59870334208718,
                22.81768501468861
              ],
              [
                72.59874561125419,
                22.818380977173685
              ],
              [
                72.598004795359,
                22.820440160660386
              ],
              [
                72.59779415260464,
                22.821130720744122
              ],
              [
                72.5978471713894,
                22.821632262729544
              ],
              [
                72.59760996744748,
                22.822640958148178
              ],
              [
                72.59744421244571,
                22.823347535765386
              ],
              [
                72.59713093076317,
                22.824903001625437
              ],
              [
                72.59662087200707,
                22.824903881847895
              ],
              [
                72.59558405536833,
                22.82477035194763
              ],
              [
                72.59497532900255,
                22.824630027709105
              ],
              [
                72.59447962272066,
                22.824250879219225
              ],
              [
                72.59211834863825,
                22.823531788528648
              ],
              [
                72.5906422396208,
                22.823339912863535
              ],
              [
                72.59007490342069,
                22.823863396171767
              ],
              [
                72.58975565624864,
                22.82412737619985
              ],
              [
                72.58951459248973,
                22.824280678899925
              ],
              [
                72.58860229773603,
                22.824231547803407
              ],
              [
                72.5876336226897,
                22.824124338213785
              ],
              [
                72.58665398217272,
                22.8241226225531
              ],
              [
                72.58633456881029,
                22.824084301982708
              ],
              [
                72.5859373167226,
                22.824036646427583
              ],
              [
                72.58555244749924,
                22.823990474035046
              ],
              [
                72.58554206331968,
                22.82357188711384
              ],
              [
                72.58332120371335,
                22.8235219320406
              ],
              [
                72.58317139845062,
                22.823095093027668
              ],
              [
                72.5823063688454,
                22.822914537857677
              ],
              [
                72.58185297667276,
                22.82275408721537
              ],
              [
                72.58185431338006,
                22.82229314119941
              ],
              [
                72.58179012092621,
                22.82202174074747
              ],
              [
                72.5816458174574,
                22.82141164042529
              ],
              [
                72.5816043857833,
                22.82039077759943
              ],
              [
                72.58154807530042,
                22.820013091279872
              ],
              [
                72.58140636728793,
                22.81906260863271
              ],
              [
                72.58087622082634,
                22.819290264484252
              ],
              [
                72.5793066174572,
                22.820393767892668
              ],
              [
                72.57703291766455,
                22.82233415734948
              ],
              [
                72.57503329702027,
                22.823739309352053
              ],
              [
                72.57357560083544,
                22.824622330905697
              ],
              [
                72.57323786305528,
                22.824991331402252
              ],
              [
                72.5729811328192,
                22.825147587056808
              ],
              [
                72.57263998202488,
                22.82551769188002
              ],
              [
                72.57253500015709,
                22.825941769829388
              ],
              [
                72.57214519908212,
                22.826161318943765
              ],
              [
                72.57033874119614,
                22.82687973181595
              ],
              [
                72.56994497604813,
                22.826719256535014
              ],
              [
                72.56881525583698,
                22.82586010804756
              ],
              [
                72.56841095790827,
                22.82562364561981
              ],
              [
                72.56822232395125,
                22.825093468545294
              ],
              [
                72.56777611526708,
                22.82464439828051
              ],
              [
                72.56729267585301,
                22.824301124590487
              ],
              [
                72.56643430520525,
                22.82347999391034
              ],
              [
                72.56549500505918,
                22.822770151400423
              ],
              [
                72.56475639796294,
                22.82229141328534
              ],
              [
                72.56396582543644,
                22.82193921173441
              ],
              [
                72.56273570562286,
                22.821533211335655
              ],
              [
                72.56231784474951,
                22.821360610949185
              ],
              [
                72.5601728734384,
                22.820863677045732
              ],
              [
                72.55939566987658,
                22.820364580072024
              ],
              [
                72.55862605310344,
                22.819819751300958
              ],
              [
                72.55808631712671,
                22.819604285211458
              ],
              [
                72.55769615002382,
                22.81938231747689
              ],
              [
                72.5566028354971,
                22.819019849744983
              ],
              [
                72.55628832529551,
                22.818953720996685
              ],
              [
                72.55553886588102,
                22.81875332108167
              ],
              [
                72.55474374918442,
                22.81848152680194
              ],
              [
                72.55450575459834,
                22.818294670624063
              ],
              [
                72.55412587516714,
                22.817718215077758
              ],
              [
                72.55343619281508,
                22.81708046178133
              ],
              [
                72.5515261397368,
                22.816041700385533
              ],
              [
                72.54998702926109,
                22.814951959482315
              ],
              [
                72.54927955807057,
                22.81422969739165
              ],
              [
                72.54900659008078,
                22.813844945509018
              ],
              [
                72.54873302822968,
                22.81342197268387
              ],
              [
                72.54846193390289,
                22.81257203954703
              ],
              [
                72.54822581876175,
                22.811481669884362
              ],
              [
                72.54815420299595,
                22.810994086718477
              ],
              [
                72.5484466604747,
                22.81057508271755
              ],
              [
                72.54869997110401,
                22.8101449350737
              ],
              [
                72.5487212602423,
                22.809684962278734
              ],
              [
                72.54842999058008,
                22.808863888071638
              ],
              [
                72.5477556250054,
                22.80657348467489
              ],
              [
                72.54602324026499,
                22.80640715892425
              ],
              [
                72.54594995926801,
                22.80666297424785
              ],
              [
                72.54533760238738,
                22.806849589854146
              ],
              [
                72.5445901853827,
                22.80677510578573
              ],
              [
                72.54404548861493,
                22.80666167609907
              ],
              [
                72.54248596334871,
                22.806193223552995
              ],
              [
                72.54198926333444,
                22.806251833678843
              ],
              [
                72.54157515878502,
                22.806033232290993
              ],
              [
                72.54116985305207,
                22.805990273034467
              ],
              [
                72.5403388498935,
                22.806000160460787
              ],
              [
                72.53864055392846,
                22.80604580380862
              ],
              [
                72.53828084315882,
                22.805553278814727
              ],
              [
                72.53773833109538,
                22.804692172782218
              ],
              [
                72.53742844149944,
                22.804285077726014
              ],
              [
                72.53687896059498,
                22.80389386503336
              ],
              [
                72.5360385357448,
                22.80337309577981
              ],
              [
                72.53519965781943,
                22.802912327713642
              ],
              [
                72.5340718710072,
                22.802460401774006
              ],
              [
                72.53357732566374,
                22.802413034272405
              ],
              [
                72.53229972346888,
                22.80084266840149
              ],
              [
                72.53153272105142,
                22.800222483238343
              ],
              [
                72.53069315144691,
                22.799634147315782
              ],
              [
                72.53012541423247,
                22.799301943387174
              ],
              [
                72.52950827572107,
                22.79913788569998
              ],
              [
                72.52707781972761,
                22.797990208702508
              ],
              [
                72.52502226721677,
                22.7971560010689
              ],
              [
                72.5246885309818,
                22.797029474770547
              ],
              [
                72.5224088628011,
                22.79616520602483
              ],
              [
                72.52204212943532,
                22.795796767829657
              ],
              [
                72.52174276484607,
                22.79338471697688
              ],
              [
                72.52149717618558,
                22.790468189997036
              ],
              [
                72.52127974803105,
                22.789576931068193
              ],
              [
                72.52066689062964,
                22.787864018190014
              ],
              [
                72.51994993207263,
                22.786145972481407
              ],
              [
                72.51935265231208,
                22.785116129801715
              ],
              [
                72.51882246982504,
                22.784043489684223
              ],
              [
                72.51790398380389,
                22.782546012289597
              ],
              [
                72.51726280915955,
                22.78167535529619
              ],
              [
                72.51595709340725,
                22.780237694616932
              ],
              [
                72.51430169841946,
                22.778864679717536
              ],
              [
                72.51459374190438,
                22.778549883662677
              ],
              [
                72.51654347515321,
                22.777011627029985
              ],
              [
                72.51784067443651,
                22.77608695825652
              ],
              [
                72.51815166738392,
                22.77586541586629
              ],
              [
                72.52037427162568,
                22.774407568230927
              ],
              [
                72.52168502809255,
                22.773628852125704
              ],
              [
                72.52319272299096,
                22.772767066690275
              ],
              [
                72.52431298818146,
                22.772079538872966
              ],
              [
                72.52571067146842,
                22.77125611048414
              ],
              [
                72.52622313230198,
                22.77097633104057
              ],
              [
                72.52660196066434,
                22.770687853719505
              ],
              [
                72.52741050650269,
                22.770105928805073
              ],
              [
                72.52767151267321,
                22.76980785459732
              ],
              [
                72.52799863783446,
                22.769572253657607
              ],
              [
                72.52864737496715,
                22.768834288724204
              ],
              [
                72.5291586143927,
                22.76806650166609
              ],
              [
                72.52975907977884,
                22.76730310462594
              ],
              [
                72.52947835682177,
                22.76725701772263
              ],
              [
                72.52863030355277,
                22.766874127996143
              ],
              [
                72.52799634436943,
                22.76674611079508
              ],
              [
                72.52731892886158,
                22.766378526672074
              ],
              [
                72.52732170141806,
                22.765505037487042
              ],
              [
                72.5275295812281,
                22.764565577476436
              ],
              [
                72.52756144588294,
                22.7628798255974
              ],
              [
                72.52779251566393,
                22.761448222078403
              ],
              [
                72.52777031030874,
                22.76096767080129
              ],
              [
                72.52768204289718,
                22.760599124652565
              ],
              [
                72.52719778355377,
                22.760114268255464
              ],
              [
                72.52660811745669,
                22.759647271615727
              ],
              [
                72.52633836720622,
                22.759500295938665
              ],
              [
                72.52594769704659,
                22.759287432005493
              ],
              [
                72.52516840248525,
                22.75874655072174
              ],
              [
                72.5246220891015,
                22.758217140257663
              ],
              [
                72.52387833944066,
                22.757576578223706
              ],
              [
                72.52312020655067,
                22.757013674770725
              ],
              [
                72.52126514796433,
                22.755728253909616
              ],
              [
                72.52167114214333,
                22.75514893554068
              ],
              [
                72.5223206324606,
                22.754397206941146
              ],
              [
                72.522250630839,
                22.754057216958003
              ],
              [
                72.52194871744038,
                22.75368735906889
              ],
              [
                72.52119377647546,
                22.7530692836939
              ],
              [
                72.5209871606673,
                22.752770293256585
              ],
              [
                72.52131852933849,
                22.752800480207455
              ],
              [
                72.52167878121475,
                22.752819982537332
              ],
              [
                72.52239138900782,
                22.752820434009077
              ],
              [
                72.52281293575963,
                22.752761987111793
              ],
              [
                72.52346039271582,
                22.752762438918797
              ],
              [
                72.52442318136525,
                22.752681424426065
              ],
              [
                72.5259382649518,
                22.75235808895616
              ],
              [
                72.52696069911192,
                22.752051238894087
              ],
              [
                72.5277882808665,
                22.751848567217802
              ],
              [
                72.52833840814701,
                22.751781233466946
              ],
              [
                72.52896233111555,
                22.75172204742159
              ],
              [
                72.53049357312088,
                22.751485951283033
              ],
              [
                72.53140021473838,
                22.751512034579243
              ],
              [
                72.53237788906158,
                22.751574926516707
              ],
              [
                72.5332061409548,
                22.751508592194224
              ],
              [
                72.53360056438147,
                22.751523292458895
              ],
              [
                72.53515386536787,
                22.751620994005417
              ],
              [
                72.53646724336369,
                22.7517090027166
              ],
              [
                72.53746511382467,
                22.751709569505955
              ],
              [
                72.53825433009212,
                22.751826465244992
              ],
              [
                72.53906637052211,
                22.751818808935354
              ],
              [
                72.53900511399945,
                22.751528519435468
              ],
              [
                72.53893716028344,
                22.75120657333604
              ],
              [
                72.53863344282755,
                22.750527805189883
              ],
              [
                72.53844960848934,
                22.750168121756772
              ],
              [
                72.53777879893046,
                22.7488719672378
              ],
              [
                72.53740919467964,
                22.748190120980773
              ],
              [
                72.53724660703071,
                22.747931889180695
              ],
              [
                72.53626366218005,
                22.74681686382562
              ],
              [
                72.53585768459341,
                22.74639240705624
              ],
              [
                72.53520577335041,
                22.74574194111141
              ],
              [
                72.53447610766875,
                22.745199676868562
              ],
              [
                72.53400994395814,
                22.744835318179106
              ],
              [
                72.53322756204486,
                22.74424932115332
              ],
              [
                72.53279989812793,
                22.7439290008644
              ],
              [
                72.53239874509762,
                22.743672579518478
              ],
              [
                72.53137697245826,
                22.743121181160692
              ],
              [
                72.53021486931543,
                22.742445171068614
              ],
              [
                72.52881284666574,
                22.741674728535926
              ],
              [
                72.52764037670613,
                22.7410422127668
              ],
              [
                72.5267792723787,
                22.740513537392328
              ],
              [
                72.5261668477473,
                22.74015394045456
              ],
              [
                72.52485036410158,
                22.73938430581504
              ],
              [
                72.52442946372067,
                22.739103467514422
              ],
              [
                72.5241813265194,
                22.738873003052028
              ],
              [
                72.52402093318952,
                22.738651742838908
              ],
              [
                72.52381203906195,
                22.7381821003719
              ],
              [
                72.52352037101423,
                22.73761304011464
              ],
              [
                72.52332137880722,
                22.737018256076684
              ],
              [
                72.52327159950137,
                22.735740582232438
              ],
              [
                72.5231354909056,
                22.735482036146326
              ],
              [
                72.52312331643854,
                22.73481365648061
              ],
              [
                72.52318215145102,
                22.73430344778901
              ],
              [
                72.52328960421278,
                22.73376179468286
              ],
              [
                72.52347971836463,
                22.73326072802425
              ],
              [
                72.52373223551314,
                22.732814645289075
              ],
              [
                72.52470412964793,
                22.73159879132018
              ],
              [
                72.5250094134868,
                22.731252670393907
              ],
              [
                72.52555009545611,
                22.730562242989883
              ],
              [
                72.52615897643294,
                22.729795048051116
              ],
              [
                72.52653042351763,
                22.72926178530001
              ],
              [
                72.52747028578898,
                22.728110636276135
              ],
              [
                72.52786864578647,
                22.72762452226701
              ],
              [
                72.5285605393704,
                22.72660462364445
              ],
              [
                72.52915238535374,
                22.72582445508852
              ],
              [
                72.53008455220994,
                22.72452285398434
              ],
              [
                72.53100092119826,
                22.723174785176326
              ],
              [
                72.53180305627801,
                22.72211549011658
              ],
              [
                72.53269066017728,
                22.7209291947924
              ],
              [
                72.5329784603345,
                22.7205438468272
              ],
              [
                72.53373841495613,
                22.71949685237583
              ],
              [
                72.5341474702258,
                22.719036605136097
              ],
              [
                72.53448379928248,
                22.71857065997374
              ],
              [
                72.53544702506206,
                22.717437585585326
              ],
              [
                72.53579843065492,
                22.717055452875332
              ],
              [
                72.53635838506163,
                22.71645528689418
              ],
              [
                72.53660676038679,
                22.71623423237975
              ],
              [
                72.53688677705158,
                22.715991575761276
              ],
              [
                72.53728964918633,
                22.71564245413657
              ],
              [
                72.53755655895736,
                22.715407702495295
              ],
              [
                72.53813138436853,
                22.715059233866835
              ],
              [
                72.5387980727246,
                22.714274036331197
              ],
              [
                72.5393236520601,
                22.713807490957517
              ],
              [
                72.53962944021643,
                22.713499819603424
              ],
              [
                72.53986454127795,
                22.713211721442825
              ],
              [
                72.54010282386288,
                22.712780869286583
              ],
              [
                72.54034812857057,
                22.712401073411105
              ],
              [
                72.54059712515838,
                22.71191312115816
              ],
              [
                72.54064528622192,
                22.711461394367287
              ],
              [
                72.54057181437672,
                22.711028229645116
              ],
              [
                72.54050999560647,
                22.710611101721085
              ],
              [
                72.54038891127702,
                22.710121088933896
              ],
              [
                72.54015773173575,
                22.70973169829983
              ],
              [
                72.53969704403181,
                22.709358681650418
              ],
              [
                72.53922847995558,
                22.70912357989038
              ],
              [
                72.53882636563361,
                22.70903004534522
              ],
              [
                72.53815247481553,
                22.708996906996788
              ],
              [
                72.53725845970494,
                22.708989819763453
              ],
              [
                72.53666929472114,
                22.70903921185983
              ],
              [
                72.53627701954329,
                22.70912133951233
              ],
              [
                72.5359791162481,
                22.70929108675168
              ],
              [
                72.53540158730758,
                22.7095715502041
              ],
              [
                72.53500533017151,
                22.709810222884478
              ],
              [
                72.53451098268752,
                22.710113215985047
              ],
              [
                72.53412256832064,
                22.71030156108088
              ],
              [
                72.53364105690007,
                22.710466881012987
              ],
              [
                72.53294968064182,
                22.710712707485477
              ],
              [
                72.53238822807324,
                22.71091233701099
              ],
              [
                72.53179298342354,
                22.7111173149627
              ],
              [
                72.53152144523612,
                22.7112108218779
              ],
              [
                72.53086466902361,
                22.71143670010866
              ],
              [
                72.52911984957947,
                22.712019225478684
              ],
              [
                72.52844818737262,
                22.712207439736375
              ],
              [
                72.52795859270402,
                22.712340074001744
              ],
              [
                72.52745461487677,
                22.71255037023183
              ],
              [
                72.52677014338492,
                22.712788658033677
              ],
              [
                72.52614359663568,
                22.712969860835845
              ],
              [
                72.52568219193574,
                22.713043947720585
              ],
              [
                72.52486142655819,
                22.713058837473636
              ],
              [
                72.52418962399275,
                22.712988857602245
              ],
              [
                72.52362245187757,
                22.712827221010176
              ],
              [
                72.52302322736611,
                22.71261790023604
              ],
              [
                72.52230539023952,
                22.71231053002576
              ],
              [
                72.52175212919306,
                22.711992825924685
              ],
              [
                72.5212411432749,
                22.711631102867997
              ],
              [
                72.52070095721359,
                22.711258719347494
              ],
              [
                72.52034047517306,
                22.710872139835985
              ],
              [
                72.52000192181261,
                22.710449761811546
              ],
              [
                72.51957243111971,
                22.709879985595567
              ],
              [
                72.51914289585818,
                22.709397796201497
              ],
              [
                72.51894404824121,
                22.709139046190717
              ],
              [
                72.51868014069969,
                22.7086281424157
              ],
              [
                72.51834971396313,
                22.70815083756978
              ],
              [
                72.51811944172414,
                22.707660033476284
              ],
              [
                72.51796091158313,
                22.707131273634094
              ],
              [
                72.51782826011875,
                22.706497755613366
              ],
              [
                72.51766787692873,
                22.705781009874055
              ],
              [
                72.51756243401894,
                22.705239918287074
              ],
              [
                72.51750404311085,
                22.704691709500008
              ],
              [
                72.51750181946568,
                22.704042909585745
              ],
              [
                72.51751365288564,
                22.703402689038604
              ],
              [
                72.51751279541412,
                22.70307071863359
              ],
              [
                72.51760247359543,
                22.702199221672537
              ],
              [
                72.51772441382863,
                22.701458397692203
              ],
              [
                72.51788083934963,
                22.70106964266743
              ],
              [
                72.51797342910442,
                22.70058092724567
              ],
              [
                72.5181011302497,
                22.70025990640893
              ],
              [
                72.51844059375836,
                22.699451438006435
              ],
              [
                72.5188645446048,
                22.698642524523954
              ],
              [
                72.51917040704858,
                22.698163071836017
              ],
              [
                72.51965180094989,
                22.697849127083547
              ],
              [
                72.52058153537752,
                22.697298879171953
              ],
              [
                72.52118991663806,
                22.6970103111714
              ],
              [
                72.52181003020667,
                22.696770172413796
              ],
              [
                72.52335551965847,
                22.696261230971242
              ],
              [
                72.52405160330375,
                22.696118134761097
              ],
              [
                72.52476199611661,
                22.695996764139842
              ],
              [
                72.52583256210853,
                22.6958709131583
              ],
              [
                72.52634205680178,
                22.69582363420779
              ],
              [
                72.52726022496785,
                22.69572941856909
              ],
              [
                72.52788899291848,
                22.695664897622308
              ],
              [
                72.52878126576245,
                22.69557929704338
              ],
              [
                72.529467413172,
                22.6954803150344
              ],
              [
                72.53041143084664,
                22.695327364101363
              ],
              [
                72.53097119261253,
                22.695271570173908
              ],
              [
                72.53252026691214,
                22.695169045176645
              ],
              [
                72.5329367029363,
                22.695179860945387
              ],
              [
                72.53363731783973,
                22.695189262609343
              ],
              [
                72.53437684882314,
                22.69523930124736
              ],
              [
                72.53563039621976,
                22.69526714118648
              ],
              [
                72.5371864214463,
                22.695246325526895
              ],
              [
                72.53842493508735,
                22.69521900371407
              ],
              [
                72.53892620298839,
                22.695237294598538
              ],
              [
                72.53936895285975,
                22.69517885177261
              ],
              [
                72.54018917980395,
                22.69507825580684
              ],
              [
                72.54182149904088,
                22.694549563360596
              ],
              [
                72.54284358172438,
                22.694044383803465
              ],
              [
                72.54354877889844,
                22.69347008141216
              ],
              [
                72.54406814637841,
                22.693023421919385
              ],
              [
                72.5443676398246,
                22.69265089441176
              ],
              [
                72.54460009805723,
                22.692321175736843
              ],
              [
                72.5447796323251,
                22.691961193170513
              ],
              [
                72.54495794485439,
                22.69136143046657
              ],
              [
                72.54506829156975,
                22.690864356814366
              ],
              [
                72.54506806671357,
                22.690389511343465
              ],
              [
                72.54502907910813,
                22.690028011896835
              ],
              [
                72.54478010230943,
                22.689515587930504
              ],
              [
                72.5443860772701,
                22.68919426755836
              ],
              [
                72.54391216164464,
                22.6887929517421
              ],
              [
                72.54371808147032,
                22.688544682848374
              ],
              [
                72.54356187487366,
                22.688314731131968
              ],
              [
                72.54327226058462,
                22.687858056470073
              ],
              [
                72.54307066900306,
                22.68743311823726
              ],
              [
                72.54275841613932,
                22.68707201701418
              ],
              [
                72.54244980772528,
                22.68673414609633
              ],
              [
                72.54221941798767,
                22.686418557162305
              ],
              [
                72.54188886287635,
                22.686204075091496
              ],
              [
                72.54134823164003,
                22.685753371551517
              ],
              [
                72.54098739498176,
                22.685634209405944
              ],
              [
                72.54042714698903,
                22.685353108717536
              ],
              [
                72.53987782630023,
                22.685141695099794
              ],
              [
                72.53935980654576,
                22.68490415885186
              ],
              [
                72.5381493288916,
                22.68443894033139
              ],
              [
                72.53775644644921,
                22.68427209386335
              ],
              [
                72.53725769077477,
                22.68413230786613
              ],
              [
                72.53676234981633,
                22.683932758129046
              ],
              [
                72.53554791222848,
                22.68362406715569
              ],
              [
                72.53504758499159,
                22.683511857314805
              ],
              [
                72.53410142763293,
                22.683290113847228
              ],
              [
                72.53337061943026,
                22.683110825100247
              ],
              [
                72.53299024975398,
                22.683000310328303
              ],
              [
                72.53244819128247,
                22.682922919434994
              ],
              [
                72.53164567115411,
                22.68279582051101
              ],
              [
                72.53049952097244,
                22.682596481389563
              ],
              [
                72.52999998976084,
                22.68247046277282
              ],
              [
                72.52931352110245,
                22.682312186939708
              ],
              [
                72.52841485960496,
                22.682042035223127
              ],
              [
                72.5279137555772,
                22.681943594035836
              ],
              [
                72.52751199488752,
                22.68184543401767
              ],
              [
                72.52705863416836,
                22.681694019762507
              ],
              [
                72.52667853289663,
                22.681564653455133
              ],
              [
                72.52630857781504,
                22.681384944922616
              ],
              [
                72.52604715611955,
                22.681008001270712
              ],
              [
                72.52600837641336,
                22.680600403341067
              ],
              [
                72.52618250834442,
                22.680161807531096
              ],
              [
                72.52636273228232,
                22.679529888304298
              ],
              [
                72.52658232050038,
                22.678904516647236
              ],
              [
                72.52681957756235,
                22.67840448853257
              ],
              [
                72.52706095465923,
                22.678006082558024
              ],
              [
                72.52753508722274,
                22.6773880952542
              ],
              [
                72.52778076282266,
                22.677172937933115
              ],
              [
                72.52836116268975,
                22.67670278660483
              ],
              [
                72.52929080852061,
                22.676129903393978
              ],
              [
                72.52984010331642,
                22.675845681880254
              ],
              [
                72.53131647045771,
                22.67543294011269
              ],
              [
                72.53188910047727,
                22.675372988366405
              ],
              [
                72.53237072050038,
                22.67532348944582
              ],
              [
                72.53267721540483,
                22.675323734107533
              ],
              [
                72.53312001863023,
                22.675211102028094
              ],
              [
                72.53388880490746,
                22.675021942881116
              ],
              [
                72.53436077085314,
                22.67489792693261
              ],
              [
                72.5358757750601,
                22.674570116835305
              ],
              [
                72.53690526243456,
                22.674481730906635
              ],
              [
                72.53727506379226,
                22.67447290893683
              ],
              [
                72.53775666678133,
                22.674400987814284
              ],
              [
                72.53830642971229,
                22.674351596647405
              ],
              [
                72.53897476320478,
                22.674351924757914
              ],
              [
                72.54052900545986,
                22.67437534574964
              ],
              [
                72.54099672756965,
                22.674362018995737
              ],
              [
                72.54194546015239,
                22.674321905234493
              ],
              [
                72.5423345345776,
                22.67431309753319
              ],
              [
                72.54291346927546,
                22.674281719977294
              ],
              [
                72.54321451841219,
                22.674276684073128
              ],
              [
                72.54353633945816,
                22.674268265227557
              ],
              [
                72.54482664621155,
                22.674331762423005
              ],
              [
                72.54544325261551,
                22.67415204664225
              ],
              [
                72.54588596326701,
                22.674052925038854
              ],
              [
                72.54679591903061,
                22.6738321016748
              ],
              [
                72.54724348977831,
                22.673710443610254
              ],
              [
                72.54808564021323,
                22.67345553086285
              ],
              [
                72.54900315668031,
                22.673198935039544
              ],
              [
                72.54960583294636,
                22.672931197574723
              ],
              [
                72.54945138309117,
                22.67251553124364
              ],
              [
                72.54971766134598,
                22.672283845197253
              ],
              [
                72.54996883679428,
                22.671973480858718
              ],
              [
                72.55012956145146,
                22.671594133245712
              ],
              [
                72.55018596840502,
                22.67130186314179
              ],
              [
                72.55020722976265,
                22.670841905382893
              ],
              [
                72.55019923947503,
                22.67054647337573
              ],
              [
                72.55011854430394,
                22.67013221857128
              ],
              [
                72.5498970515413,
                22.66974792879217
              ],
              [
                72.54970761398522,
                22.66941131467075
              ],
              [
                72.54947021325953,
                22.669044683614757
              ],
              [
                72.54915217207689,
                22.66852426522369
              ],
              [
                72.54897676526312,
                22.667941703562267
              ],
              [
                72.54891090852482,
                22.66761576728566
              ],
              [
                72.5488258186622,
                22.66710448674172
              ],
              [
                72.5486555551387,
                22.66634469023027
              ],
              [
                72.54849826263678,
                22.665792983688636
              ],
              [
                72.54833966041485,
                22.665264261538006
              ],
              [
                72.54809831510144,
                22.664841061958576
              ],
              [
                72.54788462800667,
                22.664358665381616
              ],
              [
                72.54847820480926,
                22.66435890640642
              ],
              [
                72.54973818839656,
                22.664377560545937
              ],
              [
                72.55032681883027,
                22.664459153125605
              ],
              [
                72.55066501007856,
                22.66447490153663
              ],
              [
                72.55267663882766,
                22.664568574916803
              ],
              [
                72.5547150327771,
                22.664587530198304
              ],
              [
                72.55529398621563,
                22.66457876474628
              ],
              [
                72.5568460113872,
                22.66449809203458
              ],
              [
                72.55727414816292,
                22.66452990092309
              ],
              [
                72.55821791628183,
                22.664629611029348
              ],
              [
                72.55891326535101,
                22.66464279636315
              ],
              [
                72.55963285347991,
                22.66465643457861
              ],
              [
                72.56025635379264,
                22.66465752667486
              ],
              [
                72.56025654243508,
                22.66432791514236
              ],
              [
                72.56012535301285,
                22.663907918787817
              ],
              [
                72.55982423638669,
                22.662860320855287
              ],
              [
                72.55970788010978,
                22.661997905925627
              ],
              [
                72.559644869327,
                22.66139730440286
              ],
              [
                72.55968397655977,
                22.66091878271951
              ],
              [
                72.55981556166464,
                22.660507935347347
              ],
              [
                72.55999509043392,
                22.660201340553066
              ],
              [
                72.56035584110926,
                22.6598579340131
              ],
              [
                72.56095446348606,
                22.659329882974326
              ],
              [
                72.5617866539133,
                22.65870716071161
              ],
              [
                72.56236956351083,
                22.658251102821872
              ],
              [
                72.56295597252158,
                22.65771590722801
              ],
              [
                72.56320864071124,
                22.657465529214434
              ],
              [
                72.56362532130878,
                22.65703879114729
              ],
              [
                72.56383576308599,
                22.656744850675917
              ],
              [
                72.56406448187802,
                22.656304288578596
              ],
              [
                72.56426738711185,
                22.655969044830798
              ],
              [
                72.56449527913063,
                22.65563789419932
              ],
              [
                72.56545613533847,
                22.655430547489363
              ],
              [
                72.56610321534667,
                22.655390095907045
              ],
              [
                72.56700312626391,
                22.655381378059037
              ],
              [
                72.56756934664112,
                22.655358127894097
              ],
              [
                72.5681853338669,
                22.655277995789646
              ],
              [
                72.56865843709124,
                22.655084744541394
              ],
              [
                72.5689759346908,
                22.654834699371218
              ],
              [
                72.56919495955589,
                22.654564223437486
              ],
              [
                72.56931283061215,
                22.654325670538512
              ],
              [
                72.56931287410958,
                22.65406290317643
              ],
              [
                72.56927567426405,
                22.65358164717537
              ],
              [
                72.56909454739156,
                22.653273126695584
              ],
              [
                72.56884512494409,
                22.65294281813264
              ],
              [
                72.56853859113744,
                22.652743399864384
              ],
              [
                72.56826645281647,
                22.65263786645608
              ],
              [
                72.56795546015708,
                22.652604188916754
              ],
              [
                72.56761447161333,
                22.65266123895486
              ],
              [
                72.56726017787601,
                22.65277756686599
              ],
              [
                72.56689805462652,
                22.6529442183677
              ],
              [
                72.56620821257926,
                22.65328381522118
              ],
              [
                72.56534707064044,
                22.653753310291926
              ],
              [
                72.56497424934953,
                22.653933264665255
              ],
              [
                72.56449451927254,
                22.65424627344824
              ],
              [
                72.56414840643104,
                22.6544805512898
              ],
              [
                72.56376322672598,
                22.65452851149137
              ],
              [
                72.56344624982896,
                22.654425380788368
              ],
              [
                72.56316499015585,
                22.654305561137722
              ],
              [
                72.56284670484129,
                22.654225414587668
              ],
              [
                72.56226695615936,
                22.65411400530772
              ],
              [
                72.56173724285014,
                22.654083418306374
              ],
              [
                72.56080657514262,
                22.654116143138644
              ],
              [
                72.55924353049787,
                22.65391500231725
              ],
              [
                72.5580256750444,
                22.653583263428636
              ],
              [
                72.55670136898574,
                22.653188543319786
              ],
              [
                72.55579569829338,
                22.652796162367306
              ],
              [
                72.55489513802165,
                22.652387771117848
              ],
              [
                72.55415695805948,
                22.652093375073722
              ],
              [
                72.55314486493032,
                22.651729827513382
              ],
              [
                72.55284819695989,
                22.65161422037137
              ],
              [
                72.55238474392179,
                22.651466993648665
              ],
              [
                72.55125110140652,
                22.651226922982346
              ],
              [
                72.55088820239705,
                22.651169373848116
              ],
              [
                72.55062446745843,
                22.651067066009436
              ],
              [
                72.55036096961842,
                22.650897384944408
              ],
              [
                72.54978803415212,
                22.650753991961164
              ],
              [
                72.54909850535333,
                22.650826149431214
              ],
              [
                72.5485384809105,
                22.651066015753496
              ],
              [
                72.54801350842793,
                22.651179532715446
              ],
              [
                72.54663311939966,
                22.651738997775645
              ],
              [
                72.54598764131056,
                22.6519871410446
              ],
              [
                72.54497604119726,
                22.65239381091216
              ],
              [
                72.54440108180442,
                22.6528081086272
              ],
              [
                72.5441205895979,
                22.652967343752184
              ],
              [
                72.54327882491978,
                22.65344368599172
              ],
              [
                72.54242049498296,
                22.653918555677716
              ],
              [
                72.54179290744601,
                22.654210396715456
              ],
              [
                72.54146358143949,
                22.654410871967656
              ],
              [
                72.54094932120404,
                22.654196571988116
              ],
              [
                72.54036004831285,
                22.65381723201605
              ],
              [
                72.53953802424223,
                22.65333884921341
              ],
              [
                72.53859818480936,
                22.652836224675198
              ],
              [
                72.53799740902829,
                22.65257155816944
              ],
              [
                72.53724624553611,
                22.652244169490604
              ],
              [
                72.53663275315358,
                22.651854401658092
              ],
              [
                72.53628103990393,
                22.65167146694397
              ],
              [
                72.53617047710591,
                22.65142597006147
              ],
              [
                72.53560970905588,
                22.650895882843756
              ],
              [
                72.53483270920756,
                22.65006471733547
              ],
              [
                72.53439111971872,
                22.649448290586864
              ],
              [
                72.53389666905625,
                22.64871400817997
              ],
              [
                72.53359766830262,
                22.648123038521113
              ],
              [
                72.53325623682302,
                22.647405507347347
              ],
              [
                72.53310968754728,
                22.646928071823925
              ],
              [
                72.5329099718716,
                22.646424968539595
              ],
              [
                72.53254014558227,
                22.645682987756327
              ],
              [
                72.53223598227937,
                22.645008778973335
              ],
              [
                72.53201108816663,
                22.644419295966383
              ],
              [
                72.53180981995389,
                22.643775362464034
              ],
              [
                72.53165041992962,
                22.642914661322596
              ],
              [
                72.53163290910703,
                22.64243896932504
              ],
              [
                72.53164215936013,
                22.64158196224301
              ],
              [
                72.53170006740984,
                22.640916363666793
              ],
              [
                72.53186929361605,
                22.640214757785877
              ],
              [
                72.53192869687479,
                22.639696750774498
              ],
              [
                72.5320897488869,
                22.638616722496256
              ],
              [
                72.53214757403353,
                22.63812629956222
              ],
              [
                72.53237041445767,
                22.63700782218613
              ],
              [
                72.53244992533924,
                22.636398609567124
              ],
              [
                72.53268101070795,
                22.635483379112877
              ],
              [
                72.53286324236878,
                22.634814682968525
              ],
              [
                72.53319712213361,
                22.633664794341744
              ],
              [
                72.53332847400058,
                22.633104231524833
              ],
              [
                72.53363691076775,
                22.631704152237504
              ],
              [
                72.53393824937508,
                22.63042818933959
              ],
              [
                72.53408017451636,
                22.630117088660533
              ],
              [
                72.53425282241092,
                22.629876650571685
              ],
              [
                72.53446981442244,
                22.629555413003768
              ],
              [
                72.53458828848375,
                22.62922010867137
              ],
              [
                72.5346708231074,
                22.628818491175107
              ],
              [
                72.53502001496234,
                22.62774772573264
              ],
              [
                72.53514662697519,
                22.62726991120102
              ],
              [
                72.5352765020101,
                22.626777137653622
              ],
              [
                72.53541290321067,
                22.626259604592203
              ],
              [
                72.53430648350992,
                22.626329605327385
              ],
              [
                72.53319589776957,
                22.626385563096054
              ],
              [
                72.53267879504291,
                22.626396978577365
              ],
              [
                72.5320290798373,
                22.626295833347534
              ],
              [
                72.53138949194094,
                22.62627816394826
              ],
              [
                72.53064017367552,
                22.626268915397254
              ],
              [
                72.52976131715101,
                22.62626711482227
              ],
              [
                72.52926950058742,
                22.6262705445502
              ],
              [
                72.52888031737878,
                22.62638966927156
              ],
              [
                72.5280702307045,
                22.62700898470856
              ],
              [
                72.5272316996895,
                22.62765660561758
              ],
              [
                72.52666827070344,
                22.628078566466403
              ],
              [
                72.52590251062986,
                22.628617077202858
              ],
              [
                72.52506114997666,
                22.629174903731638
              ],
              [
                72.52470751318928,
                22.629361645187448
              ],
              [
                72.52422276388023,
                22.629506986676773
              ],
              [
                72.52359876204207,
                22.62956381196702
              ],
              [
                72.52321956800847,
                22.62898730641209
              ],
              [
                72.52272924815072,
                22.628096448297292
              ],
              [
                72.52215010811167,
                22.627109010944107
              ],
              [
                72.52182197919232,
                22.626594949422724
              ],
              [
                72.52151098257038,
                22.62621542270349
              ],
              [
                72.52112966067165,
                22.627014902823802
              ],
              [
                72.52070967661342,
                22.627895433442255
              ],
              [
                72.52028464983711,
                22.628727321115623
              ],
              [
                72.51983232110123,
                22.629428780408933
              ],
              [
                72.51920314934944,
                22.63035662626785
              ],
              [
                72.5187508101691,
                22.63105808271459
              ],
              [
                72.5181315270498,
                22.631986413205897
              ],
              [
                72.51776629301109,
                22.632522888204072
              ],
              [
                72.51741344911142,
                22.63269894765048
              ],
              [
                72.51672879165207,
                22.632806931714196
              ],
              [
                72.5155016109222,
                22.632903110766907
              ],
              [
                72.5142728484295,
                22.633026859005774
              ],
              [
                72.5133824099183,
                22.633139645388678
              ],
              [
                72.51267499039875,
                22.63317847935946
              ],
              [
                72.51179060892548,
                22.633185520471184
              ],
              [
                72.51147035237405,
                22.633054455432458
              ],
              [
                72.51106364629666,
                22.632785428820767
              ],
              [
                72.51063871336396,
                22.632487842766267
              ],
              [
                72.50993815395583,
                22.63197379990266
              ],
              [
                72.50909515239393,
                22.631259096589186
              ],
              [
                72.50842231949198,
                22.630608112767167
              ],
              [
                72.50818094462122,
                22.630227385657122
              ],
              [
                72.50787419608581,
                22.629774279200085
              ],
              [
                72.50754268914335,
                22.62931994502513
              ],
              [
                72.50731201379642,
                22.628925916085073
              ],
              [
                72.50716209779551,
                22.628595806387242
              ],
              [
                72.50696066482855,
                22.628124848464108
              ],
              [
                72.5068217644274,
                22.62768925313583
              ],
              [
                72.50661432865692,
                22.627236439880406
              ],
              [
                72.50645245862191,
                22.626855027959326
              ],
              [
                72.50632188421577,
                22.62644750355534
              ],
              [
                72.50613973761908,
                22.62598671764505
              ],
              [
                72.5059794531751,
                22.625577725524018
              ],
              [
                72.50584076513798,
                22.625225119500755
              ],
              [
                72.50574459223354,
                22.624823902123982
              ],
              [
                72.50558589229428,
                22.624387328017573
              ],
              [
                72.50547386742235,
                22.623916178182238
              ],
              [
                72.50537379946446,
                22.62349632817046
              ],
              [
                72.50529386008601,
                22.622985276210734
              ],
              [
                72.50522608339506,
                22.622608512106947
              ],
              [
                72.50511300756388,
                22.62215575284335
              ],
              [
                72.50501294205833,
                22.621735903726574
              ],
              [
                72.50485289535145,
                22.620976557400088
              ],
              [
                72.50479436582933,
                22.6206117789572
              ],
              [
                72.50477477260345,
                22.62008757238294
              ],
              [
                72.50477139376484,
                22.61928065109613
              ],
              [
                72.50481530704067,
                22.618688129479384
              ],
              [
                72.50484551084894,
                22.61833464987036
              ],
              [
                72.5048731348098,
                22.617939553919893
              ],
              [
                72.50486721060447,
                22.617436770200673
              ],
              [
                72.50492228621732,
                22.61690933942328
              ],
              [
                72.50495486214913,
                22.61651448752208
              ],
              [
                72.5049922383795,
                22.615949303093192
              ],
              [
                72.50501412102048,
                22.61556775353427
              ],
              [
                72.50504344044523,
                22.614969900280702
              ],
              [
                72.5050720684138,
                22.61449734511641
              ],
              [
                72.50508315718879,
                22.614017589816246
              ],
              [
                72.50510371902858,
                22.61365902595879
              ],
              [
                72.50509200082398,
                22.612868135016452
              ],
              [
                72.50519792246419,
                22.61227606698567
              ],
              [
                72.5052229077464,
                22.611926941923056
              ],
              [
                72.50525459907766,
                22.611287715998653
              ],
              [
                72.5052553560084,
                22.610928173414884
              ],
              [
                72.50526328658648,
                22.610356924396516
              ],
              [
                72.5052405479487,
                22.610060758987032
              ],
              [
                72.50519211219026,
                22.6096065854539
              ],
              [
                72.5051227609658,
                22.609257404349975
              ],
              [
                72.50503146183199,
                22.60859827169652
              ],
              [
                72.50496468994393,
                22.6082907095841
              ],
              [
                72.50483671347114,
                22.60776487335309
              ],
              [
                72.50471149452837,
                22.607337752765726
              ],
              [
                72.50459963679133,
                22.60703718237605
              ],
              [
                72.5044319983092,
                22.606756904787357
              ],
              [
                72.50417266099507,
                22.606430602626506
              ],
              [
                72.50388418619457,
                22.60601949277779
              ],
              [
                72.50345861536238,
                22.605678442131264
              ],
              [
                72.50285129972832,
                22.605489366872217
              ],
              [
                72.50218322601519,
                22.605364128700028
              ],
              [
                72.50190154656441,
                22.60534334906361
              ],
              [
                72.50161464228557,
                22.605322182323093
              ],
              [
                72.5010458548233,
                22.60519724068167
              ],
              [
                72.50060790720553,
                22.605041888503482
              ],
              [
                72.49999251461747,
                22.60486392685995
              ],
              [
                72.49929816851336,
                22.604677446430944
              ],
              [
                72.49871877578374,
                22.60452183762927
              ],
              [
                72.49721447933095,
                22.60395660535064
              ],
              [
                72.49576467753383,
                22.603437681069487
              ],
              [
                72.49370360121657,
                22.60249662887308
              ],
              [
                72.49139355917039,
                22.60104994468586
              ],
              [
                72.48898415915347,
                22.599432340601865
              ],
              [
                72.48788757591392,
                22.59862315030284
              ],
              [
                72.48633541777568,
                22.597401762659345
              ],
              [
                72.48592418786446,
                22.597127828306217
              ],
              [
                72.48517567674281,
                22.596330074821143
              ],
              [
                72.48489319156734,
                22.596054294434506
              ],
              [
                72.48312608357837,
                22.594329132301613
              ],
              [
                72.48192554197422,
                22.59319085504569
              ],
              [
                72.48040768874789,
                22.591700297213606
              ],
              [
                72.47890702678768,
                22.59025667407804
              ],
              [
                72.47632718117029,
                22.587897403997864
              ],
              [
                72.47572396298241,
                22.587337311107948
              ],
              [
                72.47357459080166,
                22.5853497224181
              ],
              [
                72.47253442193674,
                22.584532809447886
              ],
              [
                72.47222999313355,
                22.584222556296623
              ],
              [
                72.47084632988279,
                22.582812412296008
              ],
              [
                72.46952762486703,
                22.58148837138448
              ],
              [
                72.46849570263886,
                22.58027076421447
              ],
              [
                72.46802921835614,
                22.57983729411103
              ],
              [
                72.46662961612473,
                22.578712046714013
              ],
              [
                72.46552815918692,
                22.57744551762567
              ],
              [
                72.46460941419957,
                22.577071883213364
              ],
              [
                72.46187552539956,
                22.57610153470987
              ],
              [
                72.46105772642724,
                22.57582114096445
              ],
              [
                72.45985808296906,
                22.575447987653018
              ],
              [
                72.45907856693648,
                22.57519253823557
              ],
              [
                72.45827934187723,
                22.574848513146836
              ],
              [
                72.45637286532119,
                22.574251151356
              ],
              [
                72.45467067541425,
                22.573640882903316
              ],
              [
                72.45161794429066,
                22.572520780149677
              ],
              [
                72.44935531711418,
                22.57167063142273
              ],
              [
                72.44807251610696,
                22.5712515950167
              ],
              [
                72.44761680437935,
                22.57106292934967
              ],
              [
                72.4469538118698,
                22.570552751527075
              ],
              [
                72.44618358981579,
                22.56996796745873
              ],
              [
                72.44398193842073,
                22.568078855077037
              ],
              [
                72.44214940996984,
                22.566439426474755
              ],
              [
                72.44188638075697,
                22.566204111652535
              ],
              [
                72.44158172822111,
                22.565954642309535
              ],
              [
                72.4409811612428,
                22.565462852433487
              ],
              [
                72.4405719430448,
                22.56610168060452
              ],
              [
                72.4400790103116,
                22.566814706252572
              ],
              [
                72.43893016198746,
                22.568140419114812
              ],
              [
                72.43741225697005,
                22.569581404871446
              ],
              [
                72.43685141535283,
                22.569751654132308
              ],
              [
                72.43622090852931,
                22.570010625337442
              ],
              [
                72.43562467679253,
                22.570363509921474
              ],
              [
                72.43514997189894,
                22.571077897968074
              ],
              [
                72.43483074126851,
                22.571559385889323
              ],
              [
                72.43448384507558,
                22.571892439650895
              ],
              [
                72.4334129661644,
                22.572641140323267
              ],
              [
                72.43283342577776,
                22.57296257451116
              ],
              [
                72.43181229089551,
                22.573709137595813
              ],
              [
                72.43131321817596,
                22.573840960822892
              ],
              [
                72.43096862136562,
                22.573916551832145
              ],
              [
                72.43059422364607,
                22.573998682652583
              ],
              [
                72.42987448705946,
                22.573912027079906
              ],
              [
                72.42929222893932,
                22.57368010357153
              ],
              [
                72.4286438991783,
                22.573550917516457
              ],
              [
                72.42821930713022,
                22.573520479403456
              ],
              [
                72.42791328328347,
                22.573233195530353
              ],
              [
                72.42625848565228,
                22.57172138998169
              ],
              [
                72.42534896484403,
                22.570712431327788
              ],
              [
                72.42440942256907,
                22.56969831233526
              ],
              [
                72.42405021870917,
                22.5693105939282
              ],
              [
                72.42332439638163,
                22.568301584377025
              ],
              [
                72.42290239365826,
                22.567580222793655
              ],
              [
                72.42247982912431,
                22.566857894190022
              ],
              [
                72.42216361872228,
                22.565804815070464
              ],
              [
                72.42208986093863,
                22.565022021842967
              ],
              [
                72.42215540487808,
                22.563891214897808
              ],
              [
                72.42247316775976,
                22.562519465934095
              ],
              [
                72.42298303335706,
                22.561258741637236
              ],
              [
                72.42380156333813,
                22.559810602969762
              ],
              [
                72.42455258359647,
                22.558584979413347
              ],
              [
                72.4254429647248,
                22.557352489601822
              ],
              [
                72.4262011260669,
                22.55643148452142
              ],
              [
                72.4270592130095,
                22.555584619309112
              ],
              [
                72.42809078432764,
                22.554313072499852
              ],
              [
                72.4288848839893,
                22.553370800401225
              ],
              [
                72.43089998861021,
                22.551055781968994
              ],
              [
                72.4311388193499,
                22.550809080825506
              ],
              [
                72.431495605037,
                22.550450561284897
              ],
              [
                72.43220207755239,
                22.54982538232653
              ],
              [
                72.43343604955923,
                22.548506336771226
              ],
              [
                72.43417929140581,
                22.54773432998765
              ],
              [
                72.43505978277761,
                22.54701301760868
              ],
              [
                72.43619954850229,
                22.545756044730133
              ],
              [
                72.436522158451,
                22.54541256493076
              ],
              [
                72.43694016555864,
                22.54479262986735
              ],
              [
                72.4375978940495,
                22.543202720721844
              ],
              [
                72.43796810031166,
                22.542465149559348
              ],
              [
                72.43859817718774,
                22.540666405588368
              ],
              [
                72.43888076816482,
                22.53955566104173
              ],
              [
                72.43923250562798,
                22.538107221959567
              ],
              [
                72.43953328342535,
                22.537025043118465
              ],
              [
                72.44003353041487,
                22.535067691516378
              ],
              [
                72.44019322834008,
                22.534094085704723
              ],
              [
                72.44027033202029,
                22.532522472827605
              ],
              [
                72.44024989710292,
                22.529693990598975
              ],
              [
                72.44018288762648,
                22.52681861149792
              ],
              [
                72.44013088901889,
                22.524026965804477
              ],
              [
                72.44014438583976,
                22.52293506977554
              ],
              [
                72.44009868343227,
                22.522386467441734
              ],
              [
                72.43999205862256,
                22.52110652013513
              ],
              [
                72.43989769548372,
                22.520390286777577
              ],
              [
                72.43985755494884,
                22.520085606424498
              ],
              [
                72.43974943505788,
                22.51809330473871
              ],
              [
                72.43970611226226,
                22.517001429794888
              ],
              [
                72.43964441695957,
                22.51544653938226
              ],
              [
                72.43954575620256,
                22.514604600476694
              ],
              [
                72.43954679299014,
                22.51429766875776
              ],
              [
                72.4394113661357,
                22.51295473634225
              ],
              [
                72.43933182794387,
                22.51192734921829
              ],
              [
                72.43907084685664,
                22.510176361130327
              ],
              [
                72.4387610796956,
                22.50918358504583
              ],
              [
                72.43790719654167,
                22.507647334314655
              ],
              [
                72.4373292302607,
                22.50665960898392
              ],
              [
                72.43694384259763,
                22.5061388915863
              ],
              [
                72.43644139135341,
                22.505189899011846
              ],
              [
                72.43555043173698,
                22.503615807261415
              ],
              [
                72.43500069162347,
                22.502569551048495
              ],
              [
                72.43477258616018,
                22.502138651260836
              ],
              [
                72.43329408497975,
                22.49999493247217
              ],
              [
                72.4328322539467,
                22.499059090236553
              ],
              [
                72.43165302385688,
                22.497317539877546
              ],
              [
                72.42866116238936,
                22.493636797209348
              ],
              [
                72.4277514922912,
                22.49266060425169
              ],
              [
                72.42486368728426,
                22.489307190715667
              ],
              [
                72.42294317009076,
                22.48734870727564
              ],
              [
                72.4216863944349,
                22.48637227639829
              ],
              [
                72.42131965110586,
                22.48608733563937
              ],
              [
                72.41977667607654,
                22.484977497049172
              ],
              [
                72.41906578106244,
                22.484348511349125
              ],
              [
                72.41828555217394,
                22.483658175716585
              ],
              [
                72.41204442966668,
                22.478708019730195
              ],
              [
                72.40979476476855,
                22.47705536352891
              ],
              [
                72.408147107977,
                22.476115537833216
              ],
              [
                72.40803579445989,
                22.476409608923564
              ],
              [
                72.40777065020632,
                22.477986765758494
              ],
              [
                72.40743490066114,
                22.47944456826239
              ],
              [
                72.4068952597735,
                22.481787620676904
              ],
              [
                72.40194672880432,
                22.479529514738047
              ],
              [
                72.40048312090047,
                22.479004195584025
              ],
              [
                72.39661620214947,
                22.477616261490567
              ],
              [
                72.39451010754155,
                22.47706796311757
              ],
              [
                72.39158994400674,
                22.476188317174778
              ],
              [
                72.38863826738383,
                22.47550987027503
              ],
              [
                72.38660990164949,
                22.475076005734298
              ],
              [
                72.38278940391587,
                22.47432610883065
              ],
              [
                72.37677602313018,
                22.47343514798192
              ],
              [
                72.37572233839559,
                22.47327903085674
              ],
              [
                72.37652936879631,
                22.47041071959185
              ],
              [
                72.37681563260291,
                22.4692038707572
              ],
              [
                72.37704560567373,
                22.467850476300683
              ],
              [
                72.3773278809503,
                22.465559670079678
              ],
              [
                72.37781985017013,
                22.462053154054058
              ],
              [
                72.37810616788573,
                22.45918169144721
              ],
              [
                72.37766842238061,
                22.45801176899786
              ],
              [
                72.37760284686743,
                22.45751980829841
              ],
              [
                72.37764904817135,
                22.45664162043569
              ],
              [
                72.37745791360861,
                22.455410348433805
              ],
              [
                72.37747937226065,
                22.454701487108895
              ],
              [
                72.37742118936654,
                22.45382726574009
              ],
              [
                72.37680066267379,
                22.452389981386663
              ],
              [
                72.37658400488313,
                22.452176851185328
              ],
              [
                72.37596102628417,
                22.451564012983447
              ],
              [
                72.37532771088415,
                22.451112616040984
              ],
              [
                72.37409018528894,
                22.450561642020116
              ],
              [
                72.37320997707178,
                22.450517316893222
              ],
              [
                72.37082695154247,
                22.450899775467757
              ],
              [
                72.3705355055229,
                22.451012714086396
              ],
              [
                72.36716335767017,
                22.452319452927505
              ],
              [
                72.36551002217399,
                22.45337017889943
              ],
              [
                72.36443046851772,
                22.453596965897205
              ],
              [
                72.36381888785317,
                22.453538467229404
              ],
              [
                72.36322282388386,
                22.452789246396044
              ],
              [
                72.36055298956775,
                22.448228959506316
              ],
              [
                72.36036094945248,
                22.447610748836276
              ],
              [
                72.36065322967589,
                22.446889153703687
              ],
              [
                72.36077203454624,
                22.445921166055914
              ],
              [
                72.36024774460063,
                22.44479292210447
              ],
              [
                72.35971784456086,
                22.444167736196796
              ],
              [
                72.35865170371174,
                22.442909873650148
              ],
              [
                72.35820251697407,
                22.442449252490807
              ],
              [
                72.35753039758794,
                22.441869502799882
              ],
              [
                72.35674361975988,
                22.44119084994455
              ],
              [
                72.35592020151788,
                22.44043012019247
              ],
              [
                72.35848395757777,
                22.44046278170484
              ],
              [
                72.36032339942804,
                22.440567041401664
              ],
              [
                72.36291092810983,
                22.44071370410788
              ],
              [
                72.36418274471515,
                22.44087621147699
              ],
              [
                72.36624835346508,
                22.44114014690317
              ],
              [
                72.36694980319186,
                22.44127231721541
              ],
              [
                72.36799586158469,
                22.44170306241694
              ],
              [
                72.36885626192043,
                22.44234111424019
              ],
              [
                72.36911500699644,
                22.44259956147923
              ],
              [
                72.37147122637548,
                22.444953051321793
              ],
              [
                72.37254892162365,
                22.44594777551253
              ],
              [
                72.37333169619909,
                22.446812393513
              ],
              [
                72.37302846064303,
                22.444778041255283
              ],
              [
                72.37276101238425,
                22.443400319878677
              ],
              [
                72.37229169242129,
                22.441002123812076
              ],
              [
                72.37210227121294,
                22.439454662416605
              ],
              [
                72.37184761032194,
                22.438241416097526
              ],
              [
                72.37120669683722,
                22.43553994446342
              ],
              [
                72.3709533405169,
                22.432825726445905
              ],
              [
                72.3708372136049,
                22.43189744413396
              ],
              [
                72.3706184751429,
                22.430148894034307
              ],
              [
                72.37021548818849,
                22.42817978451772
              ],
              [
                72.36966138666,
                22.425472248642144
              ],
              [
                72.36929785573918,
                22.422692553893683
              ],
              [
                72.36901091003132,
                22.419875231188517
              ],
              [
                72.36811101441901,
                22.412094355974506
              ],
              [
                72.36803019145685,
                22.41050445720238
              ],
              [
                72.36807224095789,
                22.408422879593058
              ],
              [
                72.36796863983614,
                22.407223679658244
              ],
              [
                72.3640812059928,
                22.404257069292644
              ],
              [
                72.36092863284532,
                22.40178382615185
              ],
              [
                72.35943766516716,
                22.400657511060018
              ],
              [
                72.35786262177393,
                22.39927339278961
              ],
              [
                72.35715977252043,
                22.39874464231094
              ],
              [
                72.35644171818484,
                22.39813675492986
              ],
              [
                72.35339452807247,
                22.395816182437407
              ],
              [
                72.34937156969521,
                22.39263488141891
              ],
              [
                72.34705463325109,
                22.390885836955512
              ],
              [
                72.34464175948845,
                22.388998213474792
              ],
              [
                72.34316600862338,
                22.387955480771296
              ],
              [
                72.34150548860272,
                22.386682103347383
              ],
              [
                72.34210404226975,
                22.385347839400154
              ],
              [
                72.34473515614148,
                22.37985679142467
              ],
              [
                72.34498029754143,
                22.37939436649537
              ],
              [
                72.34545493282153,
                22.37890666639731
              ],
              [
                72.34670957975639,
                22.37821869232992
              ],
              [
                72.34840218608002,
                22.377585117577283
              ],
              [
                72.3502498646608,
                22.376927095707384
              ],
              [
                72.35118119299946,
                22.376766715420843
              ],
              [
                72.35220384341123,
                22.376740023624762
              ],
              [
                72.35841903844177,
                22.37674968437979
              ],
              [
                72.36051854575331,
                22.37678651996069
              ],
              [
                72.36199817448538,
                22.37665835734529
              ],
              [
                72.363162573652,
                22.376495838725802
              ],
              [
                72.3653001063947,
                22.376050487477816
              ],
              [
                72.3663864935018,
                22.37586556888943
              ],
              [
                72.36751256410427,
                22.375595054032292
              ],
              [
                72.36904695110489,
                22.375377388205337
              ],
              [
                72.37432538134912,
                22.37504413564912
              ],
              [
                72.37641123515023,
                22.37514460275759
              ],
              [
                72.37730030548154,
                22.37502803671145
              ],
              [
                72.37833551358366,
                22.374785135351434
              ],
              [
                72.37908846462265,
                22.37470780419092
              ],
              [
                72.38037612446742,
                22.374385404608443
              ],
              [
                72.38348973772324,
                22.373348165671274
              ],
              [
                72.38499751467829,
                22.372649576601155
              ],
              [
                72.38902453935671,
                22.370648624346398
              ],
              [
                72.38962560769126,
                22.370420252185752
              ],
              [
                72.39100748700157,
                22.36961891497577
              ],
              [
                72.39353801177396,
                22.368035865134537
              ],
              [
                72.39437558152696,
                22.367354213116748
              ],
              [
                72.39511510528902,
                22.366653800797888
              ],
              [
                72.39655393842995,
                22.365518315780985
              ],
              [
                72.39737678834815,
                22.36491888770572
              ],
              [
                72.39949669117891,
                22.362978602234175
              ],
              [
                72.4001681726201,
                22.362168727827466
              ],
              [
                72.40059214477509,
                22.36109749097174
              ],
              [
                72.40094222569944,
                22.359676808142158
              ],
              [
                72.40118594513388,
                22.357697608875743
              ],
              [
                72.40136072030502,
                22.355559284049452
              ],
              [
                72.40156193099602,
                22.35309746407735
              ],
              [
                72.40119079944958,
                22.352051338972768
              ],
              [
                72.4003230536124,
                22.350278595819226
              ],
              [
                72.39971387756331,
                22.349247676970446
              ],
              [
                72.39815461447438,
                22.347168703378653
              ],
              [
                72.39599366004184,
                22.345041042587102
              ],
              [
                72.39015471297537,
                22.340289844896226
              ],
              [
                72.38940771734927,
                22.33950087882293
              ],
              [
                72.38807518759674,
                22.33829984071198
              ],
              [
                72.38744492738508,
                22.337378445530597
              ],
              [
                72.38689706604609,
                22.33648884940506
              ],
              [
                72.38632921726686,
                22.33457948009267
              ],
              [
                72.3863403400772,
                22.333450641898303
              ],
              [
                72.38688960719057,
                22.331588266242655
              ],
              [
                72.38690471107468,
                22.331072728879853
              ],
              [
                72.3865360731199,
                22.330169100690558
              ],
              [
                72.38448834281509,
                22.326783881429392
              ],
              [
                72.38308794531,
                22.324708133549716
              ],
              [
                72.38204913063866,
                22.32306084696231
              ],
              [
                72.38102923552249,
                22.322281147785716
              ],
              [
                72.38021734556281,
                22.321843818950224
              ],
              [
                72.37740062443719,
                22.320779976483287
              ],
              [
                72.37661786196412,
                22.320353314604773
              ],
              [
                72.37534080764038,
                22.318970563333767
              ],
              [
                72.37402856397877,
                22.317341706962058
              ],
              [
                72.3732503753755,
                22.315901106471298
              ],
              [
                72.37188234863616,
                22.311743258648452
              ],
              [
                72.37118581673882,
                22.30924190566711
              ],
              [
                72.3701966844653,
                22.306661256382103
              ],
              [
                72.36973970537663,
                22.30583149595913
              ],
              [
                72.3678194573694,
                22.3033329388045
              ],
              [
                72.36728088445093,
                22.30279869050054
              ],
              [
                72.36606697206656,
                22.301442091467766
              ],
              [
                72.36484077971264,
                22.299531688981503
              ],
              [
                72.36396063651304,
                22.2980065715396
              ],
              [
                72.3633200227605,
                22.29689650107381
              ],
              [
                72.36284156676864,
                22.296351442960198
              ],
              [
                72.36237107985286,
                22.295414953844986
              ],
              [
                72.36205106680758,
                22.294361599368592
              ],
              [
                72.36189975203894,
                22.293473492916764
              ],
              [
                72.36174974749468,
                22.292197441815883
              ],
              [
                72.36154214906793,
                22.290431432160105
              ],
              [
                72.36179250235811,
                22.28864635248105
              ],
              [
                72.3620338854297,
                22.28692518907028
              ],
              [
                72.36232969370695,
                22.28321083943611
              ],
              [
                72.3625233726051,
                22.27827436783455
              ],
              [
                72.36246743278204,
                22.271587436697153
              ],
              [
                72.36211914297347,
                22.26889620933106
              ],
              [
                72.36136112904018,
                22.2644833058846
              ],
              [
                72.36090734900277,
                22.261648461750053
              ],
              [
                72.3599114431959,
                22.257919606117106
              ],
              [
                72.35976405613688,
                22.257225314179355
              ],
              [
                72.35905285670188,
                22.253875005439173
              ],
              [
                72.35843137415354,
                22.250690571343032
              ],
              [
                72.35832345680944,
                22.249993665161252
              ],
              [
                72.3579738070489,
                22.247735646745813
              ],
              [
                72.35736032953793,
                22.246045193120114
              ],
              [
                72.35620843941717,
                22.243636029660564
              ],
              [
                72.35516468735234,
                22.241665635595627
              ],
              [
                72.35402427733781,
                22.23999458678671
              ],
              [
                72.3530741308737,
                22.23845760939237
              ],
              [
                72.35208199001454,
                22.236877018637056
              ],
              [
                72.35052449509287,
                22.23454870946698
              ],
              [
                72.34993239770829,
                22.23349540405494
              ],
              [
                72.3484227382552,
                22.231197148894626
              ],
              [
                72.34691994597627,
                22.228866960239213
              ],
              [
                72.34550397442409,
                22.226407469268022
              ],
              [
                72.3443822466669,
                22.224086120323822
              ],
              [
                72.34422300955382,
                22.22375658802191
              ],
              [
                72.34261703012038,
                22.220568342337984
              ],
              [
                72.34121647275559,
                22.218017398551858
              ],
              [
                72.34043301903368,
                22.216428861927074
              ],
              [
                72.33977617884518,
                22.215215505374108
              ],
              [
                72.33918331643899,
                22.213839444988594
              ],
              [
                72.33820501076228,
                22.21024965133167
              ],
              [
                72.33755645934046,
                22.208133217878153
              ],
              [
                72.33711284015364,
                22.206322187728293
              ],
              [
                72.33660697771398,
                22.204729264873777
              ],
              [
                72.33605543620659,
                22.202986514894572
              ],
              [
                72.33566235641004,
                22.200989050706077
              ],
              [
                72.3351614431233,
                22.199142845347943
              ],
              [
                72.33481434714551,
                22.19729061085763
              ],
              [
                72.33439393741112,
                22.195337855219726
              ],
              [
                72.33423302553314,
                22.19366623050402
              ],
              [
                72.33408417489008,
                22.192339716086316
              ],
              [
                72.33418395961051,
                22.190464051319086
              ],
              [
                72.33431244402145,
                22.189451840140496
              ],
              [
                72.33459362292768,
                22.188198454189244
              ],
              [
                72.33556342958316,
                22.185071614656383
              ],
              [
                72.33621222631977,
                22.183371300650442
              ],
              [
                72.33650571669294,
                22.182584109910838
              ],
              [
                72.33806080013903,
                22.178163987175395
              ],
              [
                72.3385498364925,
                22.17684443716396
              ],
              [
                72.33878351816502,
                22.176213889843158
              ],
              [
                72.34041700558751,
                22.172821062729994
              ],
              [
                72.34163167901391,
                22.170411887191438
              ],
              [
                72.34246175966616,
                22.168909743692875
              ],
              [
                72.34362982665952,
                22.1672126826584
              ],
              [
                72.3443822459485,
                22.166247442805783
              ],
              [
                72.34593544867762,
                22.16425490091436
              ],
              [
                72.34788238392532,
                22.161675352754028
              ],
              [
                72.35020084667399,
                22.158833411080533
              ],
              [
                72.35205286109485,
                22.1565209781249
              ],
              [
                72.35451904306213,
                22.15360349198247
              ],
              [
                72.35611163341417,
                22.15149454268941
              ],
              [
                72.35916933279626,
                22.147763379735952
              ],
              [
                72.36100210249674,
                22.14543606354759
              ],
              [
                72.3645989987961,
                22.141022215643563
              ],
              [
                72.36525052626627,
                22.140163294075663
              ],
              [
                72.3663567758449,
                22.138704889363446
              ],
              [
                72.3688883387016,
                22.135587711288206
              ],
              [
                72.37068888198675,
                22.133383133305056
              ],
              [
                72.37366498713828,
                22.129553899411153
              ],
              [
                72.37221449574247,
                22.121553849777502
              ],
              [
                72.3665816224641,
                22.111512808471204
              ],
              [
                72.34719918249701,
                22.09040927072791
              ],
              [
                72.34234187290879,
                22.089553293275973
              ],
              [
                72.3376687566342,
                22.091145631223007
              ],
              [
                72.33303106346709,
                22.09212984379671
              ],
              [
                72.32855330246818,
                22.09037801165587
              ],
              [
                72.32349445845078,
                22.087376937988612
              ],
              [
                72.31819868111144,
                22.082839173998686
              ],
              [
                72.3080234795632,
                22.072259809452433
              ],
              [
                72.302162987206,
                22.064965390519472
              ],
              [
                72.29857351131326,
                22.060497151788
              ],
              [
                72.29233243627267,
                22.04981239739629
              ],
              [
                72.2827696867915,
                22.028896272086314
              ],
              [
                72.27571043820939,
                22.009937046821364
              ],
              [
                72.2681051337689,
                21.983632355035674
              ],
              [
                72.26660082634153,
                21.970959517217484
              ],
              [
                72.26570207289016,
                21.96338694754504
              ],
              [
                72.2655983373824,
                21.942954675880404
              ],
              [
                72.26788597661543,
                21.926303707515164
              ],
              [
                72.27158326452412,
                21.907895873156395
              ],
              [
                72.27379802649851,
                21.892460923311475
              ],
              [
                72.27263447755645,
                21.884474713134274
              ],
              [
                72.27013645183077,
                21.882517482023875
              ],
              [
                72.26836503315977,
                21.884865626137486
              ],
              [
                72.26475041395838,
                21.8907776678663
              ],
              [
                72.26276395022414,
                21.896773195305673
              ],
              [
                72.2597285265901,
                21.903934386691173
              ],
              [
                72.25260471489857,
                21.913934375742173
              ],
              [
                72.25007346054348,
                21.918072610473416
              ],
              [
                72.24813973761461,
                21.923156158566186
              ],
              [
                72.24689330031929,
                21.92766526982843
              ],
              [
                72.24421799062586,
                21.934235088814937
              ],
              [
                72.23938999798938,
                21.94404787469228
              ],
              [
                72.23652942586666,
                21.94909589898075
              ],
              [
                72.23810564341997,
                21.950737994755347
              ],
              [
                72.24171669243668,
                21.9757666032123
              ],
              [
                72.24219593032001,
                21.97802676877826
              ],
              [
                72.24296644830356,
                21.986063599588366
              ],
              [
                72.24350489990331,
                21.990082979033843
              ],
              [
                72.24427708413674,
                21.994496952744893
              ],
              [
                72.24110791150169,
                21.995684624546683
              ],
              [
                72.23673805123481,
                21.997617124094063
              ],
              [
                72.23121900110114,
                22.000006618334606
              ],
              [
                72.22694705371903,
                22.004787909597077
              ],
              [
                72.22725469843215,
                22.00000995086632
              ],
              [
                72.22741669518992,
                21.996021930899154
              ],
              [
                72.23053770163517,
                21.992393691133998
              ],
              [
                72.23218792253985,
                21.99056573082782
              ],
              [
                72.22917786307261,
                21.988313512656074
              ],
              [
                72.22604412280138,
                21.985898140225746
              ],
              [
                72.2237775948691,
                21.98411277789643
              ],
              [
                72.2215570668358,
                21.98305342443546
              ],
              [
                72.21973846917574,
                21.98221757314094
              ],
              [
                72.21835134128152,
                21.981606757707553
              ],
              [
                72.21406100699133,
                21.98253322227466
              ],
              [
                72.21133104381033,
                21.983148304608797
              ],
              [
                72.2092801392469,
                21.983646281584637
              ],
              [
                72.20650055243989,
                21.9840973866468
              ],
              [
                72.20469841931954,
                21.984412523575507
              ],
              [
                72.20131167740615,
                21.985004753646493
              ],
              [
                72.19931663640303,
                21.98577892990884
              ],
              [
                72.1978210083731,
                21.986359283854906
              ],
              [
                72.19309798034857,
                21.98832297784002
              ],
              [
                72.18728999459265,
                21.99049311342042
              ],
              [
                72.18404973177596,
                21.990127143072186
              ],
              [
                72.18362872360575,
                21.99014221429428
              ],
              [
                72.18191978055313,
                21.990703637307618
              ],
              [
                72.18084234208435,
                21.990869078278397
              ],
              [
                72.17896120081122,
                21.99083614206387
              ],
              [
                72.17699617827078,
                21.990795309979394
              ],
              [
                72.17647318057186,
                21.990785556457705
              ],
              [
                72.175339351326,
                21.990735998943897
              ],
              [
                72.17400618557502,
                21.99187456430309
              ],
              [
                72.17119528105992,
                21.99367399807477
              ],
              [
                72.17085384542662,
                21.99380959610477
              ],
              [
                72.16897786432425,
                21.99455462027763
              ],
              [
                72.16770508129821,
                21.995922136920097
              ],
              [
                72.1659145001778,
                21.998263036703424
              ],
              [
                72.1649474344203,
                22.00000831527143
              ],
              [
                72.16310499998256,
                22.002104436106432
              ],
              [
                72.162521796509,
                22.00276558547241
              ],
              [
                72.16180607304882,
                22.00349360497657
              ],
              [
                72.1582617820082,
                22.00746733367758
              ],
              [
                72.15735321522385,
                22.008526424318898
              ],
              [
                72.15656427050456,
                22.009374189768746
              ],
              [
                72.1545129110959,
                22.011578466866386
              ],
              [
                72.15290526953089,
                22.013305872112692
              ],
              [
                72.15089626592086,
                22.01557075141739
              ],
              [
                72.14946765046481,
                22.017801258796023
              ],
              [
                72.1489579373847,
                22.018553773400452
              ],
              [
                72.14800501649846,
                22.020103744647447
              ],
              [
                72.14680119129832,
                22.02196333158308
              ],
              [
                72.14566715425872,
                22.02381271480612
              ],
              [
                72.14015900778124,
                22.03231913227699
              ],
              [
                72.13869944331606,
                22.034573104783494
              ],
              [
                72.13605887433253,
                22.038704134296108
              ],
              [
                72.13022076785018,
                22.047670018310228
              ],
              [
                72.12802999531999,
                22.05088863266072
              ],
              [
                72.12694022001227,
                22.052403726202797
              ],
              [
                72.12615708739429,
                22.053423123943627
              ],
              [
                72.1255581277964,
                22.054092567629063
              ],
              [
                72.12428731272561,
                22.055771379892224
              ],
              [
                72.12334953761932,
                22.057151170933103
              ],
              [
                72.1230308108895,
                22.057312020124964
              ],
              [
                72.12231569090828,
                22.057362297089856
              ],
              [
                72.1208717145667,
                22.056950446738146
              ],
              [
                72.11957903311682,
                22.056901426775795
              ],
              [
                72.11810983167874,
                22.05658042856397
              ],
              [
                72.1175897306114,
                22.056594765450797
              ],
              [
                72.11666863153415,
                22.05669880162387
              ],
              [
                72.11570493543276,
                22.05710024019825
              ],
              [
                72.11477243895163,
                22.056982399710535
              ],
              [
                72.11323157738134,
                22.057031001639007
              ],
              [
                72.11259201508908,
                22.05714049585132
              ],
              [
                72.11246491759677,
                22.057445017052807
              ],
              [
                72.11034571252156,
                22.057571704712302
              ],
              [
                72.10997925729161,
                22.057580216802187
              ],
              [
                72.10959285112094,
                22.057509317549776
              ],
              [
                72.10916632482545,
                22.057941089594166
              ],
              [
                72.10816338714274,
                22.05817217565414
              ],
              [
                72.1077340906253,
                22.058403274838014
              ],
              [
                72.1074431903256,
                22.05847104585609
              ],
              [
                72.10583216383324,
                22.058575830264072
              ],
              [
                72.10543053918256,
                22.057812662081663
              ],
              [
                72.1044529006974,
                22.055240004187496
              ],
              [
                72.10405397430806,
                22.054705431147703
              ],
              [
                72.1033446716928,
                22.055002268197548
              ],
              [
                72.09701434461844,
                22.05501219897236
              ],
              [
                72.09641233318521,
                22.055072883288943
              ],
              [
                72.09574462684988,
                22.055074812962566
              ],
              [
                72.09540554008912,
                22.05512159725173
              ],
              [
                72.09336099198453,
                22.05524043156085
              ],
              [
                72.09260455267686,
                22.055237697946634
              ],
              [
                72.091452476209,
                22.055071334919834
              ],
              [
                72.090393288988,
                22.054840683051026
              ],
              [
                72.08853241504085,
                22.054701705168576
              ],
              [
                72.08657418297688,
                22.0543732097368
              ],
              [
                72.08610621436172,
                22.05426109651366
              ],
              [
                72.08560516628751,
                22.054451494902164
              ],
              [
                72.08439586683444,
                22.05466008286067
              ],
              [
                72.08356724488134,
                22.054870179760595
              ],
              [
                72.08176312843317,
                22.055019900836793
              ],
              [
                72.08072509032355,
                22.055094535367566
              ],
              [
                72.08027304770818,
                22.05529209869804
              ],
              [
                72.0798733750677,
                22.05576899269183
              ],
              [
                72.078727647959,
                22.056971980114856
              ],
              [
                72.07634160018512,
                22.059753311731154
              ],
              [
                72.07593479948783,
                22.060227490215045
              ],
              [
                72.07501535520021,
                22.061612893086462
              ],
              [
                72.07481546659558,
                22.061892821628206
              ],
              [
                72.07467501258418,
                22.062171259834123
              ],
              [
                72.07255526473006,
                22.065332975990543
              ],
              [
                72.07130767830962,
                22.0683007552051
              ],
              [
                72.07055471121797,
                22.06995764381881
              ],
              [
                72.06983509316211,
                22.071631070607978
              ],
              [
                72.06927717711335,
                22.072928453519093
              ],
              [
                72.06893520412792,
                22.073731050645804
              ],
              [
                72.06829298323892,
                22.075218576636825
              ],
              [
                72.06768159835784,
                22.07682297087418
              ],
              [
                72.06683647214481,
                22.07787572841331
              ],
              [
                72.06593244511691,
                22.078920777967443
              ],
              [
                72.06327582786047,
                22.082118744720944
              ],
              [
                72.06131345687777,
                22.08446807127611
              ],
              [
                72.06113750343177,
                22.085168747006993
              ],
              [
                72.05976531550304,
                22.089697302084293
              ],
              [
                72.05961847825813,
                22.089998445885623
              ],
              [
                72.058815192963,
                22.092155143123232
              ],
              [
                72.05847626484395,
                22.09309618790943
              ],
              [
                72.05819951831958,
                22.093745464483586
              ],
              [
                72.05771194103733,
                22.094853869287522
              ],
              [
                72.05746950324114,
                22.095426581595056
              ],
              [
                72.05793658915721,
                22.096617456434178
              ],
              [
                72.05981515169714,
                22.102533847459274
              ],
              [
                72.06035196090235,
                22.102479206457023
              ],
              [
                72.06086457275704,
                22.102353439757323
              ],
              [
                72.06186846208422,
                22.102107138908533
              ],
              [
                72.06443782823634,
                22.101421581923034
              ],
              [
                72.06653764966912,
                22.100842636534573
              ],
              [
                72.06713433900465,
                22.100678121835788
              ],
              [
                72.06911106922578,
                22.100302496227577
              ],
              [
                72.07049278011243,
                22.099867948668287
              ],
              [
                72.07167904222783,
                22.099556818207382
              ],
              [
                72.07299538619273,
                22.099303213849076
              ],
              [
                72.07490637327585,
                22.0988687448273
              ],
              [
                72.07622262439837,
                22.09837078393489
              ],
              [
                72.07773779186562,
                22.09818288880835
              ],
              [
                72.07898972751353,
                22.097930467850126
              ],
              [
                72.0802413800573,
                22.097682629044098
              ],
              [
                72.08122486841143,
                22.097370013641722
              ],
              [
                72.08374348120323,
                22.09670222338421
              ],
              [
                72.08463372392167,
                22.09682298520656
              ],
              [
                72.08482944425222,
                22.097764002503702
              ],
              [
                72.08821101548413,
                22.099945819958663
              ],
              [
                72.0889958802656,
                22.10040200049511
              ],
              [
                72.08999404043676,
                22.10045192502861
              ],
              [
                72.09093411055082,
                22.100316588045832
              ],
              [
                72.09173354070205,
                22.100592222845833
              ],
              [
                72.0942822396281,
                22.100574599807317
              ],
              [
                72.09508176919415,
                22.100642530488397
              ],
              [
                72.09581829875589,
                22.100764578059408
              ],
              [
                72.09627862107939,
                22.100818797465127
              ],
              [
                72.09660809745637,
                22.10078277682491
              ],
              [
                72.09735914563163,
                22.10069250952055
              ],
              [
                72.09806653612259,
                22.100828110234893
              ],
              [
                72.09876421758031,
                22.101230075167578
              ],
              [
                72.09958791897796,
                22.1020249262229
              ],
              [
                72.10021287513106,
                22.102530747919232
              ],
              [
                72.10103168599595,
                22.102878622845125
              ],
              [
                72.10226725596202,
                22.103285159943695
              ],
              [
                72.10298924381925,
                22.103276219787716
              ],
              [
                72.1035125910332,
                22.10328532536197
              ],
              [
                72.10455438622661,
                22.103438926177574
              ],
              [
                72.10563004023317,
                22.10373708764757
              ],
              [
                72.10708855423907,
                22.104089413293483
              ],
              [
                72.10868429460335,
                22.10488254285205
              ],
              [
                72.11015089544304,
                22.105611482835076
              ],
              [
                72.11124108818257,
                22.10633852072942
              ],
              [
                72.11286432822129,
                22.10741779393587
              ],
              [
                72.11425099267096,
                22.10834778833268
              ],
              [
                72.11481708802216,
                22.1087274488132
              ],
              [
                72.11727376939253,
                22.11054730027054
              ],
              [
                72.11785044456526,
                22.111007890457053
              ],
              [
                72.11978387650214,
                22.11278245535335
              ],
              [
                72.12053496775584,
                22.113532067269098
              ],
              [
                72.12278836918617,
                22.115762744660017
              ],
              [
                72.12445537471484,
                22.117320539383304
              ],
              [
                72.12509991003658,
                22.117695292080967
              ],
              [
                72.12899630395715,
                22.121212825110153
              ],
              [
                72.13093970487498,
                22.123393638000884
              ],
              [
                72.13273781553835,
                22.125308127924445
              ],
              [
                72.13279113978221,
                22.125583556808643
              ],
              [
                72.13367330353161,
                22.12629696998478
              ],
              [
                72.13440996683832,
                22.12685230179704
              ],
              [
                72.13579611114841,
                22.127958537266412
              ],
              [
                72.13658617981135,
                22.128518316983282
              ],
              [
                72.13776004507584,
                22.12949794984768
              ],
              [
                72.13798202375958,
                22.12968319819802
              ],
              [
                72.13859198533054,
                22.13014628552672
              ],
              [
                72.14053635166431,
                22.131651684495985
              ],
              [
                72.14236577866009,
                22.133099496985235
              ],
              [
                72.14266429326447,
                22.13333573986675
              ],
              [
                72.14454977495255,
                22.1348617171817
              ],
              [
                72.14566851385109,
                22.135680322822587
              ],
              [
                72.14750665131788,
                22.137119053195597
              ],
              [
                72.14852464909828,
                22.13786392996219
              ],
              [
                72.15026486684638,
                22.139200196371075
              ],
              [
                72.15132168554995,
                22.14004439442241
              ],
              [
                72.15308138454367,
                22.141416809727925
              ],
              [
                72.15407512476797,
                22.142161683535186
              ],
              [
                72.15578154443014,
                22.143502455314746
              ],
              [
                72.15690627218143,
                22.144360172683673
              ],
              [
                72.15853032313085,
                22.14558349375359
              ],
              [
                72.15951448889764,
                22.146368972732052
              ],
              [
                72.16060049379645,
                22.147357598394997
              ],
              [
                72.15822063933854,
                22.1479766795402
              ],
              [
                72.15575848320088,
                22.14865458398147
              ],
              [
                72.15345141471883,
                22.149314217074643
              ],
              [
                72.1511393976812,
                22.149982934763763
              ],
              [
                72.1496126179736,
                22.15043472769815
              ],
              [
                72.14807126050503,
                22.150859445492316
              ],
              [
                72.14712614034102,
                22.15108986583477
              ],
              [
                72.14520668671544,
                22.15159585083897
              ],
              [
                72.14399009842188,
                22.151939199351055
              ],
              [
                72.14335993967435,
                22.152137927412756
              ],
              [
                72.14252141666888,
                22.15230962009653
              ],
              [
                72.1418185398134,
                22.152553551916327
              ],
              [
                72.14132412339174,
                22.152670978339486
              ],
              [
                72.14034502418595,
                22.152942012148664
              ],
              [
                72.13952103229566,
                22.153194910522757
              ],
              [
                72.13824286773877,
                22.153762624637572
              ],
              [
                72.13754357321575,
                22.153970815007227
              ],
              [
                72.13676404591509,
                22.15409620751587
              ],
              [
                72.13631425646739,
                22.154169608775867
              ],
              [
                72.13567341301938,
                22.154292993788655
              ],
              [
                72.13522800334613,
                22.15437583865908
              ],
              [
                72.13477821103932,
                22.15444923622778
              ],
              [
                72.13409213964547,
                22.154584090876707
              ],
              [
                72.1333660469271,
                22.154726075789494
              ],
              [
                72.13292118565631,
                22.15479972561591
              ],
              [
                72.13197143248591,
                22.154957721365182
              ],
              [
                72.13151066655425,
                22.15504897656336
              ],
              [
                72.13094547043855,
                22.155148620389824
              ],
              [
                72.13027694994929,
                22.15523827255832
              ],
              [
                72.12989266381096,
                22.155292016547556
              ],
              [
                72.12935240989626,
                22.155388345680922
              ],
              [
                72.12891570665164,
                22.154913825348423
              ],
              [
                72.12860558430715,
                22.154556536945517
              ],
              [
                72.12815522347209,
                22.153979884612685
              ],
              [
                72.12778621545782,
                22.153531937068827
              ],
              [
                72.12735525138136,
                22.153126860985466
              ],
              [
                72.12652644981314,
                22.15242445830661
              ],
              [
                72.12617301136638,
                22.152129446596295
              ],
              [
                72.12518749749971,
                22.151317450258773
              ],
              [
                72.12455570133622,
                22.15079587116341
              ],
              [
                72.12431049251823,
                22.150594082912335
              ],
              [
                72.12374475789109,
                22.150702892452028
              ],
              [
                72.12323384038088,
                22.1508053361142
              ],
              [
                72.12271798972766,
                22.150907523666888
              ],
              [
                72.12237700823871,
                22.15098194521729
              ],
              [
                72.12192201218058,
                22.15105964093578
              ],
              [
                72.12137711094589,
                22.15115108675871
              ],
              [
                72.12055508444017,
                22.151324890867706
              ],
              [
                72.11985504189748,
                22.151445121484763
              ],
              [
                72.11929668026654,
                22.151595789252664
              ],
              [
                72.11852398029254,
                22.151772152676816
              ],
              [
                72.11816326042154,
                22.15184553536722
              ],
              [
                72.11763753539667,
                22.151947190027606
              ],
              [
                72.1173346334051,
                22.1520466374993
              ],
              [
                72.1170933749963,
                22.152767031685844
              ],
              [
                72.11676047159203,
                22.153694700430318
              ],
              [
                72.1166169283786,
                22.15410671620969
              ],
              [
                72.11651920601568,
                22.154415094161862
              ],
              [
                72.11633191207996,
                22.1550226729366
              ],
              [
                72.11622410376026,
                22.15537239727872
              ],
              [
                72.11610333020307,
                22.155734890359813
              ],
              [
                72.11597320207133,
                22.156170654676778
              ],
              [
                72.11596640906815,
                22.156612857318436
              ],
              [
                72.11583635957915,
                22.156882667471407
              ],
              [
                72.11560152162845,
                22.157331409509478
              ],
              [
                72.1154354735083,
                22.157788349944184
              ],
              [
                72.11526342648153,
                22.158180440446458
              ],
              [
                72.11484152768894,
                22.159435382629756
              ],
              [
                72.11470843460795,
                22.15975574444613
              ],
              [
                72.11430324828372,
                22.15990977917181
              ],
              [
                72.11420112093795,
                22.160784951033424
              ],
              [
                72.1141545751442,
                22.161229688207
              ],
              [
                72.11396974733111,
                22.162492393918512
              ],
              [
                72.1139391489495,
                22.162836542729394
              ],
              [
                72.11382940324259,
                22.16359146106543
              ],
              [
                72.11375818698198,
                22.164034911208653
              ],
              [
                72.11364777741213,
                22.16447170595871
              ],
              [
                72.11352658659101,
                22.165087726011897
              ],
              [
                72.11347297458896,
                22.165403016373887
              ],
              [
                72.11328064790837,
                22.166296534892048
              ],
              [
                72.11315317928951,
                22.166852297657176
              ],
              [
                72.11269271944028,
                22.167842459530224
              ],
              [
                72.11250861361364,
                22.1681878200352
              ],
              [
                72.11209125274763,
                22.16903732280127
              ],
              [
                72.11186135768223,
                22.169403339580015
              ],
              [
                72.11154042132712,
                22.1699075161649
              ],
              [
                72.1117867272541,
                22.170067891925086
              ],
              [
                72.11264616406916,
                22.170426230924278
              ],
              [
                72.11333568303264,
                22.170729595554914
              ],
              [
                72.11539876936648,
                22.17164860425622
              ],
              [
                72.1159370040404,
                22.17191640514206
              ],
              [
                72.11637987829837,
                22.17212390803625
              ],
              [
                72.11781563574988,
                22.172858025282174
              ],
              [
                72.11827221381101,
                22.173084678763523
              ],
              [
                72.12008756207999,
                22.174009143540367
              ],
              [
                72.12064938342172,
                22.17429659472082
              ],
              [
                72.1213890719473,
                22.17467168593266
              ],
              [
                72.12204654248998,
                22.175014827659115
              ],
              [
                72.12259822799982,
                22.175306354650797
              ],
              [
                72.1228917542679,
                22.175446123315233
              ],
              [
                72.12361375921695,
                22.175539074027544
              ],
              [
                72.1251654631577,
                22.175827386343542
              ],
              [
                72.12582826147413,
                22.175917241000235
              ],
              [
                72.12674274406919,
                22.176074103072434
              ],
              [
                72.12710203850051,
                22.176135732926284
              ],
              [
                72.12766067007507,
                22.176229372372745
              ],
              [
                72.12815405587429,
                22.17633805071217
              ],
              [
                72.12965338063913,
                22.176577897797838
              ],
              [
                72.13011914803357,
                22.176666284021227
              ],
              [
                72.1302411702521,
                22.17801413753121
              ],
              [
                72.13031060636806,
                22.179248614122233
              ],
              [
                72.13037759053395,
                22.180441474263766
              ],
              [
                72.13039986821452,
                22.180977391067074
              ],
              [
                72.13051947131957,
                22.182942857216787
              ],
              [
                72.13060589149427,
                22.18422431967199
              ],
              [
                72.13071652870278,
                22.18526732441857
              ],
              [
                72.13075060588689,
                22.185771586095356
              ],
              [
                72.13080616745977,
                22.18674257545267
              ],
              [
                72.1308797203664,
                22.187991100907343
              ],
              [
                72.13098422946337,
                22.18930116884719
              ],
              [
                72.13104181880043,
                22.189991052112404
              ],
              [
                72.1311171846083,
                22.190797116075903
              ],
              [
                72.1311920596905,
                22.192188621280447
              ],
              [
                72.13124722751499,
                22.193496120250828
              ],
              [
                72.13133072043446,
                22.1945792061035
              ],
              [
                72.13133415209064,
                22.1949343545635
              ],
              [
                72.13143891805511,
                22.19632280804425
              ],
              [
                72.13154892613792,
                22.197623944987914
              ],
              [
                72.13161335812445,
                22.198364898606375
              ],
              [
                72.1316383708204,
                22.198937840883456
              ],
              [
                72.13126462828511,
                22.199198990006135
              ],
              [
                72.13077176096424,
                22.19951968617622
              ],
              [
                72.12989279759415,
                22.200165855685878
              ],
              [
                72.12939038772814,
                22.20042969692323
              ],
              [
                72.12900808071598,
                22.200695610821725
              ],
              [
                72.12862632617224,
                22.200952331781313
              ],
              [
                72.12805068409352,
                22.20130498597658
              ],
              [
                72.12761325788657,
                22.20158185498445
              ],
              [
                72.12721807101822,
                22.20181482328944
              ],
              [
                72.12617593180376,
                22.20243360362243
              ],
              [
                72.12570861100163,
                22.2027135212234
              ],
              [
                72.12499145614089,
                22.203114112131917
              ],
              [
                72.12398577637317,
                22.203702507600166
              ],
              [
                72.12332811102085,
                22.204101581226787
              ],
              [
                72.12150045748048,
                22.20518650189721
              ],
              [
                72.12104353981077,
                22.205457729636667
              ],
              [
                72.11905183907047,
                22.206635490047777
              ],
              [
                72.11852360665635,
                22.20693987342253
              ],
              [
                72.11785473834524,
                22.207327419344224
              ],
              [
                72.11682095531266,
                22.207920619923108
              ],
              [
                72.11628667059512,
                22.20824311870712
              ],
              [
                72.11575155479831,
                22.208579403370607
              ],
              [
                72.11513087466814,
                22.20893888386864
              ],
              [
                72.11469560763258,
                22.209178953573137
              ],
              [
                72.11424004473771,
                22.209427180540118
              ],
              [
                72.1136352677638,
                22.209769044162947
              ],
              [
                72.11297232759263,
                22.210172411813392
              ],
              [
                72.11242870663429,
                22.2104851910674
              ],
              [
                72.11177263083034,
                22.21085664112411
              ],
              [
                72.11111765876055,
                22.21120970704121
              ],
              [
                72.11060119596945,
                22.211482408459027
              ],
              [
                72.11005318073674,
                22.211785732374356
              ],
              [
                72.10862882053084,
                22.212582684341676
              ],
              [
                72.10825031127793,
                22.212784209072172
              ],
              [
                72.1078649272296,
                22.213017643260788
              ],
              [
                72.10658427232136,
                22.213729878263447
              ],
              [
                72.10609191305295,
                22.214013045245434
              ],
              [
                72.10549835197963,
                22.214332412915137
              ],
              [
                72.10446177704574,
                22.214937517925158
              ],
              [
                72.1037908496001,
                22.215308163415393
              ],
              [
                72.10312074840988,
                22.21566501461681
              ],
              [
                72.10282751021062,
                22.21584793050393
              ],
              [
                72.10218910444277,
                22.215925222075494
              ],
              [
                72.10160443741867,
                22.216014536275488
              ],
              [
                72.10032102345177,
                22.21619642093509
              ],
              [
                72.09960747183132,
                22.216288212062178
              ],
              [
                72.09898248344138,
                22.216389241839163
              ],
              [
                72.09815430291376,
                22.21649347669042
              ],
              [
                72.09766479122318,
                22.216564701710215
              ],
              [
                72.09727127327999,
                22.2166040615148
              ],
              [
                72.09538947450186,
                22.216856042282416
              ],
              [
                72.09381567134695,
                22.217008856103075
              ],
              [
                72.09334534416956,
                22.217090291841874
              ],
              [
                72.09246175297255,
                22.217210037959784
              ],
              [
                72.09128612354743,
                22.21732833197339
              ],
              [
                72.09090656204239,
                22.217377613802373
              ],
              [
                72.09057749598635,
                22.21742033976194
              ],
              [
                72.08940679858435,
                22.217538877437445
              ],
              [
                72.08879882370573,
                22.217603873864892
              ],
              [
                72.08743810501511,
                22.217765966980405
              ],
              [
                72.0870319333375,
                22.217909105229694
              ],
              [
                72.088160857494,
                22.218985793991408
              ],
              [
                72.0894765038709,
                22.22023944437275
              ],
              [
                72.0911391766701,
                22.221732526431385
              ],
              [
                72.0900991344366,
                22.22321328325883
              ],
              [
                72.08863994333376,
                22.22523914759639
              ],
              [
                72.08768424133473,
                22.22649061661305
              ],
              [
                72.08717749433795,
                22.227154188234977
              ],
              [
                72.08568379581622,
                22.228967728677308
              ],
              [
                72.08275733207131,
                22.227618904945345
              ],
              [
                72.08095325690978,
                22.22674529919987
              ],
              [
                72.07953762903051,
                22.226081041913886
              ],
              [
                72.07780668435772,
                22.22678329274213
              ],
              [
                72.07595719104125,
                22.22756229393486
              ],
              [
                72.07409370175301,
                22.228326708843987
              ],
              [
                72.07297031344551,
                22.228807200224896
              ],
              [
                72.07218548853845,
                22.22909336875038
              ],
              [
                72.07138335641402,
                22.230402084866476
              ],
              [
                72.0710900468865,
                22.231239583590032
              ],
              [
                72.07083392923084,
                22.232198900050697
              ],
              [
                72.0702342188026,
                22.233107921678705
              ],
              [
                72.06975749065877,
                22.233866648263618
              ],
              [
                72.06948286609398,
                22.234476923342942
              ],
              [
                72.06918536386651,
                22.235219693978625
              ],
              [
                72.0686417345816,
                22.236265349699654
              ],
              [
                72.06808829515847,
                22.237227507032305
              ],
              [
                72.06777695544744,
                22.23729876476051
              ],
              [
                72.06770265222538,
                22.237839585583398
              ],
              [
                72.06757170261372,
                22.238108043047866
              ],
              [
                72.06701069138774,
                22.23793165036103
              ],
              [
                72.06632519672985,
                22.23902979107278
              ],
              [
                72.06561440124905,
                22.240097441792493
              ],
              [
                72.06518133775556,
                22.240827675757767
              ],
              [
                72.06455235400091,
                22.24156456984629
              ],
              [
                72.063948955529,
                22.242205989647278
              ],
              [
                72.06347648185499,
                22.242729803167503
              ],
              [
                72.06136047339137,
                22.245205049765342
              ],
              [
                72.06073666418409,
                22.245937593976148
              ],
              [
                72.05988545485104,
                22.246990129734122
              ],
              [
                72.05905863685403,
                22.248048552207276
              ],
              [
                72.05802131626733,
                22.24775894917553
              ],
              [
                72.05758970758528,
                22.247662939722698
              ],
              [
                72.05595919186399,
                22.247300243701382
              ],
              [
                72.0537015266505,
                22.246554617285355
              ],
              [
                72.05248949590322,
                22.246288064109866
              ],
              [
                72.0507184304861,
                22.246093537205113
              ],
              [
                72.04956799311056,
                22.2459546748119
              ],
              [
                72.0482823178713,
                22.245840963228428
              ],
              [
                72.04749404493768,
                22.2458548288336
              ],
              [
                72.0465273016324,
                22.24579014794726
              ],
              [
                72.04491980281774,
                22.245511949082665
              ],
              [
                72.04337966414214,
                22.2453479264339
              ],
              [
                72.04032054070808,
                22.2449978915657
              ],
              [
                72.03903134141885,
                22.244860864845677
              ],
              [
                72.03627849582226,
                22.244605250643982
              ],
              [
                72.03481186867802,
                22.244454229554165
              ],
              [
                72.03346483959928,
                22.244291056114765
              ],
              [
                72.03235839954901,
                22.24408061687213
              ],
              [
                72.03151201562638,
                22.244072894457453
              ],
              [
                72.03106316518473,
                22.243961642431728
              ],
              [
                72.03112207687043,
                22.244307079117664
              ],
              [
                72.03118097089781,
                22.24473172875092
              ],
              [
                72.03064948483747,
                22.24439144048697
              ],
              [
                72.03007435918983,
                22.244259905176904
              ],
              [
                72.02979772837304,
                22.24416694833656
              ],
              [
                72.02904076710556,
                22.243910361640673
              ],
              [
                72.02858428209828,
                22.24376181776531
              ],
              [
                72.02788776892278,
                22.243651330370188
              ],
              [
                72.02733903791744,
                22.243565266606666
              ],
              [
                72.02704837829654,
                22.243528692971655
              ],
              [
                72.02620079425289,
                22.243377959141842
              ],
              [
                72.02567706291734,
                22.243276572181465
              ],
              [
                72.02531455870714,
                22.243211351007176
              ],
              [
                72.0245325510051,
                22.243041016335145
              ],
              [
                72.02372707358751,
                22.242890183547736
              ],
              [
                72.02319086510305,
                22.242790435573248
              ],
              [
                72.02282258768199,
                22.242738734424847
              ],
              [
                72.0223035180093,
                22.242642193597348
              ],
              [
                72.02175343159745,
                22.242567063535244
              ],
              [
                72.02128176969113,
                22.242505290742464
              ],
              [
                72.02014900405626,
                22.24232103087459
              ],
              [
                72.0197766323262,
                22.24225527719465
              ],
              [
                72.01944179394452,
                22.24222377279501
              ],
              [
                72.01906308707574,
                22.24218073046182
              ],
              [
                72.01834698473385,
                22.242066859143986
              ],
              [
                72.01744032256018,
                22.24191065121366
              ],
              [
                72.01691152754421,
                22.241833995919343
              ],
              [
                72.01638980669881,
                22.241758366968288
              ],
              [
                72.01567710508992,
                22.241670019681617
              ],
              [
                72.01526496565502,
                22.241606761982
              ],
              [
                72.01426735628857,
                22.241480307331653
              ],
              [
                72.01379848349909,
                22.241494730146513
              ],
              [
                72.01331231436556,
                22.241955437253598
              ],
              [
                72.01284518912273,
                22.24242867296063
              ],
              [
                72.01257135143778,
                22.242736927642834
              ],
              [
                72.01168161835878,
                22.24360276349115
              ],
              [
                72.01120847762972,
                22.24405262684034
              ],
              [
                72.01081004555014,
                22.244414230562388
              ],
              [
                72.010276990999,
                22.244953130790925
              ],
              [
                72.00992606686778,
                22.245266528396453
              ],
              [
                72.00966820186471,
                22.24551569131725
              ],
              [
                72.00931727471765,
                22.24582908850145
              ],
              [
                72.00910635985228,
                22.246039235914406
              ],
              [
                72.00881561790867,
                22.246258996475802
              ],
              [
                72.00848874734554,
                22.24642152267569
              ],
              [
                72.00794147046732,
                22.246706098212027
              ],
              [
                72.00660266699082,
                22.247382198783964
              ],
              [
                72.0060611617795,
                22.24765324144117
              ],
              [
                72.00561356016296,
                22.247846261589594
              ],
              [
                72.00531657969236,
                22.24800575072227
              ],
              [
                72.00427372189239,
                22.248457742563716
              ],
              [
                72.00389691113521,
                22.248626840917424
              ],
              [
                72.00347370669839,
                22.248825753894415
              ],
              [
                72.00321902013359,
                22.24894137509988
              ],
              [
                72.00272714808443,
                22.248804711503073
              ],
              [
                72.00230326838545,
                22.24869008499436
              ],
              [
                72.00160433637664,
                22.248943563520378
              ],
              [
                72.00092049199287,
                22.249193228775027
              ],
              [
                72.00049571144761,
                22.249336729655283
              ],
              [
                72.00005965387108,
                22.249502681418296
              ],
              [
                71.99954982410141,
                22.24966012078602
              ],
              [
                71.99899303762864,
                22.249856565366773
              ],
              [
                71.99834048838966,
                22.25008021388104
              ],
              [
                71.99757809001294,
                22.250399471333125
              ],
              [
                71.99706135406977,
                22.25058881022728
              ],
              [
                71.99662668957612,
                22.250731775774184
              ],
              [
                71.99610215774366,
                22.250805437572534
              ],
              [
                71.9954103377612,
                22.250861023175258
              ],
              [
                71.99491767111897,
                22.250899484574287
              ],
              [
                71.99457832379095,
                22.25094145395288
              ],
              [
                71.99411359271406,
                22.25100905467145
              ],
              [
                71.99370978627095,
                22.251052218328752
              ],
              [
                71.99302121554327,
                22.25113562706776
              ],
              [
                71.99263390561525,
                22.25115199872724
              ],
              [
                71.99209820938952,
                22.251165120600366
              ],
              [
                71.99119466850685,
                22.25120025176913
              ],
              [
                71.9907144009373,
                22.251197866330934
              ],
              [
                71.9902997160181,
                22.25117590027997
              ],
              [
                71.98962988730668,
                22.251195738486526
              ],
              [
                71.9891405885212,
                22.25117903677121
              ],
              [
                71.98826369724642,
                22.251183290247624
              ],
              [
                71.98735224922063,
                22.251185707287494
              ],
              [
                71.98661964758577,
                22.251179155709696
              ],
              [
                71.98610735247262,
                22.251133563396447
              ],
              [
                71.98559337214554,
                22.251115540109023
              ],
              [
                71.98492763513343,
                22.251149408163094
              ],
              [
                71.9840537133542,
                22.251186067883342
              ],
              [
                71.98357966403393,
                22.25124392190796
              ],
              [
                71.98283718899202,
                22.251236827610803
              ],
              [
                71.98226143649967,
                22.25125701415073
              ],
              [
                71.98183547332522,
                22.25125747750281
              ],
              [
                71.98126656615574,
                22.250923023948644
              ],
              [
                71.98069822549549,
                22.250579376606122
              ],
              [
                71.98011362280633,
                22.250380090854218
              ],
              [
                71.97968073554826,
                22.250695992354448
              ],
              [
                71.9794362048445,
                22.250968865098816
              ],
              [
                71.97910260990287,
                22.251280810864536
              ],
              [
                71.97851739050495,
                22.25076798138198
              ],
              [
                71.978117876378,
                22.25033645919402
              ],
              [
                71.97797128483354,
                22.25006128177743
              ],
              [
                71.97766989283058,
                22.25021126502784
              ],
              [
                71.9771434917406,
                22.250496121553518
              ],
              [
                71.9764656636585,
                22.250837417080028
              ],
              [
                71.97615348078705,
                22.25103443682289
              ],
              [
                71.97529893787178,
                22.2514823979614
              ],
              [
                71.97468405892954,
                22.251090153741366
              ],
              [
                71.9736238563067,
                22.25149952713859
              ],
              [
                71.97257023727835,
                22.251973459731552
              ],
              [
                71.97113488418985,
                22.252432387209087
              ],
              [
                71.97042994167998,
                22.252620862245898
              ],
              [
                71.96958491475253,
                22.25258981649891
              ],
              [
                71.96894582255496,
                22.25259275572219
              ],
              [
                71.968239734045,
                22.25263823965725
              ],
              [
                71.96750994285692,
                22.2525856397959
              ],
              [
                71.96658211831432,
                22.25253173882926
              ],
              [
                71.96608703640098,
                22.25252848650504
              ],
              [
                71.96508658113973,
                22.252609027034854
              ],
              [
                71.96455976079791,
                22.25255797846049
              ],
              [
                71.96399570140522,
                22.252468066753867
              ],
              [
                71.96335900125356,
                22.252351239904225
              ],
              [
                71.96271356284691,
                22.252376867279615
              ],
              [
                71.96098119708739,
                22.25219717455304
              ],
              [
                71.95958185290283,
                22.252159653132402
              ],
              [
                71.95869846550856,
                22.252108065734046
              ],
              [
                71.95773270748074,
                22.252107415348682
              ],
              [
                71.95682900938255,
                22.25222532070691
              ],
              [
                71.9559808823195,
                22.252406115077683
              ],
              [
                71.95530920937678,
                22.25237499059493
              ],
              [
                71.95452131185115,
                22.252300795418712
              ],
              [
                71.95374709709932,
                22.252245767659566
              ],
              [
                71.95247412774505,
                22.25240854310146
              ],
              [
                71.95137267253764,
                22.252520501521616
              ],
              [
                71.95079169169956,
                22.252544899143547
              ],
              [
                71.94972281468048,
                22.252690855614162
              ],
              [
                71.94792653360751,
                22.25298709561233
              ],
              [
                71.94737249206719,
                22.25297603082531
              ],
              [
                71.94650193660253,
                22.25295732758261
              ],
              [
                71.94521867531587,
                22.25288436131258
              ],
              [
                71.94424021247627,
                22.252929056040603
              ],
              [
                71.94334680257012,
                22.2529598323072
              ],
              [
                71.94282021891777,
                22.253388208349833
              ],
              [
                71.94251380617554,
                22.253860586437565
              ],
              [
                71.9418372477237,
                22.254552985102734
              ],
              [
                71.94114291395111,
                22.255212160972363
              ],
              [
                71.93943398422401,
                22.25481216999031
              ],
              [
                71.93863664351032,
                22.254649790025617
              ],
              [
                71.93828107169641,
                22.254712637816926
              ],
              [
                71.93817532327995,
                22.25522455316915
              ],
              [
                71.93793878098649,
                22.25617092224846
              ],
              [
                71.93787188105588,
                22.256453202242003
              ],
              [
                71.93773136957459,
                22.257086566318765
              ],
              [
                71.93758249037671,
                22.257600974200585
              ],
              [
                71.93736536005922,
                22.258325708959458
              ],
              [
                71.93728040616315,
                22.258579366533684
              ],
              [
                71.93713392171668,
                22.259027993295984
              ],
              [
                71.93701764972678,
                22.25930764244796
              ],
              [
                71.93689304538836,
                22.259642171489723
              ],
              [
                71.9367704200217,
                22.259944537622566
              ],
              [
                71.936582200318,
                22.260443973368798
              ],
              [
                71.93642342024678,
                22.260834298192872
              ],
              [
                71.93617705992554,
                22.261296040104234
              ],
              [
                71.93603200981238,
                22.261560321965163
              ],
              [
                71.93586859759662,
                22.2619619421924
              ],
              [
                71.935696868412,
                22.262337758602953
              ],
              [
                71.93520713152505,
                22.263051622250934
              ],
              [
                71.93499478304777,
                22.263363031648556
              ],
              [
                71.93490575675504,
                22.263883878233568
              ],
              [
                71.93485090486509,
                22.264171415074678
              ],
              [
                71.93475390594041,
                22.26470105836096
              ],
              [
                71.93458112269101,
                22.26541569141047
              ],
              [
                71.93441368597287,
                22.266204374166378
              ],
              [
                71.93433237183037,
                22.266559655492358
              ],
              [
                71.93407366398884,
                22.266940054479768
              ],
              [
                71.93354067536774,
                22.267591674219606
              ],
              [
                71.93351382460447,
                22.267866869941262
              ],
              [
                71.93359452844958,
                22.26856736107884
              ],
              [
                71.93366765207188,
                22.26906919560605
              ],
              [
                71.93371668450854,
                22.269399155406898
              ],
              [
                71.93377955314395,
                22.269665308754536
              ],
              [
                71.93389613780964,
                22.27010491528633
              ],
              [
                71.93406137522291,
                22.270639327054763
              ],
              [
                71.93410600984485,
                22.271121198303355
              ],
              [
                71.9335083059255,
                22.271093927250543
              ],
              [
                71.93296279116203,
                22.271104016508154
              ],
              [
                71.93197980019875,
                22.271219860374394
              ],
              [
                71.93141156249187,
                22.2712771415561
              ],
              [
                71.9306743220268,
                22.27134384765699
              ],
              [
                71.9303104969594,
                22.271379757742746
              ],
              [
                71.92996727114945,
                22.27140293676052
              ],
              [
                71.92933314782344,
                22.271484357739173
              ],
              [
                71.9290113696714,
                22.271481016518678
              ],
              [
                71.92868408693202,
                22.271486601733884
              ],
              [
                71.92787448336836,
                22.271521766219106
              ],
              [
                71.92705962280908,
                22.272996865464737
              ],
              [
                71.9262954617093,
                22.274380177328847
              ],
              [
                71.92594318152054,
                22.27501788203474
              ],
              [
                71.92560983123992,
                22.275621315784566
              ],
              [
                71.92509639423035,
                22.276540945606886
              ],
              [
                71.92461941727464,
                22.277476043069615
              ],
              [
                71.92417648994575,
                22.278426182859512
              ],
              [
                71.9237699548677,
                22.2793902750458
              ],
              [
                71.8974773807345,
                22.278451120322718
              ],
              [
                71.89761308708103,
                22.27645148414259
              ],
              [
                71.89807333861428,
                22.271303067494223
              ],
              [
                71.89824951525604,
                22.270682973780293
              ],
              [
                71.89851676270719,
                22.270091710209662
              ],
              [
                71.89887024320826,
                22.269540571119407
              ],
              [
                71.89930174136276,
                22.269040300921485
              ],
              [
                71.89979479422047,
                22.26860783483721
              ],
              [
                71.90036678970274,
                22.26822947260833
              ],
              [
                71.90097977258647,
                22.267935189325037
              ],
              [
                71.90163079953078,
                22.26772264323424
              ],
              [
                71.90230758052043,
                22.267596313554257
              ],
              [
                71.90306845239029,
                22.267237491679317
              ],
              [
                71.90381272403278,
                22.26667047887452
              ],
              [
                71.9044887676298,
                22.266034537257376
              ],
              [
                71.90509065043099,
                22.2653363775122
              ],
              [
                71.90561082760941,
                22.264583828251343
              ],
              [
                71.90604351964943,
                22.26378504766608
              ],
              [
                71.90638379227745,
                22.262948983215757
              ],
              [
                71.90662498258799,
                22.262095651686547
              ],
              [
                71.90684383204422,
                22.260999108682093
              ],
              [
                71.90791795018825,
                22.255665411259713
              ],
              [
                71.90768838518017,
                22.255965804592748
              ],
              [
                71.90701424836776,
                22.25645532420721
              ],
              [
                71.90619414926641,
                22.257222881418972
              ],
              [
                71.90567996606384,
                22.257688683162637
              ],
              [
                71.90529192897293,
                22.258036754720163
              ],
              [
                71.90499235841538,
                22.258315791275166
              ],
              [
                71.90410984786342,
                22.259010839271443
              ],
              [
                71.90353204020946,
                22.258943017598614
              ],
              [
                71.90245626851423,
                22.25879781031
              ],
              [
                71.90209729933534,
                22.258755534434226
              ],
              [
                71.90168402584182,
                22.258710348202666
              ],
              [
                71.90068145740969,
                22.258582880406593
              ],
              [
                71.90031375230872,
                22.258521690286422
              ],
              [
                71.89991594431814,
                22.258483252136223
              ],
              [
                71.899178460331,
                22.25837788133782
              ],
              [
                71.89859762122829,
                22.25831910006743
              ],
              [
                71.89815444458719,
                22.25827691231547
              ],
              [
                71.89766406917154,
                22.258116930493692
              ],
              [
                71.89763928769337,
                22.25739635678365
              ],
              [
                71.89759682316658,
                22.25648119188035
              ],
              [
                71.89760603152726,
                22.25577166199693
              ],
              [
                71.89344082428295,
                22.25504585850385
              ],
              [
                71.8911669467784,
                22.254172410341802
              ],
              [
                71.8895887933769,
                22.25350222738881
              ],
              [
                71.88791916620399,
                22.253269734037065
              ],
              [
                71.885650706473,
                22.253189505842006
              ],
              [
                71.88502243512244,
                22.253257220798822
              ],
              [
                71.88498590408892,
                22.253767032190517
              ],
              [
                71.8825705796613,
                22.253978563086775
              ],
              [
                71.88030619482863,
                22.25391230930256
              ],
              [
                71.88035167024161,
                22.2545371783795
              ],
              [
                71.88034341393721,
                22.255869191108264
              ],
              [
                71.88021924077702,
                22.257393236105898
              ],
              [
                71.8799419292459,
                22.25859092620289
              ],
              [
                71.87932074838791,
                22.258543736522444
              ],
              [
                71.87917178484224,
                22.25950856971501
              ],
              [
                71.87910124092998,
                22.260247084382012
              ],
              [
                71.87892958471261,
                22.260938675450312
              ],
              [
                71.87862035509217,
                22.261931786578486
              ],
              [
                71.87799669024079,
                22.26200433210445
              ],
              [
                71.87636627107781,
                22.262096561700364
              ],
              [
                71.87522745483273,
                22.262169082540105
              ],
              [
                71.87410145249602,
                22.262274559259097
              ],
              [
                71.87297509391048,
                22.262677677217063
              ],
              [
                71.87213878685547,
                22.263091196931132
              ],
              [
                71.87201116214374,
                22.263471627215655
              ],
              [
                71.87124334664382,
                22.26522849117536
              ],
              [
                71.87073057901964,
                22.266307472151848
              ],
              [
                71.87005297294175,
                22.266211104935977
              ],
              [
                71.86897025721811,
                22.265809674244718
              ],
              [
                71.86875744251212,
                22.265376083355758
              ],
              [
                71.86855629538974,
                22.264945702467088
              ],
              [
                71.86833254953275,
                22.26456020889893
              ],
              [
                71.86804539213021,
                22.26407909599678
              ],
              [
                71.86778748581337,
                22.263525782961835
              ],
              [
                71.86754307582555,
                22.26283487742072
              ],
              [
                71.8672544118077,
                22.262298352372756
              ],
              [
                71.86710549661542,
                22.261824671475193
              ],
              [
                71.86699416581128,
                22.261463666644953
              ],
              [
                71.86680536103883,
                22.261153821167355
              ],
              [
                71.8666987718115,
                22.260876061389766
              ],
              [
                71.86657177674536,
                22.26052804444552
              ],
              [
                71.86636333947168,
                22.260055773439053
              ],
              [
                71.86615534242634,
                22.259587158039388
              ],
              [
                71.8657052742533,
                22.258687906392897
              ],
              [
                71.86527180269266,
                22.257691747992087
              ],
              [
                71.86469637594838,
                22.257785274566753
              ],
              [
                71.8642759839374,
                22.257854867393686
              ],
              [
                71.86310692134916,
                22.25785651017668
              ],
              [
                71.86224687383594,
                22.2579070492753
              ],
              [
                71.86174104560266,
                22.257916709899288
              ],
              [
                71.86088925211352,
                22.257674909697155
              ],
              [
                71.85996765724174,
                22.257599941507767
              ],
              [
                71.85899683980786,
                22.25752001018082
              ],
              [
                71.85695092451306,
                22.25760348823889
              ],
              [
                71.85667167566561,
                22.257619897038715
              ],
              [
                71.85555893593366,
                22.257685278707847
              ],
              [
                71.85520120755658,
                22.257702895065268
              ],
              [
                71.85478520101998,
                22.257715043609437
              ],
              [
                71.8551081172859,
                22.25845307817896
              ],
              [
                71.85534734699168,
                22.25921871405726
              ],
              [
                71.8554981446289,
                22.260003457918767
              ],
              [
                71.85556034835028,
                22.260799372121276
              ],
              [
                71.85553390374041,
                22.26159693307365
              ],
              [
                71.85541644580107,
                22.262387100231283
              ],
              [
                71.85521159879222,
                22.263162511930176
              ],
              [
                71.85492036207462,
                22.263913556066097
              ],
              [
                71.85454668141752,
                22.264632884295835
              ],
              [
                71.85399830759367,
                22.265436103507042
              ],
              [
                71.85373149682609,
                22.266194883323795
              ],
              [
                71.85350722893641,
                22.26696645441342
              ],
              [
                71.8533265353216,
                22.26774732234388
              ],
              [
                71.85318967586652,
                22.26853591703777
              ],
              [
                71.85309769202942,
                22.2693298741231
              ],
              [
                71.85305064021496,
                22.270127009409432
              ],
              [
                71.85304875107069,
                22.270832176011044
              ],
              [
                71.85309118585182,
                22.27172271409202
              ],
              [
                71.8531788519666,
                22.27251630299097
              ],
              [
                71.85331146211813,
                22.273305060011097
              ],
              [
                71.85348767911078,
                22.274085742686964
              ],
              [
                71.85370753543255,
                22.274856534141595
              ],
              [
                71.85397112963118,
                22.275615781467696
              ],
              [
                71.85427706199808,
                22.276361292715567
              ],
              [
                71.8546242907452,
                22.277090217431283
              ],
              [
                71.85979548761594,
                22.286224854519723
              ],
              [
                71.85920035730227,
                22.286477031716466
              ],
              [
                71.85859541018995,
                22.286709489715303
              ],
              [
                71.85798308233967,
                22.28692220738688
              ],
              [
                71.85736345133083,
                22.287115263492996
              ],
              [
                71.85673647380075,
                22.28728805252054
              ],
              [
                71.85610454688369,
                22.287439873535487
              ],
              [
                71.85522502150668,
                22.287615150980233
              ],
              [
                71.85450075053662,
                22.287729733266747
              ],
              [
                71.85362870759565,
                22.287947782937742
              ],
              [
                71.85302810089503,
                22.288377710632826
              ],
              [
                71.85247984925233,
                22.288863795575352
              ],
              [
                71.85198877256259,
                22.28940033003987
              ],
              [
                71.85165871648299,
                22.28984839833394
              ],
              [
                71.85183346887493,
                22.29010962813016
              ],
              [
                71.85204504491037,
                22.290544060859386
              ],
              [
                71.85217715371994,
                22.291354589523056
              ],
              [
                71.85216569687827,
                22.292096293370793
              ],
              [
                71.85227264462507,
                22.2924478577429
              ],
              [
                71.85290003334376,
                22.292596922419133
              ],
              [
                71.8529135505905,
                22.292897345646416
              ],
              [
                71.85291927599549,
                22.293681473105764
              ],
              [
                71.8529236721333,
                22.29400907085362
              ],
              [
                71.85292643184323,
                22.29444262274702
              ],
              [
                71.85329884366573,
                22.29462866947023
              ],
              [
                71.8534028656092,
                22.29538581765707
              ],
              [
                71.8534949568044,
                22.295976335075444
              ],
              [
                71.8535452265996,
                22.296283349818044
              ],
              [
                71.85359079615668,
                22.29682525577871
              ],
              [
                71.85394516199229,
                22.29682359429744
              ],
              [
                71.85461434797499,
                22.296778947520124
              ],
              [
                71.85491235298136,
                22.29676733231386
              ],
              [
                71.85531928253819,
                22.296756969087205
              ],
              [
                71.85569805295525,
                22.29676122935325
              ],
              [
                71.85597486992663,
                22.297329419711296
              ],
              [
                71.85605546710534,
                22.29774641595466
              ],
              [
                71.85610051976715,
                22.298057757578082
              ],
              [
                71.85616675400844,
                22.298347188353695
              ],
              [
                71.85612724156223,
                22.29890295640821
              ],
              [
                71.85628575083055,
                22.299381783052667
              ],
              [
                71.8562400770167,
                22.299877278280153
              ],
              [
                71.85638561025287,
                22.3001663683407
              ],
              [
                71.85643894557221,
                22.300902341184525
              ],
              [
                71.85658448148662,
                22.301191429383636
              ],
              [
                71.8568228663223,
                22.301660724390562
              ],
              [
                71.85703009089774,
                22.302192890586987
              ],
              [
                71.85716789448402,
                22.30272593058136
              ],
              [
                71.85725360127462,
                22.303021018339727
              ],
              [
                71.85734887921998,
                22.303441111038236
              ],
              [
                71.85751170420227,
                22.303731131006487
              ],
              [
                71.85758231151422,
                22.304030016382992
              ],
              [
                71.85774324012465,
                22.30431070991898
              ],
              [
                71.85790767916426,
                22.30461464833128
              ],
              [
                71.85805824233543,
                22.304982388869316
              ],
              [
                71.85823700963803,
                22.30537469990399
              ],
              [
                71.85848944824494,
                22.30593696117964
              ],
              [
                71.85871430070469,
                22.30678360295401
              ],
              [
                71.85892125538281,
                22.30732036290169
              ],
              [
                71.8591617601642,
                22.307715996824225
              ],
              [
                71.85910340079302,
                22.30809139965787
              ],
              [
                71.85843599455038,
                22.30815183787751
              ],
              [
                71.85795237830082,
                22.308199577457255
              ],
              [
                71.85748377410198,
                22.30834869252303
              ],
              [
                71.85740504921928,
                22.30871417941336
              ],
              [
                71.8577288165106,
                22.308731606241974
              ],
              [
                71.85774328413895,
                22.309092022869393
              ],
              [
                71.85859840282313,
                22.30894240625948
              ],
              [
                71.85897635190778,
                22.309024681906386
              ],
              [
                71.85909823171778,
                22.3094554270991
              ],
              [
                71.85899640189287,
                22.30985799414474
              ],
              [
                71.85882273750076,
                22.31045956887034
              ],
              [
                71.85858605164158,
                22.311078498541303
              ],
              [
                71.85848038124088,
                22.31142322458413
              ],
              [
                71.85838336396216,
                22.311708479485734
              ],
              [
                71.85823769311737,
                22.312138656131616
              ],
              [
                71.85812851066999,
                22.312460141584644
              ],
              [
                71.85724451569631,
                22.312035976879454
              ],
              [
                71.85662470204898,
                22.311860484075428
              ],
              [
                71.85660573995501,
                22.312205266775788
              ],
              [
                71.85668763281602,
                22.31288053685744
              ],
              [
                71.85679895622401,
                22.313361433892922
              ],
              [
                71.85687050513124,
                22.313724922575158
              ],
              [
                71.85693997333816,
                22.314042190585397
              ],
              [
                71.85700042145768,
                22.314345142786685
              ],
              [
                71.8570745432391,
                22.314667273827485
              ],
              [
                71.85717372717815,
                22.315064525880505
              ],
              [
                71.85736857516372,
                22.315651631693342
              ],
              [
                71.85749230366855,
                22.316077590498054
              ],
              [
                71.8576065922834,
                22.316471044774175
              ],
              [
                71.85766381866327,
                22.31674615839495
              ],
              [
                71.85715087736952,
                22.31669185558804
              ],
              [
                71.85660043875232,
                22.316633585650518
              ],
              [
                71.85606732136371,
                22.316600275328483
              ],
              [
                71.85597695535934,
                22.316300323227296
              ],
              [
                71.85502403186202,
                22.316244405655784
              ],
              [
                71.85417441376484,
                22.316360031170795
              ],
              [
                71.85375998958139,
                22.31648986901347
              ],
              [
                71.85342164979687,
                22.316591527787793
              ],
              [
                71.85310796462542,
                22.31665532101049
              ],
              [
                71.8527266428374,
                22.316770800693153
              ],
              [
                71.85246209968541,
                22.316881042972067
              ],
              [
                71.8522437451173,
                22.316408207262665
              ],
              [
                71.85192928945112,
                22.315409182472237
              ],
              [
                71.85162897921111,
                22.3148996580417
              ],
              [
                71.85120818956983,
                22.31505219834835
              ],
              [
                71.85078739900658,
                22.315204736575552
              ],
              [
                71.85039273036318,
                22.315335629478877
              ],
              [
                71.85041495878025,
                22.314898805565566
              ],
              [
                71.85007084487022,
                22.314297008205603
              ],
              [
                71.84965256197243,
                22.31448887104541
              ],
              [
                71.84930699834455,
                22.314627013995437
              ],
              [
                71.84895534971955,
                22.314783276613817
              ],
              [
                71.84861771601116,
                22.31471436493978
              ],
              [
                71.84829676790359,
                22.314775450358315
              ],
              [
                71.84791569560319,
                22.314847130502155
              ],
              [
                71.84754829513204,
                22.314937985703377
              ],
              [
                71.84777580044862,
                22.315581919916774
              ],
              [
                71.8478671583297,
                22.316024863984243
              ],
              [
                71.84794247840507,
                22.316407005487466
              ],
              [
                71.84735122758487,
                22.316790107996386
              ],
              [
                71.8473990205498,
                22.317096994088466
              ],
              [
                71.84760417857922,
                22.317419681625914
              ],
              [
                71.84812484747393,
                22.318134337548976
              ],
              [
                71.8484057773849,
                22.318437649116593
              ],
              [
                71.84860439496624,
                22.318789547510477
              ],
              [
                71.8481390667792,
                22.319175044789542
              ],
              [
                71.84773792162117,
                22.31937452663381
              ],
              [
                71.84738883354866,
                22.319489424620862
              ],
              [
                71.84690070671522,
                22.319728235685517
              ],
              [
                71.84624415402874,
                22.320045571863332
              ],
              [
                71.84588089247427,
                22.32022886416719
              ],
              [
                71.84542064097293,
                22.320457647623407
              ],
              [
                71.8450029734752,
                22.320559620967867
              ],
              [
                71.84473519344405,
                22.320642010947193
              ],
              [
                71.84426058296688,
                22.320743221320942
              ],
              [
                71.84388010023916,
                22.320844892133096
              ],
              [
                71.84314590441274,
                22.321095783572737
              ],
              [
                71.8425743359722,
                22.321281668530304
              ],
              [
                71.84210383669127,
                22.321436117392935
              ],
              [
                71.84159296630138,
                22.321602216873853
              ],
              [
                71.84108116308965,
                22.321703716102103
              ],
              [
                71.84055425569176,
                22.321809008711394
              ],
              [
                71.84065454040795,
                22.322187890624374
              ],
              [
                71.84072740991378,
                22.322450024644574
              ],
              [
                71.84084895491233,
                22.322885381960965
              ],
              [
                71.84099326313628,
                22.32311448244924
              ],
              [
                71.84109791765671,
                22.32350281944196
              ],
              [
                71.84119845555306,
                22.323996984781157
              ],
              [
                71.84122644626333,
                22.324402691220126
              ],
              [
                71.84052217407913,
                22.324505059278756
              ],
              [
                71.83979653921705,
                22.324665781504464
              ],
              [
                71.83975565717647,
                22.325129034143753
              ],
              [
                71.8397658778435,
                22.32550720084588
              ],
              [
                71.83986808076807,
                22.326022450123933
              ],
              [
                71.84007248508748,
                22.326433702886412
              ],
              [
                71.84031777103061,
                22.326736232747972
              ],
              [
                71.84047107389424,
                22.327038761812272
              ],
              [
                71.84063459793886,
                22.32748309743514
              ],
              [
                71.8408287810394,
                22.328078700322948
              ],
              [
                71.84086966287802,
                22.32840013428288
              ],
              [
                71.84087988288934,
                22.32882556121008
              ],
              [
                71.84092076433251,
                22.32961022958941
              ],
              [
                71.84097186584145,
                22.330158555129234
              ],
              [
                71.8410229662957,
                22.330508344071387
              ],
              [
                71.84100252615346,
                22.33089594823124
              ],
              [
                71.84095142524944,
                22.33117010673882
              ],
              [
                71.84095772197229,
                22.33162905835308
              ],
              [
                71.84103318629718,
                22.332370727372027
              ],
              [
                71.84116604980318,
                22.333145924981906
              ],
              [
                71.84127061614772,
                22.33375475867889
              ],
              [
                71.84133156575805,
                22.334109635393556
              ],
              [
                71.84138186254295,
                22.33440248188814
              ],
              [
                71.84148881878535,
                22.33506202808289
              ],
              [
                71.84167896212558,
                22.33673286626435
              ],
              [
                71.84179780269463,
                22.33753530071019
              ],
              [
                71.84185722177916,
                22.338018958124007
              ],
              [
                71.84204736634436,
                22.338623526586396
              ],
              [
                71.84220185766347,
                22.339096185971844
              ],
              [
                71.84259402904905,
                22.33986563205129
              ],
              [
                71.84280794107151,
                22.34019539113535
              ],
              [
                71.8428673609679,
                22.340525152520634
              ],
              [
                71.84303373728488,
                22.341173679038157
              ],
              [
                71.84323576515996,
                22.341987080015723
              ],
              [
                71.84333083660299,
                22.34250369723896
              ],
              [
                71.8435090963647,
                22.343580891807417
              ],
              [
                71.84367547279052,
                22.344658080231675
              ],
              [
                71.84385373170524,
                22.34550443349331
              ],
              [
                71.84423761201715,
                22.346837555285685
              ],
              [
                71.84448358334602,
                22.347691744855677
              ],
              [
                71.84505401461439,
                22.349846045636877
              ],
              [
                71.8452679265666,
                22.3503846173098
              ],
              [
                71.84536299887246,
                22.351088051368134
              ],
              [
                71.8457314027956,
                22.353550051374626
              ],
              [
                71.84596908205926,
                22.354890939984866
              ],
              [
                71.84619963143923,
                22.35596364418564
              ],
              [
                71.84629470329065,
                22.356306554769592
              ],
              [
                71.84657118642599,
                22.356946299800956
              ],
              [
                71.8468366123192,
                22.357484757475003
              ],
              [
                71.84692217808355,
                22.357963948881842
              ],
              [
                71.84676694481766,
                22.3586338532779
              ],
              [
                71.84666408454505,
                22.358898248515032
              ],
              [
                71.84649765053014,
                22.359150042474194
              ],
              [
                71.84620535216311,
                22.359592253916727
              ],
              [
                71.8466162957725,
                22.359921699814194
              ],
              [
                71.84691530210189,
                22.36031918878671
              ],
              [
                71.84725211208685,
                22.361244623350306
              ],
              [
                71.84785786931785,
                22.36225342434847
              ],
              [
                71.8487687258258,
                22.363791751418972
              ],
              [
                71.84895137738353,
                22.36460364752588
              ],
              [
                71.84902537122548,
                22.36493255169411
              ],
              [
                71.8491421919006,
                22.365685652356884
              ],
              [
                71.8492232505322,
                22.36601145868395
              ],
              [
                71.84950703550689,
                22.366491018721998
              ],
              [
                71.85000600249734,
                22.367173988944185
              ],
              [
                71.85023783271701,
                22.367491310066537
              ],
              [
                71.85066565986338,
                22.36823263393191
              ],
              [
                71.85132529792693,
                22.368894352537936
              ],
              [
                71.85197873891543,
                22.36941773356238
              ],
              [
                71.85276476458813,
                22.36980661981686
              ],
              [
                71.85507594225179,
                22.370684718959197
              ],
              [
                71.85812016386909,
                22.371631411257308
              ],
              [
                71.86066041970008,
                22.372272425437927
              ],
              [
                71.86292872734651,
                22.372332283192964
              ],
              [
                71.86314369326128,
                22.37386414913385
              ],
              [
                71.86306316885754,
                22.374920307142695
              ],
              [
                71.86276950683146,
                22.376693517567997
              ],
              [
                71.86249972825372,
                22.379597665000183
              ],
              [
                71.86235347051576,
                22.38111131841594
              ],
              [
                71.86223556613004,
                22.382331516673457
              ],
              [
                71.86202514223781,
                22.38396165980868
              ],
              [
                71.86153395181022,
                22.38588102140448
              ],
              [
                71.86083985940574,
                22.388265856434934
              ],
              [
                71.86067643945742,
                22.388827345183355
              ],
              [
                71.85989905322045,
                22.391441388170907
              ],
              [
                71.85985201444988,
                22.39203826871422
              ],
              [
                71.86005770788715,
                22.393036054348062
              ],
              [
                71.86015419606015,
                22.394115573775633
              ],
              [
                71.86048266865451,
                22.395212178886542
              ],
              [
                71.86061195722222,
                22.39624274179844
              ],
              [
                71.86124838061129,
                22.39673563399796
              ],
              [
                71.86208443967234,
                22.397202593478056
              ],
              [
                71.86519472670935,
                22.399255628174256
              ],
              [
                71.86692217881142,
                22.400183024985314
              ],
              [
                71.8678566524119,
                22.40086491944682
              ],
              [
                71.86929389440441,
                22.40167525774467
              ],
              [
                71.87002301364988,
                22.402230836154676
              ],
              [
                71.87084842267816,
                22.40271319880237
              ],
              [
                71.8714162121696,
                22.402633030172304
              ],
              [
                71.87222978171145,
                22.402547613900122
              ],
              [
                71.87301892481563,
                22.402456271870697
              ],
              [
                71.87407085823291,
                22.402365202269845
              ],
              [
                71.87466069109729,
                22.40236919949327
              ],
              [
                71.87461885160235,
                22.4028833682925
              ],
              [
                71.87448538190199,
                22.403595496956388
              ],
              [
                71.87441605820037,
                22.404472444719183
              ],
              [
                71.87443949534988,
                22.405599137077058
              ],
              [
                71.87549110017315,
                22.405846549778698
              ],
              [
                71.87640832660469,
                22.406008741931977
              ],
              [
                71.87751911274181,
                22.406248175905752
              ],
              [
                71.87837527972523,
                22.406275670582055
              ],
              [
                71.87989970943295,
                22.406242185040703
              ],
              [
                71.88039285218034,
                22.406326275136642
              ],
              [
                71.88129953832002,
                22.40653859233088
              ],
              [
                71.88222176568438,
                22.406893473170065
              ],
              [
                71.88210591425846,
                22.407208914093435
              ],
              [
                71.88174827164755,
                22.407805716678077
              ],
              [
                71.88215649879238,
                22.40839200004027
              ],
              [
                71.8829808532502,
                22.409012563158786
              ],
              [
                71.88426866943058,
                22.40967641226688
              ],
              [
                71.88490568991288,
                22.409959549022616
              ],
              [
                71.88568471875293,
                22.410351735030225
              ],
              [
                71.88659103263882,
                22.410930558503097
              ],
              [
                71.88731789309729,
                22.411581567487726
              ],
              [
                71.88829231413413,
                22.412524867057485
              ],
              [
                71.8886803486918,
                22.413145069214398
              ],
              [
                71.88897402234434,
                22.41408758377953
              ],
              [
                71.88917141192599,
                22.414983440672668
              ],
              [
                71.88942508350317,
                22.41601141619041
              ],
              [
                71.88972865542839,
                22.416954459044412
              ],
              [
                71.89005200374422,
                22.41789856090905
              ],
              [
                71.89041717662825,
                22.41880801554867
              ],
              [
                71.89055885282801,
                22.419111041267996
              ],
              [
                71.89086382146594,
                22.419763330948694
              ],
              [
                71.89101636276125,
                22.42009728929368
              ],
              [
                71.89124810655026,
                22.42060464549049
              ],
              [
                71.89172989051174,
                22.421073090639144
              ],
              [
                71.89196000071495,
                22.42240181220903
              ],
              [
                71.89253934850122,
                22.422656465508904
              ],
              [
                71.89382750355416,
                22.422997487427196
              ],
              [
                71.89454302433181,
                22.423215619322963
              ],
              [
                71.89504895214344,
                22.42326776576523
              ],
              [
                71.89630199181208,
                22.423402002679577
              ],
              [
                71.89814414084216,
                22.423592082318038
              ],
              [
                71.89899957260153,
                22.423647815580456
              ],
              [
                71.89968048941385,
                22.423682321031308
              ],
              [
                71.90062611988918,
                22.42373023523384
              ],
              [
                71.90124553157725,
                22.42381870415109
              ],
              [
                71.90210181743888,
                22.42384606396393
              ],
              [
                71.902909484575,
                22.42361722646035
              ],
              [
                71.90345477520727,
                22.42330057845932
              ],
              [
                71.9036393520021,
                22.422641881423637
              ],
              [
                71.90378652738426,
                22.4222670548643
              ],
              [
                71.90394862207569,
                22.42189648241364
              ],
              [
                71.90411071689547,
                22.421525908971425
              ],
              [
                71.90445658173326,
                22.420735207164356
              ],
              [
                71.90475017941107,
                22.420077727584996
              ],
              [
                71.90530281235436,
                22.419000683915634
              ],
              [
                71.90566236402583,
                22.41831906567616
              ],
              [
                71.90602669781208,
                22.41731955631018
              ],
              [
                71.90624631058567,
                22.41657512570845
              ],
              [
                71.90679345436898,
                22.415746768679853
              ],
              [
                71.9072807096607,
                22.41492442999037
              ],
              [
                71.90753127806265,
                22.414080215288173
              ],
              [
                71.90793249838559,
                22.41368669316745
              ],
              [
                71.90855898627328,
                22.412857962748554
              ],
              [
                71.90886203478881,
                22.41212721043955
              ],
              [
                71.90939664168928,
                22.411501051745024
              ],
              [
                71.91039835049254,
                22.410217458658988
              ],
              [
                71.91165102695157,
                22.40880433502944
              ],
              [
                71.91233660820025,
                22.408061743920197
              ],
              [
                71.91289861957937,
                22.407312548178425
              ],
              [
                71.91405596947823,
                22.405755993912727
              ],
              [
                71.91532207456873,
                22.40404386412394
              ],
              [
                71.91584434584115,
                22.403375531571005
              ],
              [
                71.91658814662374,
                22.402331723878795
              ],
              [
                71.91694220169454,
                22.40173740038187
              ],
              [
                71.9173214151303,
                22.401056814431577
              ],
              [
                71.9175674198988,
                22.400525880648164
              ],
              [
                71.91739953142769,
                22.40003278660598
              ],
              [
                71.91727634008997,
                22.399297706068225
              ],
              [
                71.91735142160378,
                22.398965130897032
              ],
              [
                71.91768380576312,
                22.39807917136521
              ],
              [
                71.91784283221217,
                22.397511319292775
              ],
              [
                71.91827795361358,
                22.396326535186446
              ],
              [
                71.91844714315415,
                22.395754614145588
              ],
              [
                71.9188061368399,
                22.394598040690997
              ],
              [
                71.91902871458933,
                22.39396441951923
              ],
              [
                71.91934447460355,
                22.39286547764003
              ],
              [
                71.9195835747894,
                22.392205073408654
              ],
              [
                71.91974073807494,
                22.391185269207856
              ],
              [
                71.91975636165299,
                22.3903700023039
              ],
              [
                71.91989713998258,
                22.38985650372916
              ],
              [
                71.9200498773744,
                22.388988617738672
              ],
              [
                71.92028168179087,
                22.388124954097965
              ],
              [
                71.92043262635204,
                22.387797674487345
              ],
              [
                71.92063657755216,
                22.387355463052184
              ],
              [
                71.9207933533194,
                22.386663000037224
              ],
              [
                71.92086737374056,
                22.386026060033203
              ],
              [
                71.92103923447523,
                22.385410480648385
              ],
              [
                71.92151386172914,
                22.38511075858237
              ],
              [
                71.92114937194488,
                22.384348975471458
              ],
              [
                71.92082506259786,
                22.38381987327845
              ],
              [
                71.92066099009747,
                22.383345431755476
              ],
              [
                71.92058473209894,
                22.382894120080692
              ],
              [
                71.92068994944951,
                22.38208541690979
              ],
              [
                71.92090399205375,
                22.38122032020279
              ],
              [
                71.92113726910378,
                22.380609032474247
              ],
              [
                71.92134189825681,
                22.380426308104468
              ],
              [
                71.92187618377098,
                22.381104278341027
              ],
              [
                71.92236435303033,
                22.38209463230974
              ],
              [
                71.92278093019192,
                22.382896080060142
              ],
              [
                71.9232117672091,
                22.384270013299396
              ],
              [
                71.92347107566086,
                22.385049230036635
              ],
              [
                71.92374557811705,
                22.385501898195514
              ],
              [
                71.92427174350438,
                22.386295352390775
              ],
              [
                71.92479106767236,
                22.386797967843417
              ],
              [
                71.92502391768025,
                22.38694839979198
              ],
              [
                71.92560686970326,
                22.387152660544203
              ],
              [
                71.92612748253761,
                22.38731650589882
              ],
              [
                71.92680770325397,
                22.38754183203281
              ],
              [
                71.92737159229615,
                22.387724062615437
              ],
              [
                71.92772752163853,
                22.387821429125864
              ],
              [
                71.92814248674203,
                22.38784586645804
              ],
              [
                71.92844747634781,
                22.387804495811594
              ],
              [
                71.9287226286063,
                22.38764396301111
              ],
              [
                71.9290325656989,
                22.387240916527777
              ],
              [
                71.92930515507462,
                22.38684048763829
              ],
              [
                71.92976827005859,
                22.386164354208812
              ],
              [
                71.92995794554291,
                22.385902435587468
              ],
              [
                71.9301923801296,
                22.38563829373434
              ],
              [
                71.93044629595497,
                22.385379800099404
              ],
              [
                71.93064119492284,
                22.38511354776649
              ],
              [
                71.93093042483925,
                22.38476472131974
              ],
              [
                71.93180824164332,
                22.383875546349213
              ],
              [
                71.9326109157478,
                22.383079187175117
              ],
              [
                71.93332686994947,
                22.38240268972579
              ],
              [
                71.93384327052509,
                22.38198758553095
              ],
              [
                71.93422423662741,
                22.38175891165581
              ],
              [
                71.93474849147523,
                22.3814914156001
              ],
              [
                71.93518029894724,
                22.3812888527192
              ],
              [
                71.93569159361161,
                22.380956464329483
              ],
              [
                71.93612889239853,
                22.380698511572422
              ],
              [
                71.93644489012911,
                22.380558585497933
              ],
              [
                71.93696490460518,
                22.380406475715496
              ],
              [
                71.93743238886535,
                22.38030227988948
              ],
              [
                71.93832440463824,
                22.38024240075454
              ],
              [
                71.93902990460248,
                22.380364325117952
              ],
              [
                71.93945443793473,
                22.380474538115145
              ],
              [
                71.93987699091787,
                22.38061692073032
              ],
              [
                71.94049931693846,
                22.380816046897937
              ],
              [
                71.9407822461548,
                22.380891052692224
              ],
              [
                71.9410980692509,
                22.380995473444234
              ],
              [
                71.94134695567132,
                22.3812208172308
              ],
              [
                71.94155163260501,
                22.38160056997959
              ],
              [
                71.94169648291265,
                22.38226761160591
              ],
              [
                71.94182837751406,
                22.38266193195127
              ],
              [
                71.94196049880375,
                22.382931773328238
              ],
              [
                71.94219652808675,
                22.38328552982236
              ],
              [
                71.94238568699168,
                22.38359529744021
              ],
              [
                71.94260521295475,
                22.38381446604192
              ],
              [
                71.94286808333995,
                22.384054384496686
              ],
              [
                71.9432011945284,
                22.38432109324693
              ],
              [
                71.9435571840045,
                22.384538303957864
              ],
              [
                71.94384746046909,
                22.384655190477947
              ],
              [
                71.94413194826465,
                22.384785600197553
              ],
              [
                71.94442547859347,
                22.384849634595394
              ],
              [
                71.94485525527999,
                22.384955502848715
              ],
              [
                71.94486497152027,
                22.38538001326446
              ],
              [
                71.94481803751113,
                22.387179434024986
              ],
              [
                71.94476837459996,
                22.388461915760363
              ],
              [
                71.94463461704244,
                22.388943529246706
              ],
              [
                71.94442273882485,
                22.389808284376063
              ],
              [
                71.94430506865106,
                22.39035069447371
              ],
              [
                71.94413912725604,
                22.39071071721975
              ],
              [
                71.94388264035484,
                22.39166175252136
              ],
              [
                71.94380269927393,
                22.393035045418188
              ],
              [
                71.94370450865539,
                22.39358310166387
              ],
              [
                71.94373773861521,
                22.394493179452823
              ],
              [
                71.94375534494895,
                22.39493213253888
              ],
              [
                71.94360967902375,
                22.395768137169227
              ],
              [
                71.94345099850491,
                22.396815543227792
              ],
              [
                71.94297455727741,
                22.396983831711836
              ],
              [
                71.94266578923819,
                22.39720715259168
              ],
              [
                71.94263710320371,
                22.39803555474505
              ],
              [
                71.94263192154492,
                22.39892514520704
              ],
              [
                71.9426098005318,
                22.399767726612723
              ],
              [
                71.94269387978116,
                22.4004960853913
              ],
              [
                71.94308986756936,
                22.400789195171054
              ],
              [
                71.94313109134188,
                22.401529103622163
              ],
              [
                71.9429654944947,
                22.402447041313014
              ],
              [
                71.94290947695045,
                22.40335698220396
              ],
              [
                71.94293508277349,
                22.40422977044158
              ],
              [
                71.94291313847674,
                22.40474731128792
              ],
              [
                71.94331699441632,
                22.404872545797136
              ],
              [
                71.94418667109704,
                22.405062918217947
              ],
              [
                71.94418609794435,
                22.40549514277908
              ],
              [
                71.94381716396514,
                22.406333100309705
              ],
              [
                71.94361127812286,
                22.406741289212523
              ],
              [
                71.94335967438434,
                22.407240118410773
              ],
              [
                71.94249019546314,
                22.40863699421325
              ],
              [
                71.94155019961795,
                22.410292926160334
              ],
              [
                71.940587165047,
                22.411919963710968
              ],
              [
                71.94030593150208,
                22.41238659915693
              ],
              [
                71.93962057823755,
                22.413523754726953
              ],
              [
                71.93913551276371,
                22.41431402855152
              ],
              [
                71.93869775739287,
                22.415060712038738
              ],
              [
                71.93825434649759,
                22.415818619351057
              ],
              [
                71.93822221217162,
                22.416340228887464
              ],
              [
                71.9382979622722,
                22.416962102618218
              ],
              [
                71.93841388149787,
                22.418139405528354
              ],
              [
                71.93845274356241,
                22.41895757803195
              ],
              [
                71.93852625281708,
                22.419454843702425
              ],
              [
                71.93919912646122,
                22.420043962074242
              ],
              [
                71.939916210552,
                22.42064004470998
              ],
              [
                71.94063809321379,
                22.421319370957494
              ],
              [
                71.94126283854594,
                22.42180448171477
              ],
              [
                71.94146945287126,
                22.4221703795479
              ],
              [
                71.94137390399204,
                22.42249739566943
              ],
              [
                71.9408988539868,
                22.423205216507856
              ],
              [
                71.93982400418115,
                22.42479403622773
              ],
              [
                71.93926106961003,
                22.425640108050246
              ],
              [
                71.93875294968741,
                22.426478760093822
              ],
              [
                71.93820850138304,
                22.427188606046617
              ],
              [
                71.93792553282013,
                22.427676112471836
              ],
              [
                71.93782476751825,
                22.428104158459778
              ],
              [
                71.93767506229419,
                22.429004507993135
              ],
              [
                71.93754371343425,
                22.429928887148982
              ],
              [
                71.9373815697983,
                22.430870071281518
              ],
              [
                71.93722464941813,
                22.431806923126377
              ],
              [
                71.9371116379579,
                22.43262098319093
              ],
              [
                71.93697493983663,
                22.4336056607625
              ],
              [
                71.93672972920889,
                22.435492243038865
              ],
              [
                71.93662944455517,
                22.43639522589398
              ],
              [
                71.93652660947879,
                22.437339568917015
              ],
              [
                71.93641939554996,
                22.438274461244863
              ],
              [
                71.93627999453219,
                22.43908775567043
              ],
              [
                71.93620738437156,
                22.440024488853737
              ],
              [
                71.93604465200576,
                22.440974867995667
              ],
              [
                71.93597486993102,
                22.441865642226073
              ],
              [
                71.93581141285665,
                22.44290820013096
              ],
              [
                71.93572963030864,
                22.44375223014954
              ],
              [
                71.93563427635124,
                22.44465547732166
              ],
              [
                71.93551234640455,
                22.44566797098854
              ],
              [
                71.93549102051485,
                22.446496778999258
              ],
              [
                71.93541273478094,
                22.447525426596886
              ],
              [
                71.9351821868213,
                22.448449142144312
              ],
              [
                71.93494231427978,
                22.44936313775451
              ],
              [
                71.93478579345594,
                22.450212410121825
              ],
              [
                71.9345610305553,
                22.4511226000782
              ],
              [
                71.93427283981451,
                22.452015579071443
              ],
              [
                71.93418520409698,
                22.45231061506267
              ],
              [
                71.93402290972915,
                22.45301203491453
              ],
              [
                71.93398371027747,
                22.453406477322254
              ],
              [
                71.9343773366591,
                22.453860861629874
              ],
              [
                71.93520472131142,
                22.45476254018923
              ],
              [
                71.93622826702895,
                22.45610346853135
              ],
              [
                71.93747204251903,
                22.457654378206986
              ],
              [
                71.93814691346122,
                22.458455703244177
              ],
              [
                71.9386870295469,
                22.45918991290684
              ],
              [
                71.93927123837422,
                22.45985269268003
              ],
              [
                71.93995715319467,
                22.46063615481944
              ],
              [
                71.94061382448851,
                22.46149182852715
              ],
              [
                71.94108661252805,
                22.46195040742697
              ],
              [
                71.94144992416437,
                22.462333997110342
              ],
              [
                71.94166750376836,
                22.46292834220916
              ],
              [
                71.94216025030991,
                22.4636074936974
              ],
              [
                71.94274186876453,
                22.463749098947385
              ],
              [
                71.94308491862684,
                22.46396088342491
              ],
              [
                71.94468620301397,
                22.464318229402963
              ],
              [
                71.94568825982353,
                22.464560570245986
              ],
              [
                71.94758063677529,
                22.46500701629194
              ],
              [
                71.9486369493575,
                22.465335218694488
              ],
              [
                71.95056141602343,
                22.46582483135641
              ],
              [
                71.95159782519747,
                22.46607357164181
              ],
              [
                71.95209890786954,
                22.46622120880399
              ],
              [
                71.95261892897369,
                22.46636957590147
              ],
              [
                71.95350634898466,
                22.466580738757013
              ],
              [
                71.9545471502428,
                22.46683891136439
              ],
              [
                71.95551463119497,
                22.467079351214824
              ],
              [
                71.95642136462897,
                22.467339611720437
              ],
              [
                71.95744041964697,
                22.467628884023213
              ],
              [
                71.95803549601592,
                22.467794198363805
              ],
              [
                71.95891115810224,
                22.4680758471393
              ],
              [
                71.960715761487,
                22.468821777363654
              ],
              [
                71.96097919748229,
                22.468924724941047
              ],
              [
                71.96161686988893,
                22.46917392194422
              ],
              [
                71.96345273064664,
                22.46997680537988
              ],
              [
                71.96433322782572,
                22.470341671517602
              ],
              [
                71.96533947531852,
                22.470759313527036
              ],
              [
                71.96627973924048,
                22.471039733115834
              ],
              [
                71.9683210609453,
                22.471567586680784
              ],
              [
                71.96928055343068,
                22.471858230214128
              ],
              [
                71.97031930393015,
                22.472070075997387
              ],
              [
                71.97113876888758,
                22.47225608106234
              ],
              [
                71.97215869633683,
                22.472585850584814
              ],
              [
                71.97174961318376,
                22.472772968186295
              ],
              [
                71.97059320327618,
                22.472942200008315
              ],
              [
                71.96972642493397,
                22.47308067446434
              ],
              [
                71.96929706764446,
                22.47320545247295
              ],
              [
                71.96850821137103,
                22.47340799186449
              ],
              [
                71.96855582431054,
                22.47420818059307
              ],
              [
                71.96845383752911,
                22.476111637193075
              ],
              [
                71.96841427391631,
                22.47684678785584
              ],
              [
                71.9683481811066,
                22.47807484011562
              ],
              [
                71.96822061437395,
                22.47999077496725
              ],
              [
                71.9681035009909,
                22.48189804402125
              ],
              [
                71.96806028312531,
                22.48381384227192
              ],
              [
                71.96794145703346,
                22.485587308455955
              ],
              [
                71.96782415926668,
                22.487093431997362
              ],
              [
                71.9677660204197,
                22.48804017295188
              ],
              [
                71.96772328081019,
                22.48897851308109
              ],
              [
                71.9676768734984,
                22.489976595213847
              ],
              [
                71.96759696041279,
                22.490793082844867
              ],
              [
                71.96752906091119,
                22.491656313636348
              ],
              [
                71.96749379259998,
                22.49239217383938
              ],
              [
                71.96740789844722,
                22.492659656403518
              ],
              [
                71.96659720695989,
                22.492529055641217
              ],
              [
                71.96558458725988,
                22.492373910285387
              ],
              [
                71.96483494308028,
                22.492218873674762
              ],
              [
                71.96366378298967,
                22.4920599132026
              ],
              [
                71.96267999646379,
                22.49192010753383
              ],
              [
                71.96164181042437,
                22.491777408220745
              ],
              [
                71.96073659598896,
                22.491650983197445
              ],
              [
                71.95972257844817,
                22.491518775858623
              ],
              [
                71.95877667113552,
                22.491408619989812
              ],
              [
                71.95837924042964,
                22.491362722105713
              ],
              [
                71.95774202604576,
                22.49128913546365
              ],
              [
                71.95681067733035,
                22.491184351919607
              ],
              [
                71.9560296803991,
                22.491055271539977
              ],
              [
                71.95472090848588,
                22.490875100745633
              ],
              [
                71.95377557662101,
                22.49075572037618
              ],
              [
                71.95282656999383,
                22.490696085503128
              ],
              [
                71.95192688290295,
                22.49056067733214
              ],
              [
                71.95145436057608,
                22.490498681298288
              ],
              [
                71.9511775798908,
                22.49045304428732
              ],
              [
                71.95062914433716,
                22.490362611957995
              ],
              [
                71.94978783361941,
                22.490004362584
              ],
              [
                71.9489687092466,
                22.48968878488546
              ],
              [
                71.94703953130976,
                22.489028314552822
              ],
              [
                71.94658223000148,
                22.488859852171018
              ],
              [
                71.9460594788106,
                22.48866727733564
              ],
              [
                71.94491015051914,
                22.488315675675572
              ],
              [
                71.94410065740698,
                22.488005193712166
              ],
              [
                71.94316116772814,
                22.487710844024086
              ],
              [
                71.94233712807683,
                22.487394969488662
              ],
              [
                71.94145594647954,
                22.486999967869853
              ],
              [
                71.94111681224558,
                22.48650470229873
              ],
              [
                71.94092426023073,
                22.486167086272577
              ],
              [
                71.94058576320838,
                22.485701821726412
              ],
              [
                71.93990060494714,
                22.484581809922858
              ],
              [
                71.93958939038637,
                22.484076499561795
              ],
              [
                71.93886891217629,
                22.483046820897457
              ],
              [
                71.9385246579878,
                22.482433699231812
              ],
              [
                71.93797232439336,
                22.481633876320583
              ],
              [
                71.93759584638283,
                22.481001002301543
              ],
              [
                71.93740363807083,
                22.480671607033706
              ],
              [
                71.9371895134783,
                22.480122917729126
              ],
              [
                71.93671661167262,
                22.479810704381848
              ],
              [
                71.93598711195999,
                22.479813360979772
              ],
              [
                71.93496694860833,
                22.479943474818082
              ],
              [
                71.9339248916002,
                22.480026304962855
              ],
              [
                71.93294825447119,
                22.480094171403444
              ],
              [
                71.93196582073645,
                22.480175554315533
              ],
              [
                71.93083855740998,
                22.48027227015407
              ],
              [
                71.92978026671791,
                22.480312961534064
              ],
              [
                71.92885872381576,
                22.480355820164817
              ],
              [
                71.92782626642132,
                22.480443731213697
              ],
              [
                71.92683069334996,
                22.48049671495967
              ],
              [
                71.9257859511695,
                22.480542460865383
              ],
              [
                71.92473978851187,
                22.48061117892754
              ],
              [
                71.92376861520947,
                22.480831436367037
              ],
              [
                71.92263995874225,
                22.48107095338529
              ],
              [
                71.9217515101004,
                22.481277164348516
              ],
              [
                71.92081295615984,
                22.481531420167432
              ],
              [
                71.920494651377,
                22.481619827107256
              ],
              [
                71.9196013908973,
                22.481867930688363
              ],
              [
                71.91883806653587,
                22.48201625217391
              ],
              [
                71.91808503368931,
                22.482238889836204
              ],
              [
                71.91768668758047,
                22.48234212789863
              ],
              [
                71.91707074796405,
                22.48243375079733
              ],
              [
                71.91666717211537,
                22.482541318908325
              ],
              [
                71.91667031302661,
                22.482891914515758
              ],
              [
                71.91676526085477,
                22.483362681422072
              ],
              [
                71.91702502983613,
                22.48453848957796
              ],
              [
                71.91709002392619,
                22.48501227042729
              ],
              [
                71.91729033631998,
                22.48610651984105
              ],
              [
                71.91734362018651,
                22.486528954575014
              ],
              [
                71.91755744571884,
                22.487806057446768
              ],
              [
                71.91777508595686,
                22.489101806394412
              ],
              [
                71.9180056732773,
                22.49058959765091
              ],
              [
                71.91813804274291,
                22.491177633559367
              ],
              [
                71.91829606431878,
                22.491992975712975
              ],
              [
                71.91839045562588,
                22.49247293436989
              ],
              [
                71.91862801391487,
                22.49336629314264
              ],
              [
                71.9187086840498,
                22.494389606496675
              ],
              [
                71.91871734439373,
                22.494731275900524
              ],
              [
                71.91874079597181,
                22.495235115588457
              ],
              [
                71.91888533683947,
                22.495786912913825
              ],
              [
                71.9189104379744,
                22.49614832266044
              ],
              [
                71.91893117621942,
                22.497052746906657
              ],
              [
                71.91897083853995,
                22.497695781388057
              ],
              [
                71.91914979174969,
                22.498493793315053
              ],
              [
                71.91928289206705,
                22.499092571702768
              ],
              [
                71.91955467966316,
                22.4998917496012
              ],
              [
                71.91954997456658,
                22.500530110100648
              ],
              [
                71.919256532777,
                22.501745572775125
              ],
              [
                71.92081147680845,
                22.502042653294257
              ],
              [
                71.9225376169402,
                22.502372440035597
              ],
              [
                71.92501932950069,
                22.502845961561196
              ],
              [
                71.92597789731064,
                22.502832505385694
              ],
              [
                71.93141892255842,
                22.502956432291136
              ],
              [
                71.93042508840578,
                22.504518276946996
              ],
              [
                71.92878082169233,
                22.50734840774541
              ],
              [
                71.9276247506168,
                22.50943549073661
              ],
              [
                71.9272557609746,
                22.509383550179027
              ],
              [
                71.92694389417643,
                22.509210157906107
              ],
              [
                71.92603939868455,
                22.508668586197608
              ],
              [
                71.92510689590887,
                22.508259230941317
              ],
              [
                71.92432882715339,
                22.508001039299124
              ],
              [
                71.92370652937531,
                22.50791253133571
              ],
              [
                71.92317528896767,
                22.508197748635922
              ],
              [
                71.92288377849509,
                22.50857874701466
              ],
              [
                71.92322385333799,
                22.5089380860441
              ],
              [
                71.92380636304846,
                22.5093495436614
              ],
              [
                71.9235690787907,
                22.50961585557636
              ],
              [
                71.92317462788853,
                22.509654765875243
              ],
              [
                71.922248811464,
                22.50961923209824
              ],
              [
                71.9217054025884,
                22.509659419550523
              ],
              [
                71.92069658882392,
                22.50976238995979
              ],
              [
                71.91946665450038,
                22.50966912197063
              ],
              [
                71.91912365392886,
                22.509678492110787
              ],
              [
                71.91863042857688,
                22.509910392900096
              ],
              [
                71.9183802590436,
                22.510224421434664
              ],
              [
                71.91816282947214,
                22.51093212722944
              ],
              [
                71.91815028404757,
                22.51129571970538
              ],
              [
                71.91824627607963,
                22.51166971761426
              ],
              [
                71.91843232186129,
                22.511951686768796
              ],
              [
                71.91870314386227,
                22.512307342691297
              ],
              [
                71.9187253433088,
                22.51275117860631
              ],
              [
                71.91861701791544,
                22.51346009264719
              ],
              [
                71.91846557013498,
                22.513742504422545
              ],
              [
                71.91825475976097,
                22.51498543253352
              ],
              [
                71.91668312383005,
                22.518733275927957
              ],
              [
                71.91633184374678,
                22.519603445507677
              ],
              [
                71.9160326163202,
                22.52034467098539
              ],
              [
                71.91456017830963,
                22.523770421584423
              ],
              [
                71.91389474039526,
                22.52540961928202
              ],
              [
                71.91345355663172,
                22.526496377704742
              ],
              [
                71.91627043404645,
                22.52685419717647
              ],
              [
                71.91947683890828,
                22.527334179914206
              ],
              [
                71.92008894474662,
                22.52755271247962
              ],
              [
                71.92067631521135,
                22.52776241493667
              ],
              [
                71.92363982296496,
                22.52863972954236
              ],
              [
                71.92595915259292,
                22.529339713801924
              ],
              [
                71.92592923796008,
                22.533280480379187
              ],
              [
                71.9259696285242,
                22.534917216247592
              ],
              [
                71.92766473152558,
                22.535881310325024
              ],
              [
                71.92858155102721,
                22.5365480240767
              ],
              [
                71.92928333873297,
                22.53740154346367
              ],
              [
                71.92965259005368,
                22.53793302871053
              ],
              [
                71.93079030396471,
                22.53896192116788
              ],
              [
                71.93245026695489,
                22.540456655149878
              ],
              [
                71.93470711499813,
                22.5426563375505
              ],
              [
                71.9374967142198,
                22.544750615879167
              ],
              [
                71.93745324515018,
                22.545214010044223
              ],
              [
                71.93943974285555,
                22.54697041500035
              ],
              [
                71.9415145244637,
                22.548583935952106
              ],
              [
                71.94488647486965,
                22.548159189384755
              ],
              [
                71.94644933516304,
                22.54799209549244
              ],
              [
                71.9468452792209,
                22.547949762654582
              ],
              [
                71.94742815116113,
                22.547754802880746
              ],
              [
                71.94794485435327,
                22.547666986746712
              ],
              [
                71.94958075173751,
                22.54770318794464
              ],
              [
                71.95141287255959,
                22.54761607663392
              ],
              [
                71.95239608348444,
                22.54752996824624
              ],
              [
                71.95554066040391,
                22.54644277466453
              ],
              [
                71.9597506452088,
                22.545061625239512
              ],
              [
                71.95904536101969,
                22.543857640343045
              ],
              [
                71.96172342326845,
                22.542201485395534
              ],
              [
                71.96269348627679,
                22.543216619257194
              ],
              [
                71.96529954454896,
                22.541681078693365
              ],
              [
                71.96852990411024,
                22.53992037907638
              ],
              [
                71.97076070451676,
                22.53875448015921
              ],
              [
                71.97103212549028,
                22.53756773061163
              ],
              [
                71.9711690083432,
                22.536712749156813
              ],
              [
                71.97163394368934,
                22.535607721381936
              ],
              [
                71.97207680637861,
                22.53437703313227
              ],
              [
                71.97221441235614,
                22.533752634100708
              ],
              [
                71.97206176173063,
                22.53260105267012
              ],
              [
                71.97205222553444,
                22.53202880155786
              ],
              [
                71.9723256063254,
                22.53089056819873
              ],
              [
                71.973012696579,
                22.52851088609778
              ],
              [
                71.97138847061146,
                22.52836949255017
              ],
              [
                71.97086561685073,
                22.52823573632598
              ],
              [
                71.9702801291969,
                22.527909611506995
              ],
              [
                71.9694724088631,
                22.527161339251215
              ],
              [
                71.9688764422067,
                22.526521116035976
              ],
              [
                71.96851921612271,
                22.525953487807328
              ],
              [
                71.96810467033063,
                22.52446064799152
              ],
              [
                71.96786499893203,
                22.52327217199918
              ],
              [
                71.967884021184,
                22.522558498541823
              ],
              [
                71.96809001692507,
                22.521628805249133
              ],
              [
                71.96830041550716,
                22.521189924271997
              ],
              [
                71.96845432254268,
                22.52086888444629
              ],
              [
                71.96864636066007,
                22.52040875701687
              ],
              [
                71.96867299910275,
                22.519570992753106
              ],
              [
                71.96862263805822,
                22.518741903654323
              ],
              [
                71.96841987320886,
                22.518035995824064
              ],
              [
                71.9676340095341,
                22.51667535325707
              ],
              [
                71.96749131675949,
                22.51642829647997
              ],
              [
                71.96698174725812,
                22.515594379837086
              ],
              [
                71.96752313785463,
                22.515523592632864
              ],
              [
                71.97028387446913,
                22.51516259994729
              ],
              [
                71.97134771891663,
                22.514968209318003
              ],
              [
                71.97164679205628,
                22.51491345490038
              ],
              [
                71.97224614632799,
                22.51480372064167
              ],
              [
                71.97297835960633,
                22.51459814558376
              ],
              [
                71.97419657733217,
                22.514155499627982
              ],
              [
                71.97526218163658,
                22.513935298023846
              ],
              [
                71.97794729560255,
                22.513768584854784
              ],
              [
                71.97839443107196,
                22.51181882908699
              ],
              [
                71.97972645887303,
                22.511866302874413
              ],
              [
                71.98524745886883,
                22.511904901305027
              ],
              [
                71.98822100204642,
                22.51191772875475
              ],
              [
                71.9929374302914,
                22.511938077700005
              ],
              [
                72.0000997430695,
                22.51199332753265
              ],
              [
                72.00113156011425,
                22.51208508947593
              ],
              [
                72.00186281263875,
                22.512137530362047
              ],
              [
                72.00268310448163,
                22.512194669376303
              ],
              [
                72.00332503740606,
                22.512246997397877
              ],
              [
                72.00445286385794,
                22.512306527993903
              ],
              [
                72.00500193646135,
                22.51233550455553
              ],
              [
                72.0061291153109,
                22.512365019647696
              ],
              [
                72.00753229145354,
                22.51234453399437
              ],
              [
                72.00844359230126,
                22.512374168388117
              ],
              [
                72.0090245942425,
                22.512367929033076
              ],
              [
                72.00937636397511,
                22.512377263714903
              ],
              [
                72.01014449401163,
                22.512394722106908
              ],
              [
                72.01054069296902,
                22.512393710626377
              ],
              [
                72.01206248677583,
                22.512435927745738
              ],
              [
                72.01357176883488,
                22.512506280380947
              ],
              [
                72.01470205240895,
                22.512557774910643
              ],
              [
                72.01570186797386,
                22.512530840965667
              ],
              [
                72.01575901465405,
                22.511957624616358
              ],
              [
                72.01586155401827,
                22.51149734160005
              ],
              [
                72.01662080577495,
                22.511578853907064
              ],
              [
                72.01748112971454,
                22.511711793689656
              ],
              [
                72.01836366550279,
                22.511887395153998
              ],
              [
                72.01877006948985,
                22.510716929776308
              ],
              [
                72.02033141507592,
                22.510787653717664
              ],
              [
                72.02142152445603,
                22.51089578910573
              ],
              [
                72.02203181753562,
                22.510978646211196
              ],
              [
                72.02298061777697,
                22.511093942904985
              ],
              [
                72.02367482755974,
                22.511134325318913
              ],
              [
                72.0244120514643,
                22.51123845646411
              ],
              [
                72.02502785513634,
                22.51132543862957
              ],
              [
                72.02531587687147,
                22.510735027772096
              ],
              [
                72.0255552911408,
                22.510244321808788
              ],
              [
                72.02609744886817,
                22.51029969140914
              ],
              [
                72.02673336134983,
                22.510456180113188
              ],
              [
                72.0278834805658,
                22.510719580906297
              ],
              [
                72.02796210154933,
                22.50975546569286
              ],
              [
                72.02799745164643,
                22.509175564525535
              ],
              [
                72.02835814131622,
                22.509119489121773
              ],
              [
                72.02922059748936,
                22.509217685237
              ],
              [
                72.02934433949154,
                22.508526625291317
              ],
              [
                72.02938031294907,
                22.508225559998955
              ],
              [
                72.02944135838052,
                22.50795674146389
              ],
              [
                72.03021768408007,
                22.508032554084448
              ],
              [
                72.03109208557505,
                22.508066638181482
              ],
              [
                72.03139438184675,
                22.508073319613985
              ],
              [
                72.0313552275614,
                22.50726782583596
              ],
              [
                72.03134997177527,
                22.506766150223445
              ],
              [
                72.03237753716022,
                22.50679719414162
              ],
              [
                72.03315187957955,
                22.506837871509372
              ],
              [
                72.03329896569934,
                22.506296930014692
              ],
              [
                72.0333176294627,
                22.505827622102768
              ],
              [
                72.03337259672408,
                22.50508818808787
              ],
              [
                72.03344921418828,
                22.5041562414975
              ],
              [
                72.03352209949709,
                22.503367033033808
              ],
              [
                72.03363343140312,
                22.502353925516445
              ],
              [
                72.03368542407513,
                22.50194782195099
              ],
              [
                72.03371797891182,
                22.501454674224238
              ],
              [
                72.03368372460545,
                22.50087653524264
              ],
              [
                72.0336740629868,
                22.500546360687302
              ],
              [
                72.03374736547937,
                22.499994626571517
              ],
              [
                72.03437155912326,
                22.495449030337145
              ],
              [
                72.03471524619246,
                22.493853692036158
              ],
              [
                72.03533996146011,
                22.490953817859936
              ],
              [
                72.03556969567828,
                22.490542093439977
              ],
              [
                72.03638564883802,
                22.489172031502985
              ],
              [
                72.03715722502646,
                22.487835719114507
              ],
              [
                72.03805868164015,
                22.486149496952674
              ],
              [
                72.0388624710583,
                22.483785617023273
              ],
              [
                72.03898181400969,
                22.483434637412387
              ],
              [
                72.03943912948836,
                22.483358829743405
              ],
              [
                72.03973538129769,
                22.483056264739293
              ],
              [
                72.04123081699827,
                22.48033157404454
              ],
              [
                72.04153976035323,
                22.480227929533832
              ],
              [
                72.04181969455472,
                22.480274913839473
              ],
              [
                72.0424914007097,
                22.478530492620262
              ],
              [
                72.0433807747943,
                22.479079781220136
              ],
              [
                72.04368124065027,
                22.47919699989449
              ],
              [
                72.04505848382571,
                22.476129493038545
              ],
              [
                72.04525695782941,
                22.475231620847257
              ],
              [
                72.04548942351781,
                22.474672109362672
              ],
              [
                72.04664735736999,
                22.47447656840885
              ],
              [
                72.04722890267519,
                22.474376167884504
              ],
              [
                72.04806168763956,
                22.473815901132642
              ],
              [
                72.04839505854854,
                22.473718139973528
              ],
              [
                72.04890975446088,
                22.473901922854022
              ],
              [
                72.04918691456363,
                22.474239218953144
              ],
              [
                72.049342097336,
                22.47472683474734
              ],
              [
                72.0494766243602,
                22.47520505127387
              ],
              [
                72.04978070121196,
                22.475570589222972
              ],
              [
                72.05049879792618,
                22.47595868951995
              ],
              [
                72.05084657214984,
                22.475746411368814
              ],
              [
                72.05105387620695,
                22.47458901114066
              ],
              [
                72.05190521248394,
                22.46983582369079
              ],
              [
                72.05250155644069,
                22.458958414539122
              ],
              [
                72.05263464096272,
                22.457070323323133
              ],
              [
                72.05303999854412,
                22.451319251459577
              ],
              [
                72.05295997961332,
                22.450268446645588
              ],
              [
                72.05315414304494,
                22.448051724594247
              ],
              [
                72.05179087318099,
                22.44746626406726
              ],
              [
                72.05133175679686,
                22.447269094892576
              ],
              [
                72.05149067169255,
                22.44589816071297
              ],
              [
                72.05158430726293,
                22.4453310303474
              ],
              [
                72.05211045648377,
                22.444550273175867
              ],
              [
                72.05306606667962,
                22.44313222400276
              ],
              [
                72.05437300032567,
                22.443207142048347
              ],
              [
                72.05496898425697,
                22.443241303351233
              ],
              [
                72.05706615121098,
                22.443010147634407
              ],
              [
                72.05917781679682,
                22.442539974939923
              ],
              [
                72.05958503299824,
                22.442405741413992
              ],
              [
                72.06183356653557,
                22.441664530862653
              ],
              [
                72.06256869677239,
                22.441422201254003
              ],
              [
                72.07263382381127,
                22.437790790498067
              ],
              [
                72.07393843977303,
                22.437478116025503
              ],
              [
                72.0770071881386,
                22.43674258409769
              ],
              [
                72.0817865274126,
                22.435950626856666
              ],
              [
                72.08389181194353,
                22.435664205380856
              ],
              [
                72.08702455939003,
                22.43585562488751
              ],
              [
                72.08980306323018,
                22.435880889174555
              ],
              [
                72.09012254694298,
                22.435883795562052
              ],
              [
                72.09107926593232,
                22.436629958322104
              ],
              [
                72.09948440447349,
                22.444371773381576
              ],
              [
                72.10215351222698,
                22.446742489711404
              ],
              [
                72.10265168097008,
                22.446952893406923
              ],
              [
                72.10335488640432,
                22.446971124630895
              ],
              [
                72.1057845477847,
                22.446489225090094
              ],
              [
                72.10806451724197,
                22.44820099394443
              ],
              [
                72.10740878618539,
                22.448999009343694
              ],
              [
                72.10694248556344,
                22.449740044042105
              ],
              [
                72.10750228941433,
                22.450285413070326
              ],
              [
                72.10850249716125,
                22.45125982352583
              ],
              [
                72.11061878670697,
                22.45285006246301
              ],
              [
                72.11246194490809,
                22.454049519544018
              ],
              [
                72.1135707278788,
                22.454566778283052
              ],
              [
                72.11524771031677,
                22.454806252515617
              ],
              [
                72.11539959125189,
                22.455989831995947
              ],
              [
                72.11612800042097,
                22.45624906094038
              ],
              [
                72.11621051543881,
                22.45660836327498
              ],
              [
                72.11611711247222,
                22.457170589413266
              ],
              [
                72.11619402622634,
                22.45774629442184
              ],
              [
                72.11651264566416,
                22.457850480889444
              ],
              [
                72.11675889388711,
                22.45820908439392
              ],
              [
                72.1172694703734,
                22.459037887314963
              ],
              [
                72.11803394122812,
                22.45976924984934
              ],
              [
                72.11967956212341,
                22.460859976958222
              ],
              [
                72.12000860161751,
                22.461064425296644
              ],
              [
                72.12057847507155,
                22.4614185132612
              ],
              [
                72.12140990219537,
                22.461779892772682
              ],
              [
                72.12461182979426,
                22.46239826220155
              ],
              [
                72.12592869608112,
                22.462812523722953
              ],
              [
                72.12660085064348,
                22.463059552089874
              ],
              [
                72.12679756344713,
                22.463376375705494
              ],
              [
                72.1277173882998,
                22.463629358873803
              ],
              [
                72.12777462715195,
                22.464079551201486
              ],
              [
                72.12989935344667,
                22.46487694236626
              ],
              [
                72.13069762717812,
                22.465130504343783
              ],
              [
                72.13059097927628,
                22.46599634051478
              ],
              [
                72.13170568623241,
                22.466432317069465
              ],
              [
                72.1317453083269,
                22.467010684975623
              ],
              [
                72.13351831746203,
                22.467388638576526
              ],
              [
                72.13692993366844,
                22.468400299186083
              ],
              [
                72.1369388596197,
                22.468829536833955
              ],
              [
                72.13981594978695,
                22.469656622073867
              ],
              [
                72.14250729406703,
                22.470686095344117
              ],
              [
                72.14413441661095,
                22.471346810106066
              ],
              [
                72.14614520321139,
                22.472144970279356
              ],
              [
                72.1464383282077,
                22.47279871708303
              ],
              [
                72.14669814085183,
                22.473181024406912
              ],
              [
                72.14694769450062,
                22.473672300093696
              ],
              [
                72.14761590599048,
                22.47442041197174
              ],
              [
                72.14759395234918,
                22.474868792834137
              ],
              [
                72.14755594057955,
                22.475254100673766
              ],
              [
                72.14779462180418,
                22.475575375070957
              ],
              [
                72.1484053407722,
                22.475814506560045
              ],
              [
                72.14913715994962,
                22.476350373361797
              ],
              [
                72.14998928779166,
                22.476876032623135
              ],
              [
                72.15088326316504,
                22.477427507030313
              ],
              [
                72.15117984487095,
                22.477514300120216
              ],
              [
                72.15166819418776,
                22.477657211893014
              ],
              [
                72.15222318517706,
                22.47775051600687
              ],
              [
                72.15266744481127,
                22.477870354303477
              ],
              [
                72.15326773985655,
                22.47811814606077
              ],
              [
                72.15350206336053,
                22.478346976073997
              ],
              [
                72.153842385365,
                22.478876365562105
              ],
              [
                72.15417093631123,
                22.479188455615446
              ],
              [
                72.15475724780785,
                22.479338697399527
              ],
              [
                72.15516687798406,
                22.479539718633916
              ],
              [
                72.15660282713182,
                22.480826633363037
              ],
              [
                72.15708636211167,
                22.48111907862403
              ],
              [
                72.15747404331387,
                22.48118986644652
              ],
              [
                72.15793316883423,
                22.481227471232806
              ],
              [
                72.15864316485965,
                22.48121812546641
              ],
              [
                72.1590437828949,
                22.48115587756102
              ],
              [
                72.15997467023853,
                22.48126860976416
              ],
              [
                72.16043463503134,
                22.481209430288263
              ],
              [
                72.16123615565797,
                22.4809973413726
              ],
              [
                72.16167828937722,
                22.48073898397373
              ],
              [
                72.16212196022434,
                22.480416661125272
              ],
              [
                72.16288681861029,
                22.479860993675267
              ],
              [
                72.16350536768907,
                22.479714854827
              ],
              [
                72.16400099499552,
                22.4797296110483
              ],
              [
                72.1638871845111,
                22.480221651405998
              ],
              [
                72.16308772512602,
                22.481558807814267
              ],
              [
                72.16244274905564,
                22.48230459943571
              ],
              [
                72.16100721337104,
                22.483327593424253
              ],
              [
                72.15999540973272,
                22.483985232827074
              ],
              [
                72.15858478805752,
                22.48533684099714
              ],
              [
                72.15774711018271,
                22.486316991459333
              ],
              [
                72.1569258378367,
                22.48768526852879
              ],
              [
                72.15592794951019,
                22.488798895245118
              ],
              [
                72.15560717471416,
                22.489156875559797
              ],
              [
                72.15437481901338,
                22.490347095357958
              ],
              [
                72.15348494255585,
                22.490955688852488
              ],
              [
                72.15202647837114,
                22.49177917233293
              ],
              [
                72.15088648191545,
                22.49258687176112
              ],
              [
                72.14901695749134,
                22.49430651362132
              ],
              [
                72.14850818443445,
                22.49484723340406
              ],
              [
                72.14801382652006,
                22.495764954030232
              ],
              [
                72.14794855670854,
                22.49616695889232
              ],
              [
                72.1478550693553,
                22.49680049783466
              ],
              [
                72.14809288219051,
                22.497467514503622
              ],
              [
                72.14849595775053,
                22.49769588002307
              ],
              [
                72.1492590392636,
                22.49743062705921
              ],
              [
                72.15021905120571,
                22.497259584800723
              ],
              [
                72.15060569307059,
                22.497265788332474
              ],
              [
                72.15113406682941,
                22.497555963933664
              ],
              [
                72.15212865547139,
                22.498428159346677
              ],
              [
                72.15248956540977,
                22.499276744171844
              ],
              [
                72.1526251684188,
                22.49999378275725
              ],
              [
                72.15273612994015,
                22.5005498143579
              ],
              [
                72.15275605024941,
                22.500954932600408
              ],
              [
                72.15271500466241,
                22.50143229622339
              ],
              [
                72.15250629433125,
                22.502057730598917
              ],
              [
                72.15228604105968,
                22.502668738350543
              ],
              [
                72.15221782351443,
                22.502978716808876
              ],
              [
                72.15210528974809,
                22.503613741556112
              ],
              [
                72.15203403614714,
                22.503974281330564
              ],
              [
                72.1519369282041,
                22.504434908608793
              ],
              [
                72.15167595773207,
                22.50522822545335
              ],
              [
                72.15155744294144,
                22.50554943124563
              ],
              [
                72.1513468526199,
                22.505916580323245
              ],
              [
                72.15104556782944,
                22.50630669445989
              ],
              [
                72.15067693763527,
                22.506744032530502
              ],
              [
                72.1503360555832,
                22.507215082773595
              ],
              [
                72.14994623669787,
                22.50775736554562
              ],
              [
                72.14967077865286,
                22.5081303723381
              ],
              [
                72.14969572131322,
                22.508417515774344
              ],
              [
                72.14983692146305,
                22.508669188022445
              ],
              [
                72.15014764536683,
                22.50911406669607
              ],
              [
                72.15038280812445,
                22.509495092474673
              ],
              [
                72.15052699874863,
                22.509903675339036
              ],
              [
                72.15051621273086,
                22.51020741008321
              ],
              [
                72.1502968133353,
                22.510597155536622
              ],
              [
                72.15008404283061,
                22.51083509832737
              ],
              [
                72.14968520219853,
                22.51111411443215
              ],
              [
                72.14907721253364,
                22.511405341799314
              ],
              [
                72.14846701435265,
                22.511733338876233
              ],
              [
                72.14797443312712,
                22.512085871081663
              ],
              [
                72.14756951535493,
                22.51246599919427
              ],
              [
                72.14721574003154,
                22.512738124524287
              ],
              [
                72.14696529447002,
                22.513024823855343
              ],
              [
                72.14670933030662,
                22.513403447925988
              ],
              [
                72.1465484801097,
                22.513685574159716
              ],
              [
                72.1463169501523,
                22.51415306428764
              ],
              [
                72.14620584440144,
                22.514433157815997
              ],
              [
                72.14615960229435,
                22.514707392247765
              ],
              [
                72.14610565076322,
                22.515027329859944
              ],
              [
                72.14613849473875,
                22.515554632611835
              ],
              [
                72.14607711230708,
                22.515915681157093
              ],
              [
                72.14577646504137,
                22.51650241627585
              ],
              [
                72.14538680097124,
                22.51716392255151
              ],
              [
                72.14626709134362,
                22.517792789775317
              ],
              [
                72.1469934011953,
                22.518176226758325
              ],
              [
                72.14734212088685,
                22.518401776020013
              ],
              [
                72.14783292809442,
                22.518657739592694
              ],
              [
                72.14820232126728,
                22.51884981480548
              ],
              [
                72.14870736592093,
                22.51913644449267
              ],
              [
                72.14945456454896,
                22.519585502847615
              ],
              [
                72.14999593784559,
                22.519908625974725
              ],
              [
                72.15038972522835,
                22.520210270590468
              ],
              [
                72.15097637922983,
                22.5208538622134
              ],
              [
                72.15154189029207,
                22.5214364199826
              ],
              [
                72.15249787812638,
                22.522458757736846
              ],
              [
                72.1530081556187,
                22.52305228091517
              ],
              [
                72.15322029825492,
                22.523240963598894
              ],
              [
                72.15356408468071,
                22.52354673354907
              ],
              [
                72.1542870903421,
                22.52423425697381
              ],
              [
                72.15493673522502,
                22.524821158143908
              ],
              [
                72.15550367665313,
                22.52529773247265
              ],
              [
                72.15611375433767,
                22.525882579536862
              ],
              [
                72.15665127978697,
                22.526436006083397
              ],
              [
                72.15715227502662,
                22.52685383325175
              ],
              [
                72.15744359618867,
                22.527044111370163
              ],
              [
                72.15799572744766,
                22.52743691980093
              ],
              [
                72.15841072287196,
                22.527716587598388
              ],
              [
                72.16052173909691,
                22.52909371733075
              ],
              [
                72.16116211686062,
                22.52950491016538
              ],
              [
                72.16156090637016,
                22.529806782674466
              ],
              [
                72.16288538186637,
                22.530645250943195
              ],
              [
                72.16340620534208,
                22.53106408272366
              ],
              [
                72.16439401023524,
                22.531723753929636
              ],
              [
                72.1650242521145,
                22.53205602933725
              ],
              [
                72.16581830211632,
                22.53255352681267
              ],
              [
                72.16759689831933,
                22.533682840588813
              ],
              [
                72.16842999323012,
                22.53427455209685
              ],
              [
                72.16901462720354,
                22.53462289165152
              ],
              [
                72.17009703822974,
                22.535361181488856
              ],
              [
                72.17093702929633,
                22.535920963440205
              ],
              [
                72.17183530058621,
                22.536502189698066
              ],
              [
                72.17262060938279,
                22.536980757016753
              ],
              [
                72.17351011469488,
                22.537294112786405
              ],
              [
                72.17462612099625,
                22.537720591301753
              ],
              [
                72.17551315873995,
                22.538075299648686
              ],
              [
                72.17638563444277,
                22.538424643929762
              ],
              [
                72.17744420894934,
                22.538815862262542
              ],
              [
                72.17805142915466,
                22.53903623876957
              ],
              [
                72.1787227023171,
                22.539264529574808
              ],
              [
                72.1792620294143,
                22.53937535438254
              ],
              [
                72.17974500678719,
                22.539515542928676
              ],
              [
                72.18027278968397,
                22.539570443836006
              ],
              [
                72.18120411201717,
                22.539766038593203
              ],
              [
                72.18199771919203,
                22.540023675680846
              ],
              [
                72.1828218416903,
                22.540352046783816
              ],
              [
                72.18322208461021,
                22.540547892123293
              ],
              [
                72.18350357268821,
                22.54057163071695
              ],
              [
                72.1837691216447,
                22.54069597988853
              ],
              [
                72.18406820847173,
                22.54094423978686
              ],
              [
                72.18441237768235,
                22.54110261200522
              ],
              [
                72.18460412256218,
                22.541340718903676
              ],
              [
                72.18486486418338,
                22.541545501670345
              ],
              [
                72.1851947406514,
                22.54167316606238
              ],
              [
                72.18549396200933,
                22.541732397390888
              ],
              [
                72.18599082956139,
                22.541723441635646
              ],
              [
                72.18656150172718,
                22.541642215174946
              ],
              [
                72.18705905957795,
                22.541638225624347
              ],
              [
                72.18740102657138,
                22.541713164889615
              ],
              [
                72.18787302664113,
                22.541871203415432
              ],
              [
                72.18879311179829,
                22.542172211763543
              ],
              [
                72.1893412711796,
                22.54246787415903
              ],
              [
                72.1891887366709,
                22.542944113018017
              ],
              [
                72.1891409260217,
                22.543245940639476
              ],
              [
                72.18896996736987,
                22.543615185166885
              ],
              [
                72.18859929503392,
                22.544082976283512
              ],
              [
                72.18842241759062,
                22.54430619419925
              ],
              [
                72.18794110106506,
                22.54480236765996
              ],
              [
                72.18766209925407,
                22.545152214160783
              ],
              [
                72.1875749825032,
                22.545613380524454
              ],
              [
                72.18757060319318,
                22.545935889132263
              ],
              [
                72.18757282442502,
                22.546314063357585
              ],
              [
                72.18767843424743,
                22.547121731340383
              ],
              [
                72.18778374941444,
                22.547602042871116
              ],
              [
                72.18773731174,
                22.547963875424543
              ],
              [
                72.1876430343786,
                22.548212592799022
              ],
              [
                72.18737618791805,
                22.548549103063177
              ],
              [
                72.18711085259423,
                22.54889517087332
              ],
              [
                72.18691348104144,
                22.549124741060382
              ],
              [
                72.1866721369348,
                22.54959178779768
              ],
              [
                72.18650198962969,
                22.550030234207444
              ],
              [
                72.18618805884257,
                22.5503828859566
              ],
              [
                72.18592360328978,
                22.550572110492382
              ],
              [
                72.18557365086387,
                22.55077998246752
              ],
              [
                72.18522537976978,
                22.551080261920468
              ],
              [
                72.18506426465703,
                22.551413015585663
              ],
              [
                72.18494221623673,
                22.551794002820284
              ],
              [
                72.18495158290251,
                22.55230164119347
              ],
              [
                72.18497910052326,
                22.55300385386745
              ],
              [
                72.1849010462516,
                22.55356231118926
              ],
              [
                72.18470649328705,
                22.55394855802649
              ],
              [
                72.18437570263339,
                22.55429595311334
              ],
              [
                72.18401199283723,
                22.554526160493076
              ],
              [
                72.18330628339568,
                22.554830940821812
              ],
              [
                72.18230365622078,
                22.555244880224844
              ],
              [
                72.18172412622359,
                22.555390184607425
              ],
              [
                72.18102252233372,
                22.555466265455294
              ],
              [
                72.18070389459105,
                22.555600347084713
              ],
              [
                72.18019116625914,
                22.55587357441339
              ],
              [
                72.1798414661992,
                22.556159822912168
              ],
              [
                72.17939993846349,
                22.556404449770547
              ],
              [
                72.1789735309384,
                22.55656225412325
              ],
              [
                72.17835907452526,
                22.556710352239282
              ],
              [
                72.17795493346551,
                22.556910798310984
              ],
              [
                72.17756453696278,
                22.557213382366186
              ],
              [
                72.1771386688379,
                22.557610959897875
              ],
              [
                72.17654427083431,
                22.5579214531998
              ],
              [
                72.17625201421654,
                22.558242935070837
              ],
              [
                72.17622286343372,
                22.55856416624612
              ],
              [
                72.17615548627347,
                22.559192330545763
              ],
              [
                72.17619341862729,
                22.5594709204282
              ],
              [
                72.17605154310203,
                22.559850879542534
              ],
              [
                72.17588216820752,
                22.56044150370219
              ],
              [
                72.17580270142608,
                22.56077397056114
              ],
              [
                72.17585326782925,
                22.561422054311773
              ],
              [
                72.17571840374632,
                22.561726302529948
              ],
              [
                72.17534571556905,
                22.56210587329756
              ],
              [
                72.17507957000763,
                22.562322655451435
              ],
              [
                72.1743254013789,
                22.562813928538265
              ],
              [
                72.17380135695015,
                22.56310960603304
              ],
              [
                72.17340461114483,
                22.563351917151685
              ],
              [
                72.1730735735281,
                22.563574569462055
              ],
              [
                72.17285773591382,
                22.563780118637847
              ],
              [
                72.17247114886587,
                22.56418432132053
              ],
              [
                72.17226383097321,
                22.56441336046381
              ],
              [
                72.17200729881213,
                22.564635249545464
              ],
              [
                72.17150358795992,
                22.564922747387058
              ],
              [
                72.17107300889433,
                22.565232465526446
              ],
              [
                72.17060778658553,
                22.565540391890558
              ],
              [
                72.17038066111778,
                22.565851396336505
              ],
              [
                72.17018158275455,
                22.566108524527046
              ],
              [
                72.16986125068219,
                22.566400881269164
              ],
              [
                72.1695675881552,
                22.566662341926076
              ],
              [
                72.16924615293122,
                22.566973083491792
              ],
              [
                72.16902423862274,
                22.567362736003428
              ],
              [
                72.16882792098173,
                22.56781841295563
              ],
              [
                72.16867444757939,
                22.568063906089474
              ],
              [
                72.1684378154555,
                22.568284821122003
              ],
              [
                72.16816437530971,
                22.568540100849642
              ],
              [
                72.16789490799093,
                22.56872903925659
              ],
              [
                72.16751517600864,
                22.569018324871163
              ],
              [
                72.1672146270806,
                22.569311697545963
              ],
              [
                72.16687364156886,
                22.569782794235525
              ],
              [
                72.16647407227555,
                22.570403010079247
              ],
              [
                72.16603022455907,
                22.571099316048336
              ],
              [
                72.1658223155277,
                22.571503521634845
              ],
              [
                72.1656724051994,
                22.572058260779663
              ],
              [
                72.16539490500737,
                22.572670952436823
              ],
              [
                72.16518817954274,
                22.572961362017068
              ],
              [
                72.16496122650294,
                22.57328018412851
              ],
              [
                72.16472720655453,
                22.573540108246323
              ],
              [
                72.16439228124855,
                22.573744102252363
              ],
              [
                72.16414645213558,
                22.573869708106862
              ],
              [
                72.16379806588559,
                22.573966962019078
              ],
              [
                72.16349723235179,
                22.5741819379517
              ],
              [
                72.16313591620363,
                22.574329235775167
              ],
              [
                72.16272208487615,
                22.574441545321925
              ],
              [
                72.16225379995177,
                22.574634025356687
              ],
              [
                72.16193592162146,
                22.5748020107938
              ],
              [
                72.1614227910962,
                22.57516276143783
              ],
              [
                72.16075125537839,
                22.575681299984357
              ],
              [
                72.16024306823284,
                22.576042305539882
              ],
              [
                72.1594158878957,
                22.57658967006599
              ],
              [
                72.1589269393525,
                22.576960887094423
              ],
              [
                72.15841489596752,
                22.57730324368846
              ],
              [
                72.15803511726315,
                22.577592504437604
              ],
              [
                72.15768368420609,
                22.577740301598382
              ],
              [
                72.15721593782509,
                22.57788208289014
              ],
              [
                72.15694835848285,
                22.5780803239021
              ],
              [
                72.1564184235245,
                22.57847246446733
              ],
              [
                72.1559577765981,
                22.578868188466878
              ],
              [
                72.15522653159933,
                22.579388227399086
              ],
              [
                72.15486460743512,
                22.579710676265776
              ],
              [
                72.15441359184437,
                22.580028517260338
              ],
              [
                72.15386441058226,
                22.58032744083914
              ],
              [
                72.15357261714571,
                22.580556699665667
              ],
              [
                72.15341033793727,
                22.580778828693088
              ],
              [
                72.15310545324557,
                22.581143418423316
              ],
              [
                72.15275796992955,
                22.5813905392463
              ],
              [
                72.15243758033523,
                22.581599871565647
              ],
              [
                72.15208747279458,
                22.58189065540742
              ],
              [
                72.15165758324612,
                22.582352509345785
              ],
              [
                72.15130607427226,
                22.5827492637295
              ],
              [
                72.15109436709855,
                22.583002324121864
              ],
              [
                72.150877800474,
                22.583349518136483
              ],
              [
                72.15055570789923,
                22.583752401400666
              ],
              [
                72.15016654597656,
                22.584031939664793
              ],
              [
                72.14964514233735,
                22.584198582028183
              ],
              [
                72.14895477475977,
                22.584281558189506
              ],
              [
                72.14854491080169,
                22.5843306289999
              ],
              [
                72.14822673471231,
                22.584420193306844
              ],
              [
                72.14793286084839,
                22.58464241616513
              ],
              [
                72.14749740211143,
                22.58474204006086
              ],
              [
                72.14714001403226,
                22.584902798474825
              ],
              [
                72.14592569115231,
                22.585449023514304
              ],
              [
                72.14474696646442,
                22.585978103560766
              ],
              [
                72.1431334182408,
                22.586719777174405
              ],
              [
                72.14235566821185,
                22.587020646794905
              ],
              [
                72.14136558105128,
                22.58746726700708
              ],
              [
                72.14051023593736,
                22.587902427567847
              ],
              [
                72.13988594117258,
                22.588128249091074
              ],
              [
                72.13938458320816,
                22.588291288696336
              ],
              [
                72.13863844964274,
                22.58856150586299
              ],
              [
                72.13821739071193,
                22.588710263245147
              ],
              [
                72.13738821217791,
                22.588957725693056
              ],
              [
                72.13595667634101,
                22.58956122741056
              ],
              [
                72.13366894271932,
                22.590530635765155
              ],
              [
                72.13235976628307,
                22.591080517859087
              ],
              [
                72.13110696477752,
                22.591601041741438
              ],
              [
                72.12981593765603,
                22.592096518068338
              ],
              [
                72.12921171286489,
                22.592235742120167
              ],
              [
                72.12863272473231,
                22.59253303426614
              ],
              [
                72.12821628139098,
                22.59276960758187
              ],
              [
                72.12738410828761,
                22.593215085710955
              ],
              [
                72.1268979234861,
                22.593471118790877
              ],
              [
                72.1263233206942,
                22.593777851806415
              ],
              [
                72.1256114660424,
                22.59413739445099
              ],
              [
                72.12515129414278,
                22.59435785278604
              ],
              [
                72.12467052641276,
                22.594508084113166
              ],
              [
                72.12357066255409,
                22.59479673929525
              ],
              [
                72.12291605288387,
                22.595030144380537
              ],
              [
                72.12227957535713,
                22.59529215196989
              ],
              [
                72.1210209131832,
                22.59582612471419
              ],
              [
                72.11976029877381,
                22.596392260579382
              ],
              [
                72.11810771109738,
                22.597117824769796
              ],
              [
                72.11695134133134,
                22.597601756183884
              ],
              [
                72.11558179073609,
                22.598162195068603
              ],
              [
                72.11454753222232,
                22.598597132063425
              ],
              [
                72.11363072478618,
                22.598978231882043
              ],
              [
                72.11321320984328,
                22.599067168578973
              ],
              [
                72.11274777215233,
                22.59929193012665
              ],
              [
                72.11217291908282,
                22.59943722546571
              ],
              [
                72.11183025217777,
                22.599437838404086
              ],
              [
                72.11146163745263,
                22.59962152818401
              ],
              [
                72.10996500396992,
                22.600147641548585
              ],
              [
                72.10907751844529,
                22.60051004405849
              ],
              [
                72.10764557083819,
                22.601059701388625
              ],
              [
                72.10696064445216,
                22.60130068497282
              ],
              [
                72.10618105874562,
                22.601628948634772
              ],
              [
                72.10521164868706,
                22.602057982970976
              ],
              [
                72.10493078078837,
                22.602186286378934
              ],
              [
                72.1047112106758,
                22.602368502108362
              ],
              [
                72.10441640942133,
                22.60280960910691
              ],
              [
                72.10405170644277,
                22.60309261528901
              ],
              [
                72.10366040152196,
                22.60324052455526
              ],
              [
                72.10325221122018,
                22.603339140250927
              ],
              [
                72.10259974369171,
                22.60353568766409
              ],
              [
                72.1018221272943,
                22.603748764252238
              ],
              [
                72.10071274179064,
                22.604110537808275
              ],
              [
                72.09969167094549,
                22.604407746105323
              ],
              [
                72.09914125509137,
                22.604558879415926
              ],
              [
                72.09865666169465,
                22.60471768816403
              ],
              [
                72.0976536349105,
                22.605016186210715
              ],
              [
                72.0968662181838,
                22.605328670590545
              ],
              [
                72.09644193768379,
                22.6053449321587
              ],
              [
                72.09599652919535,
                22.604991847164875
              ],
              [
                72.09575472180794,
                22.604801920977106
              ],
              [
                72.0950534426026,
                22.60432733713652
              ],
              [
                72.09437185897707,
                22.604019760958646
              ],
              [
                72.09293394825167,
                22.603326927330997
              ],
              [
                72.09222128321724,
                22.603040774163862
              ],
              [
                72.09140010937386,
                22.602578360705518
              ],
              [
                72.090263634405,
                22.60191045008425
              ],
              [
                72.0895447553626,
                22.60148102608949
              ],
              [
                72.08784026581874,
                22.600599024558857
              ],
              [
                72.08705182496853,
                22.600170569744105
              ],
              [
                72.08537211838151,
                22.599289831870383
              ],
              [
                72.08462301511076,
                22.598868026581787
              ],
              [
                72.08324062177421,
                22.59799817998802
              ],
              [
                72.0824640588277,
                22.59753804365353
              ],
              [
                72.08163277576686,
                22.597079656227795
              ],
              [
                72.0807624546047,
                22.59661000028597
              ],
              [
                72.07993662449176,
                22.59622566018937
              ],
              [
                72.07792224531823,
                22.59546106261791
              ],
              [
                72.0767480553524,
                22.595007779430617
              ],
              [
                72.07555942309526,
                22.594556712111295
              ],
              [
                72.07448378085756,
                22.59418857523852
              ],
              [
                72.07272629856882,
                22.593446559640693
              ],
              [
                72.07176163852976,
                22.59305952304305
              ],
              [
                72.07091522293594,
                22.592687885261707
              ],
              [
                72.0698785593163,
                22.592260183793798
              ],
              [
                72.06877699870012,
                22.59183830059018
              ],
              [
                72.06689520680575,
                22.591181926209295
              ],
              [
                72.06672375912895,
                22.591961394908978
              ],
              [
                72.06656701482935,
                22.59290762127876
              ],
              [
                72.06642491974212,
                22.59344886689187
              ],
              [
                72.06627723401226,
                22.594409399906915
              ],
              [
                72.06606296150915,
                22.595308206019265
              ],
              [
                72.06598410905465,
                22.59563896803269
              ],
              [
                72.06587059257761,
                22.596200151740472
              ],
              [
                72.06569892411245,
                22.596901226159442
              ],
              [
                72.0656052778091,
                22.597380456869427
              ],
              [
                72.06551044054343,
                22.597961063305394
              ],
              [
                72.06544656456964,
                22.59835885645837
              ],
              [
                72.06517837968755,
                22.599668113381835
              ],
              [
                72.06506660201376,
                22.60011872987952
              ],
              [
                72.06500592667663,
                22.60062735221729
              ],
              [
                72.06487643526062,
                22.60120614317247
              ],
              [
                72.06467501495058,
                22.602887759959657
              ],
              [
                72.064613126915,
                22.60341776287016
              ],
              [
                72.06448879074831,
                22.60448256799521
              ],
              [
                72.0642557195567,
                22.605867437877237
              ],
              [
                72.06393875214663,
                22.607570671441792
              ],
              [
                72.06382039026799,
                22.608254221278013
              ],
              [
                72.06368635246339,
                22.60902830248099
              ],
              [
                72.06352818696408,
                22.609670146616974
              ],
              [
                72.06341693701202,
                22.610438937450425
              ],
              [
                72.06329634318884,
                22.61119801865367
              ],
              [
                72.06316004130166,
                22.612297475605647
              ],
              [
                72.0631196020882,
                22.612572289821966
              ],
              [
                72.0629486247725,
                22.613734199296793
              ],
              [
                72.06293570893487,
                22.6140286155099
              ],
              [
                72.06290898445988,
                22.614386860377792
              ],
              [
                72.0627786315533,
                22.614979441187238
              ],
              [
                72.0627570241559,
                22.615457833017746
              ],
              [
                72.06279592143434,
                22.61624831860131
              ],
              [
                72.06289315875297,
                22.61695032951812
              ],
              [
                72.0630030706211,
                22.617743844433402
              ],
              [
                72.06319900163845,
                22.619178844019274
              ],
              [
                72.0634083925706,
                22.62063759944181
              ],
              [
                72.06344658657842,
                22.620990021127305
              ],
              [
                72.06360461159306,
                22.62206800263115
              ],
              [
                72.06374484647074,
                22.62335715306223
              ],
              [
                72.06384613990782,
                22.623897308828806
              ],
              [
                72.06401023929885,
                22.624957165330134
              ],
              [
                72.06409405078769,
                22.62660300600287
              ],
              [
                72.06411761439334,
                22.628259523329675
              ],
              [
                72.06413734292686,
                22.62989740123903
              ],
              [
                72.06415819077677,
                22.631516892577487
              ],
              [
                72.06418263683233,
                22.632177518745436
              ],
              [
                72.0641768767008,
                22.633090162707887
              ],
              [
                72.0641911710582,
                22.634653983013454
              ],
              [
                72.06422910677635,
                22.636237485445612
              ],
              [
                72.06427646079898,
                22.63774770697164
              ],
              [
                72.06426406031773,
                22.63901503952544
              ],
              [
                72.06425531754275,
                22.63956788263971
              ],
              [
                72.0641966922214,
                22.64053309029777
              ],
              [
                72.06417707703051,
                22.640937817334066
              ],
              [
                72.06390614728448,
                22.642127067156547
              ],
              [
                72.0638078617357,
                22.642518457101467
              ],
              [
                72.06362795181944,
                22.64343582226085
              ],
              [
                72.06339878573299,
                22.644673366464037
              ],
              [
                72.06333005911287,
                22.645232292592137
              ],
              [
                72.06315878057572,
                22.64633454313145
              ],
              [
                72.06299582024667,
                22.647054528810127
              ],
              [
                72.06292618013777,
                22.64771023624911
              ],
              [
                72.06287817061782,
                22.6481734193629
              ],
              [
                72.06269083599828,
                22.64937626898202
              ],
              [
                72.06256479959579,
                22.65008788364765
              ],
              [
                72.06248983627053,
                22.650476964894803
              ],
              [
                72.06230685429819,
                22.651117517455123
              ],
              [
                72.06207123205964,
                22.65169111070302
              ],
              [
                72.06169450848694,
                22.652856035252437
              ],
              [
                72.0614967388819,
                22.65341281790063
              ],
              [
                72.06121174528396,
                22.653749479324574
              ],
              [
                72.0608475653385,
                22.6538768085471
              ],
              [
                72.06055552126453,
                22.654022897056624
              ],
              [
                72.06009736493587,
                22.654274104750918
              ],
              [
                72.05944460305246,
                22.65456414790093
              ],
              [
                72.05884621041957,
                22.654846353255955
              ],
              [
                72.05825931816256,
                22.655184490439602
              ],
              [
                72.05738628498763,
                22.65581656681137
              ],
              [
                72.05540540380679,
                22.657183679951824
              ],
              [
                72.05487735985926,
                22.657534109048026
              ],
              [
                72.0531709193725,
                22.658717304050903
              ],
              [
                72.05137933810539,
                22.65999284697131
              ],
              [
                72.05065629017214,
                22.66052670080708
              ],
              [
                72.0489695816668,
                22.661710887023386
              ],
              [
                72.048280144479,
                22.662181939241208
              ],
              [
                72.04751801187011,
                22.662704507738212
              ],
              [
                72.04655760816291,
                22.663382667196668
              ],
              [
                72.04431264264704,
                22.66500323402423
              ],
              [
                72.04350777670872,
                22.665574262235385
              ],
              [
                72.04185896707939,
                22.666705033964142
              ],
              [
                72.04078917995264,
                22.66746502925674
              ],
              [
                72.03918134370493,
                22.668574873701388
              ],
              [
                72.03865152731491,
                22.668952826232836
              ],
              [
                72.03715270374448,
                22.669985374576694
              ],
              [
                72.0354579966249,
                22.671215116413677
              ],
              [
                72.03486975577282,
                22.67165454138616
              ],
              [
                72.03360682612036,
                22.672565731548488
              ],
              [
                72.03266057420453,
                22.673253777665813
              ],
              [
                72.03116875518218,
                22.674332752031845
              ],
              [
                72.03034368382049,
                22.674907269043576
              ],
              [
                72.0287406212921,
                22.676017263647886
              ],
              [
                72.02663269061779,
                22.67750185694456
              ],
              [
                72.02593374508223,
                22.677963098472286
              ],
              [
                72.02463022620755,
                22.678885918902118
              ],
              [
                72.02354921063721,
                22.67966365898903
              ],
              [
                72.02300069701319,
                22.68018351712396
              ],
              [
                72.0239096050594,
                22.680434197579835
              ],
              [
                72.02519511740627,
                22.68081325998538
              ],
              [
                72.02560332353056,
                22.680933629792086
              ],
              [
                72.02791160215786,
                22.681622113426386
              ],
              [
                72.03037148584916,
                22.682350805209037
              ],
              [
                72.03151835721361,
                22.682692328678385
              ],
              [
                72.0328217721906,
                22.68307434080018
              ],
              [
                72.03530844012452,
                22.683772080615096
              ],
              [
                72.03638198974845,
                22.684064478322334
              ],
              [
                72.037762142994,
                22.684440381612976
              ],
              [
                72.03876849079991,
                22.684723749929695
              ],
              [
                72.04008026192615,
                22.685050805623717
              ],
              [
                72.04096119608414,
                22.68527224832778
              ],
              [
                72.04170923760509,
                22.685472880424175
              ],
              [
                72.04210120812466,
                22.685645605649782
              ],
              [
                72.04283169879193,
                22.686052801351334
              ],
              [
                72.04496244410147,
                22.68721124342381
              ],
              [
                72.04687864609456,
                22.688286651132252
              ],
              [
                72.0475090578625,
                22.688640447110313
              ],
              [
                72.0499988030698,
                22.690025126233913
              ],
              [
                72.05234858690969,
                22.691342488354064
              ],
              [
                72.05383914213003,
                22.69216293584832
              ],
              [
                72.05419644285294,
                22.692370874295932
              ],
              [
                72.05527663206588,
                22.692997389670314
              ],
              [
                72.0562885546245,
                22.693559225891974
              ],
              [
                72.05732338278091,
                22.69411139301454
              ],
              [
                72.05748666579072,
                22.69388576108717
              ],
              [
                72.05782706354695,
                22.693183303214845
              ],
              [
                72.05799559340825,
                22.692781754958474
              ],
              [
                72.0581955191301,
                22.69235418518858
              ],
              [
                72.05855830173401,
                22.69169998274983
              ],
              [
                72.05920828587107,
                22.690572057818745
              ],
              [
                72.05996418283256,
                22.68917302246418
              ],
              [
                72.06075913326498,
                22.6877852496677
              ],
              [
                72.0614866004794,
                22.686444659793604
              ],
              [
                72.06235847945312,
                22.68485341826528
              ],
              [
                72.06323033929691,
                22.68326217067954
              ],
              [
                72.06410517412911,
                22.6817033505519
              ],
              [
                72.0649962453653,
                22.680122322356613
              ],
              [
                72.06564842005493,
                22.67887461295502
              ],
              [
                72.06601991810489,
                22.67823929734962
              ],
              [
                72.06664835439167,
                22.677054897061595
              ],
              [
                72.06700533400192,
                22.676331214584195
              ],
              [
                72.06765440200937,
                22.67513405743031
              ],
              [
                72.06850713590674,
                22.675164819004827
              ],
              [
                72.07019363171332,
                22.67521150237389
              ],
              [
                72.07269707953273,
                22.675305478664203
              ],
              [
                72.07446662537099,
                22.675295172822807
              ],
              [
                72.07535685951005,
                22.67536147196829
              ],
              [
                72.07781629475954,
                22.675443840354124
              ],
              [
                72.07894228124567,
                22.6754749844561
              ],
              [
                72.08070280037673,
                22.675530025630838
              ],
              [
                72.08207566015398,
                22.675504872782223
              ],
              [
                72.08360534332387,
                22.675515555231314
              ],
              [
                72.08596551025052,
                22.67551422801379
              ],
              [
                72.08853152994955,
                22.675477492436137
              ],
              [
                72.09069134977493,
                22.6755025253648
              ],
              [
                72.09247252139916,
                22.675544678118868
              ],
              [
                72.09399391435211,
                22.67561015394291
              ],
              [
                72.09411451403705,
                22.675916143283402
              ],
              [
                72.09446107275811,
                22.67700392092599
              ],
              [
                72.09487075137856,
                22.678362413272048
              ],
              [
                72.09527548632506,
                22.67972064876491
              ],
              [
                72.09552071135091,
                22.680512657664636
              ],
              [
                72.09570110002325,
                22.681144521434117
              ],
              [
                72.09589144953551,
                22.681693908965116
              ],
              [
                72.09623303170338,
                22.682864416657672
              ],
              [
                72.09641546341449,
                22.68341175503971
              ],
              [
                72.09673652952645,
                22.684379524000324
              ],
              [
                72.09713000379827,
                22.68569609695392
              ],
              [
                72.09753122120466,
                22.687031088567274
              ],
              [
                72.09793656600836,
                22.68838012473222
              ],
              [
                72.09837219584676,
                22.68972151960705
              ],
              [
                72.0987539023588,
                22.691050880964934
              ],
              [
                72.09901481469063,
                22.691912864441736
              ],
              [
                72.09914251677881,
                22.692348323825673
              ],
              [
                72.09953141680312,
                22.6936411725855
              ],
              [
                72.09992472224539,
                22.694943468662103
              ],
              [
                72.10031336073618,
                22.696240911766704
              ],
              [
                72.10069265344926,
                22.69752864656909
              ],
              [
                72.1010909359022,
                22.69883119985842
              ],
              [
                72.1015148295035,
                22.700121254185845
              ],
              [
                72.1016826848663,
                22.700632574134872
              ],
              [
                72.10204673477055,
                22.70167974755681
              ],
              [
                72.10243569243582,
                22.702972589382572
              ],
              [
                72.10282248133497,
                22.704219211155905
              ],
              [
                72.10311150318951,
                22.705110317831185
              ],
              [
                72.1032233070282,
                22.7054803932241
              ],
              [
                72.10339307342868,
                22.706042532402876
              ],
              [
                72.10372108449933,
                22.70711088082616
              ],
              [
                72.1038427512324,
                22.707564465505374
              ],
              [
                72.10422248570644,
                22.708681610353718
              ],
              [
                72.10460185407447,
                22.7099693387606
              ],
              [
                72.10505248815679,
                22.711311494801915
              ],
              [
                72.10541233289528,
                22.71259359442944
              ],
              [
                72.10586326140059,
                22.713931149827335
              ],
              [
                72.10625201430165,
                22.715228584180757
              ],
              [
                72.10667239990057,
                22.71657838228942
              ],
              [
                72.1071013140423,
                22.717951677013495
              ],
              [
                72.1072172197406,
                22.71831597718977
              ],
              [
                72.10753987042047,
                22.719330084804383
              ],
              [
                72.10782289204444,
                22.720239311901636
              ],
              [
                72.10814083097296,
                22.721228740448804
              ],
              [
                72.10739938418617,
                22.721489880846878
              ],
              [
                72.10672457036696,
                22.721717595109435
              ],
              [
                72.10592833542074,
                22.72198049093162
              ],
              [
                72.10470561810784,
                22.72239179025982
              ],
              [
                72.10383338867567,
                22.722678383097414
              ],
              [
                72.10243001331371,
                22.723200145942876
              ],
              [
                72.10165385879453,
                22.723459452950564
              ],
              [
                72.10004180741147,
                22.723979554815852
              ],
              [
                72.09959165235459,
                22.72410827543768
              ],
              [
                72.09782158837776,
                22.72461090496434
              ],
              [
                72.09706222920471,
                22.724838787467604
              ],
              [
                72.09554105267493,
                22.725252913120972
              ],
              [
                72.09487860983027,
                22.72543972672919
              ],
              [
                72.09321974256507,
                22.72591120867169
              ],
              [
                72.09260188852976,
                22.726100334532163
              ],
              [
                72.09199644794023,
                22.726248606406536
              ],
              [
                72.09075249136453,
                22.726598750120147
              ],
              [
                72.09015389190758,
                22.726798092762735
              ],
              [
                72.08862715869738,
                22.727221085582983
              ],
              [
                72.08763071073948,
                22.727505722034504
              ],
              [
                72.08607723737434,
                22.7279595735648
              ],
              [
                72.08520164582373,
                22.728218224243832
              ],
              [
                72.08391601701283,
                22.728584852979758
              ],
              [
                72.08341109187484,
                22.728728845025348
              ],
              [
                72.0823218078898,
                22.729068549069478
              ],
              [
                72.0815241006739,
                22.729307133412938
              ],
              [
                72.0804841264724,
                22.729618175242997
              ],
              [
                72.0800322178818,
                22.729747690111754
              ],
              [
                72.07923403764522,
                22.729986351640505
              ],
              [
                72.07801339259136,
                22.730360666346197
              ],
              [
                72.07727434315525,
                22.730580292436574
              ],
              [
                72.07671367110528,
                22.730809228227095
              ],
              [
                72.07638406453188,
                22.730916512414982
              ],
              [
                72.07520730557403,
                22.731468312924434
              ],
              [
                72.07407652889505,
                22.731999452450392
              ],
              [
                72.07227269503376,
                22.732808965509626
              ],
              [
                72.07116255047089,
                22.733327330057634
              ],
              [
                72.07018569788598,
                22.733778875114975
              ],
              [
                72.06976597819857,
                22.733978266921834
              ],
              [
                72.06952192075903,
                22.73414994899497
              ],
              [
                72.06921469913537,
                22.73446126905044
              ],
              [
                72.06890580252967,
                22.73480016921892
              ],
              [
                72.06824061612778,
                22.735521595933715
              ],
              [
                72.06769110136868,
                22.73610283611254
              ],
              [
                72.06657681229052,
                22.737297442968046
              ],
              [
                72.06596206123247,
                22.737924670234857
              ],
              [
                72.06487855465899,
                22.73906686503283
              ],
              [
                72.06446214704684,
                22.739538461049474
              ],
              [
                72.06357649161829,
                22.740451226613835
              ],
              [
                72.06299779798998,
                22.74105727244697
              ],
              [
                72.06222037681448,
                22.741906527137267
              ],
              [
                72.06060708317138,
                22.74366651961864
              ],
              [
                72.05917377296738,
                22.74516386796936
              ],
              [
                72.05794928030902,
                22.74649691593001
              ],
              [
                72.05729696016505,
                22.74716825711777
              ],
              [
                72.0561906809411,
                22.748355317122744
              ],
              [
                72.05510036835581,
                22.749524764482587
              ],
              [
                72.05466435121457,
                22.749990701780934
              ],
              [
                72.0539885359176,
                22.750720743320734
              ],
              [
                72.05430042655837,
                22.751069066377184
              ],
              [
                72.05587504936918,
                22.752235083026978
              ],
              [
                72.05677785282124,
                22.75284026793578
              ],
              [
                72.05843341215075,
                22.754065825911123
              ],
              [
                72.05927928748378,
                22.754626517302132
              ],
              [
                72.05982928812922,
                22.755065674217793
              ],
              [
                72.06069883707937,
                22.755646039611424
              ],
              [
                72.06128398452769,
                22.756063184613637
              ],
              [
                72.06248576432799,
                22.756919920597944
              ],
              [
                72.0594846512397,
                22.757952566871026
              ],
              [
                72.05765993810442,
                22.758525681390314
              ],
              [
                72.05675922699659,
                22.758865865353112
              ],
              [
                72.05492376029333,
                22.75940726622807
              ],
              [
                72.05438936342125,
                22.759654793702886
              ],
              [
                72.05441414484133,
                22.76022785652419
              ],
              [
                72.05457765873818,
                22.761135562762213
              ],
              [
                72.05484692659984,
                22.76333325783662
              ],
              [
                72.05546127714722,
                22.768347326437308
              ],
              [
                72.05568442005631,
                22.77056306957195
              ],
              [
                72.05527826834246,
                22.770537201367414
              ],
              [
                72.05197728631303,
                22.76966194894395
              ],
              [
                72.04814881892457,
                22.768646826225634
              ],
              [
                72.04746024467417,
                22.768523142445684
              ],
              [
                72.04712620759145,
                22.768537916755356
              ],
              [
                72.04729001814286,
                22.7691136549815
              ],
              [
                72.04955999850576,
                22.775356024144823
              ],
              [
                72.0505540163012,
                22.777976431371737
              ],
              [
                72.05118808117334,
                22.779812550239523
              ],
              [
                72.05184954623452,
                22.781525603547415
              ],
              [
                72.05213691224893,
                22.782522799836567
              ],
              [
                72.05527840267547,
                22.791448218162397
              ],
              [
                72.05596433160865,
                22.793333139556985
              ],
              [
                72.05638476456568,
                22.79435112611878
              ],
              [
                72.05701724885617,
                22.79613411024907
              ],
              [
                72.05716724346344,
                22.796692977075168
              ],
              [
                72.05669920421896,
                22.796783763539075
              ],
              [
                72.05617767186479,
                22.79690277393424
              ],
              [
                72.05532698514766,
                22.79710389669196
              ],
              [
                72.05422603834852,
                22.797329711158184
              ],
              [
                72.05306664638118,
                22.79755275150045
              ],
              [
                72.05270486685498,
                22.797695199656154
              ],
              [
                72.05172603402359,
                22.797925227847763
              ],
              [
                72.04902260281388,
                22.79854448962819
              ],
              [
                72.04837770535353,
                22.79892570733758
              ],
              [
                72.04373855263843,
                22.80290638844549
              ],
              [
                72.04116817689109,
                22.805083761349398
              ],
              [
                72.03557258140347,
                22.809823685605448
              ],
              [
                72.03613209203854,
                22.814021467896218
              ],
              [
                72.03640840983104,
                22.81650289950538
              ],
              [
                72.03690238755657,
                22.820471298758964
              ],
              [
                72.0376178274172,
                22.821463316772093
              ],
              [
                72.03942846569988,
                22.8236945227664
              ],
              [
                72.04126813317232,
                22.82596146287958
              ],
              [
                72.04176880625988,
                22.82664247943975
              ],
              [
                72.04027636942932,
                22.828318579646332
              ],
              [
                72.03916652635726,
                22.829643175447238
              ],
              [
                72.0375511335809,
                22.832093038544226
              ],
              [
                72.03641731203079,
                22.83396102745146
              ],
              [
                72.03534672270142,
                22.83648037153032
              ],
              [
                72.0350255502416,
                22.83768184107154
              ],
              [
                72.03451964364913,
                22.839620794261442
              ],
              [
                72.03404051874558,
                22.8430678421068
              ],
              [
                72.0335995075341,
                22.845459581762565
              ],
              [
                72.03354957356147,
                22.845730382316336
              ],
              [
                72.0335563459579,
                22.8460405641305
              ],
              [
                72.03357184961106,
                22.84675061208867
              ],
              [
                72.03396535347801,
                22.85040944251151
              ],
              [
                72.03417189424815,
                22.852486067397237
              ],
              [
                72.0343398731586,
                22.853320271053114
              ],
              [
                72.03467100990966,
                22.85425295047777
              ],
              [
                72.03506831654933,
                22.855650212934016
              ],
              [
                72.03475923406457,
                22.856504082419104
              ],
              [
                72.03456011172548,
                22.857209794970647
              ],
              [
                72.03454160160231,
                22.85760905654452
              ],
              [
                72.0344631004545,
                22.85957253212295
              ],
              [
                72.03433310947702,
                22.859993601447197
              ],
              [
                72.03382038413811,
                22.859790131562637
              ],
              [
                72.03314837409003,
                22.859468990624688
              ],
              [
                72.03229183692356,
                22.856140919236168
              ],
              [
                72.03183938889998,
                22.85515806320524
              ],
              [
                72.0316218280768,
                22.85432125234439
              ],
              [
                72.03155764162807,
                22.853457906565225
              ],
              [
                72.03168052404763,
                22.85164986774924
              ],
              [
                72.03160006669292,
                22.84970896433184
              ],
              [
                72.0314407277251,
                22.84808209171968
              ],
              [
                72.03105306656069,
                22.847098021792863
              ],
              [
                72.03039010329896,
                22.84471616125116
              ],
              [
                72.03016410582939,
                22.843569959966317
              ],
              [
                72.03004042800384,
                22.842581297550254
              ],
              [
                72.03008218333984,
                22.84149064809935
              ],
              [
                72.02952638760621,
                22.83772184605486
              ],
              [
                72.02862221172659,
                22.83224615836354
              ],
              [
                72.02796052907262,
                22.828583383258355
              ],
              [
                72.02710029794163,
                22.827519157348682
              ],
              [
                72.02329394536525,
                22.823953122380185
              ],
              [
                72.02191045949053,
                22.822580097977948
              ],
              [
                72.01786051914769,
                22.81885355805127
              ],
              [
                72.01771284951067,
                22.818421570224913
              ],
              [
                72.01730364154399,
                22.81852455845174
              ],
              [
                72.0167239571416,
                22.81881224945523
              ],
              [
                72.0157530917456,
                22.818664364158916
              ],
              [
                72.01457391101218,
                22.818344128592795
              ],
              [
                72.01357245849663,
                22.818208454510835
              ],
              [
                72.01247841313521,
                22.81852901893366
              ],
              [
                72.01153599150484,
                22.81897283131833
              ],
              [
                72.01050424778735,
                22.81925054642513
              ],
              [
                72.0094758785549,
                22.819473100006398
              ],
              [
                72.00903236285816,
                22.819892429235583
              ],
              [
                72.00853189554942,
                22.82067304294211
              ],
              [
                72.00617169876467,
                22.824934019508177
              ],
              [
                72.00342593169331,
                22.82980178767266
              ],
              [
                72.00182595878626,
                22.832699934545545
              ],
              [
                72.0010140099764,
                22.83417065370437
              ],
              [
                71.99999396290431,
                22.83596220377629
              ],
              [
                71.99998924469799,
                22.836279316156585
              ],
              [
                71.99795357592112,
                22.839743418412464
              ],
              [
                71.99724521373007,
                22.84094881708521
              ],
              [
                71.99571514016007,
                22.84375018045465
              ],
              [
                71.99464379491505,
                22.845561246520194
              ],
              [
                71.99426277507152,
                22.84650029365866
              ],
              [
                71.99349739557647,
                22.84916211537611
              ],
              [
                71.99280746201559,
                22.851648076030365
              ],
              [
                71.9925803794292,
                22.852407301708922
              ],
              [
                71.99198734944083,
                22.85439001253277
              ],
              [
                71.99117631636405,
                22.8573076526611
              ],
              [
                71.9903033093208,
                22.860180521208648
              ],
              [
                71.98953426089217,
                22.862980483431617
              ],
              [
                71.98896058088181,
                22.865105489344238
              ],
              [
                71.98875485552442,
                22.86586750971817
              ],
              [
                71.98849563629655,
                22.86692825830777
              ],
              [
                71.98867454837384,
                22.868390235213162
              ],
              [
                71.98864569891639,
                22.87039921575185
              ],
              [
                71.98875698942992,
                22.87174695677666
              ],
              [
                71.98867785560255,
                22.873278330898124
              ],
              [
                71.98921089481294,
                22.874411126888674
              ],
              [
                71.98935385339647,
                22.876126842121156
              ],
              [
                71.98958412405418,
                22.878859625091916
              ],
              [
                71.98976528276566,
                22.881257805498542
              ],
              [
                71.99005372339042,
                22.88247655325298
              ],
              [
                71.990955843787,
                22.884156504061423
              ],
              [
                71.99181684568055,
                22.885695940285732
              ],
              [
                71.99206710659237,
                22.886078034135014
              ],
              [
                71.99239762429316,
                22.886233794343976
              ],
              [
                71.99276526426665,
                22.886257783834495
              ],
              [
                71.99398496832633,
                22.885805610988125
              ],
              [
                71.99515443226275,
                22.887347452803752
              ],
              [
                71.99629488938466,
                22.8889569206562
              ],
              [
                71.99672419125388,
                22.889828007264036
              ],
              [
                71.99774496393533,
                22.89249636060414
              ],
              [
                71.9983854945153,
                22.894305430000326
              ],
              [
                71.99977485917549,
                22.895185568363956
              ],
              [
                72.00242555322063,
                22.89708662886234
              ],
              [
                72.00197183798124,
                22.897910996136293
              ],
              [
                72.00182620028545,
                22.898175609706808
              ],
              [
                72.00023409870977,
                22.90116748697124
              ],
              [
                71.99963690364814,
                22.902464082826047
              ],
              [
                71.99958280212071,
                22.90391377851345
              ],
              [
                71.99953512255526,
                22.90592272769935
              ],
              [
                71.99951372118989,
                22.90682445671533
              ],
              [
                71.99949253706689,
                22.907507641496817
              ],
              [
                71.99942896068939,
                22.908216865316867
              ],
              [
                71.99983232557886,
                22.909663323964907
              ],
              [
                72.00067401618936,
                22.91241445032636
              ],
              [
                72.00198830476339,
                22.91537786159779
              ],
              [
                72.00307276358711,
                22.918023510972635
              ],
              [
                72.00408559764574,
                22.920502338080393
              ],
              [
                72.00350368409146,
                22.920656163970104
              ],
              [
                72.00368158705047,
                22.92100214940309
              ],
              [
                72.00510846964197,
                22.923657420115504
              ],
              [
                72.00523421462836,
                22.923933608267742
              ],
              [
                72.00529253166992,
                22.92444391624047
              ],
              [
                72.00524195982845,
                22.9249438827916
              ],
              [
                72.00500394991897,
                22.925415543930455
              ],
              [
                72.00481206147798,
                22.925622176290375
              ],
              [
                72.00443560825579,
                22.925915934028218
              ],
              [
                72.00395477756422,
                22.926125809253637
              ],
              [
                72.00077716842718,
                22.927309566274985
              ],
              [
                71.99982596362757,
                22.929643625338286
              ],
              [
                71.99833641860592,
                22.930552012621018
              ],
              [
                71.99744181629433,
                22.93185954982836
              ],
              [
                71.99616512870581,
                22.93372551412118
              ],
              [
                71.99539518166257,
                22.934994567392902
              ],
              [
                71.99454621943543,
                22.93648769172761
              ],
              [
                71.9939762965266,
                22.937912553311875
              ],
              [
                71.99396481386741,
                22.938423803751107
              ],
              [
                71.99411622904415,
                22.939363262276792
              ],
              [
                71.99445295408933,
                22.942230782247833
              ],
              [
                71.99471407265519,
                22.944951373324265
              ],
              [
                71.99505432855912,
                22.947680742745305
              ],
              [
                71.99542692016085,
                22.950370311121073
              ],
              [
                71.99566715851873,
                22.951890862243552
              ],
              [
                71.99618339341325,
                22.95305243100943
              ],
              [
                71.99717925373325,
                22.95475572037508
              ],
              [
                71.99770064288396,
                22.955647463059602
              ],
              [
                71.99837474089874,
                22.9571065988515
              ],
              [
                71.99871640434289,
                22.95780077997183
              ],
              [
                72.00002531752321,
                22.9584108878138
              ],
              [
                72.0006613597262,
                22.95873733683821
              ],
              [
                72.00111188729784,
                22.958993015360416
              ],
              [
                72.00197254916861,
                22.959817616424715
              ],
              [
                72.00328258760227,
                22.961069252142547
              ],
              [
                72.0039182944753,
                22.961676615124915
              ],
              [
                72.00512210352822,
                22.962943769776057
              ],
              [
                72.00708594537166,
                22.965431093995143
              ],
              [
                72.00825806600949,
                22.96718737540715
              ],
              [
                72.00892680298553,
                22.96838227356568
              ],
              [
                72.00949396622045,
                22.96912222899648
              ],
              [
                72.01058509379645,
                22.971388393160623
              ],
              [
                72.01095501939389,
                22.97217792211537
              ],
              [
                72.01149288228686,
                22.97299011095068
              ],
              [
                72.01198149937026,
                22.97371209316597
              ],
              [
                72.01286492551138,
                22.974980507816642
              ],
              [
                72.01347079623471,
                22.97590231922722
              ],
              [
                72.0142926746926,
                22.97744417021366
              ],
              [
                72.01508302431219,
                22.978850629167244
              ],
              [
                72.0160270673973,
                22.979780970531664
              ],
              [
                72.01707007392542,
                22.98120991061433
              ],
              [
                72.01771248919907,
                22.982511749002867
              ],
              [
                72.01853312714519,
                22.984237958784625
              ],
              [
                72.01913958052091,
                22.985844781453828
              ],
              [
                72.01962157210168,
                22.987121821069277
              ],
              [
                72.02020161287545,
                22.98984987604301
              ],
              [
                72.02030316841072,
                22.990283327046864
              ],
              [
                72.02075838490201,
                22.992226246218163
              ],
              [
                72.01718898300392,
                22.99178985752033
              ],
              [
                72.01611302627242,
                22.99171030132068
              ],
              [
                72.01511126150284,
                22.991639244729782
              ],
              [
                72.01437185948186,
                22.991757192374255
              ],
              [
                72.01343562200442,
                22.991998526888818
              ],
              [
                72.01229127783995,
                22.992547098573958
              ],
              [
                72.01130167918086,
                22.99308996121334
              ],
              [
                72.010416683495,
                22.993795100332807
              ],
              [
                72.00988327455462,
                22.994371149770984
              ],
              [
                72.00947337692595,
                22.99520731224133
              ],
              [
                72.00924284028338,
                22.996205074586207
              ],
              [
                72.00930590808544,
                22.997126042067393
              ],
              [
                72.00935217253685,
                22.998239801787822
              ],
              [
                72.00901631342428,
                22.9993024116914
              ],
              [
                72.00903043354496,
                22.999993640784403
              ],
              [
                72.0087440058749,
                23.001740108994866
              ],
              [
                72.00882981139158,
                23.002316162183615
              ],
              [
                72.00887656181466,
                23.002799880166666
              ],
              [
                72.00891551984512,
                23.00389800398083
              ],
              [
                72.00908576290949,
                23.005345684208045
              ],
              [
                72.00913972896531,
                23.005846544430625
              ],
              [
                72.00919369554829,
                23.006347402838653
              ],
              [
                72.00925184575574,
                23.00702371442863
              ],
              [
                72.00933666905931,
                23.007346352760564
              ],
              [
                72.01002647597828,
                23.01063820038975
              ],
              [
                72.01015128998655,
                23.011608525860396
              ],
              [
                72.01035275486757,
                23.011978795506586
              ],
              [
                72.01109961503401,
                23.012797353963162
              ],
              [
                72.0127264925087,
                23.01388808997378
              ],
              [
                72.01342956883924,
                23.014446098680615
              ],
              [
                72.01458365092083,
                23.0152860244248
              ],
              [
                72.01593363345465,
                23.01634373594507
              ],
              [
                72.01778309227664,
                23.017542729873433
              ],
              [
                72.01867139481871,
                23.01784319086331
              ],
              [
                72.01980297132584,
                23.01807842506334
              ],
              [
                72.02051115503207,
                23.01822564492703
              ],
              [
                72.02170405001536,
                23.018391598059782
              ],
              [
                72.02173255064956,
                23.020079499595308
              ],
              [
                72.02174488866461,
                23.02072493973702
              ],
              [
                72.0217527448284,
                23.02113597438421
              ],
              [
                72.02167021523634,
                23.02202420234287
              ],
              [
                72.02159199836109,
                23.02286600635366
              ],
              [
                72.02198411274247,
                23.023052587637512
              ],
              [
                72.02179489709647,
                23.024596673014937
              ],
              [
                72.02116110992093,
                23.02461414402992
              ],
              [
                72.02119123813222,
                23.026155906853287
              ],
              [
                72.02106082488378,
                23.026983714692893
              ],
              [
                72.02034344585462,
                23.026982962854174
              ],
              [
                72.02032373735018,
                23.027304722578645
              ],
              [
                72.02007461385396,
                23.027955680529573
              ],
              [
                72.01960779536977,
                23.02882578034248
              ],
              [
                72.01936872718598,
                23.030044457422445
              ],
              [
                72.01907909571787,
                23.03086852102393
              ],
              [
                72.01870265342737,
                23.031157723205514
              ],
              [
                72.01851193513535,
                23.031424391916993
              ],
              [
                72.01849979867191,
                23.03186644455679
              ],
              [
                72.01880397251988,
                23.032675555592856
              ],
              [
                72.01956880428381,
                23.03544625288862
              ],
              [
                72.01969867836992,
                23.03714716672434
              ],
              [
                72.01966158689186,
                23.03758551595067
              ],
              [
                72.01940076732842,
                23.038305031550745
              ],
              [
                72.01930338335919,
                23.040301240035788
              ],
              [
                72.018749334769,
                23.04316347487927
              ],
              [
                72.01798941512538,
                23.04645759432539
              ],
              [
                72.01774733839909,
                23.048891131917348
              ],
              [
                72.01782250959647,
                23.05089292768941
              ],
              [
                72.01648344816623,
                23.051354193966784
              ],
              [
                72.01646314468054,
                23.051785843528037
              ],
              [
                72.01645055884255,
                23.052053392798545
              ],
              [
                72.01636786171301,
                23.052588587120983
              ],
              [
                72.01616147643615,
                23.053924260377908
              ],
              [
                72.01584196427802,
                23.05561997157999
              ],
              [
                72.01568138316931,
                23.056472195128325
              ],
              [
                72.01545558356273,
                23.058042035723112
              ],
              [
                72.01435181495756,
                23.057919533941234
              ],
              [
                72.01230681600013,
                23.057566863864277
              ],
              [
                72.00999148430142,
                23.056943508972257
              ],
              [
                72.00828220525761,
                23.05621273225116
              ],
              [
                72.00624268240854,
                23.055423076829403
              ],
              [
                72.00577914886541,
                23.05534337770633
              ],
              [
                72.00029431513885,
                23.05661365427314
              ],
              [
                71.99997002539645,
                23.056738218773447
              ],
              [
                71.99960295850379,
                23.05683552981491
              ],
              [
                71.99922307365213,
                23.056935443466198
              ],
              [
                71.99888563405418,
                23.057074479795183
              ],
              [
                71.99828231004648,
                23.057891238606743
              ],
              [
                71.99757600895151,
                23.05892392194532
              ],
              [
                71.99736917504194,
                23.059208169994484
              ],
              [
                71.99586315427169,
                23.059387166515883
              ],
              [
                71.99465500814281,
                23.059503431
              ],
              [
                71.99085511810576,
                23.059787592547707
              ],
              [
                71.98957507689677,
                23.059614125274294
              ],
              [
                71.9891910571588,
                23.059699962924924
              ],
              [
                71.98625372001042,
                23.060462908838037
              ],
              [
                71.98501364582935,
                23.06069269976176
              ],
              [
                71.98461242033586,
                23.060653113523003
              ],
              [
                71.98192904092261,
                23.059718524879873
              ],
              [
                71.98126159382251,
                23.059794014398868
              ],
              [
                71.97949909806951,
                23.06001005296103
              ],
              [
                71.97911475890577,
                23.059939061014862
              ],
              [
                71.97715987182079,
                23.05963767404901
              ],
              [
                71.9758308511111,
                23.059207877764546
              ],
              [
                71.97395927244256,
                23.058767887205104
              ],
              [
                71.97339156611069,
                23.05859958501038
              ],
              [
                71.97209686624416,
                23.057500497530672
              ],
              [
                71.96763057391122,
                23.053430396532832
              ],
              [
                71.96414978247462,
                23.050239872932416
              ],
              [
                71.96138312538616,
                23.047672661910596
              ],
              [
                71.96081561764645,
                23.04717921449291
              ],
              [
                71.96065920869007,
                23.04624173972739
              ],
              [
                71.96022479402872,
                23.0448030625067
              ],
              [
                71.96013254469877,
                23.044360099730014
              ],
              [
                71.96033205217093,
                23.04387260817896
              ],
              [
                71.96035147858859,
                23.043315651090083
              ],
              [
                71.96022752228863,
                23.042297227720958
              ],
              [
                71.96003738713496,
                23.040735081996413
              ],
              [
                71.96075975632598,
                23.037800931612374
              ],
              [
                71.9589828282698,
                23.0363019785516
              ],
              [
                71.95684431517562,
                23.035860748460184
              ],
              [
                71.95368184427682,
                23.035167818105375
              ],
              [
                71.95142293583183,
                23.035306405671754
              ],
              [
                71.94976640289504,
                23.036137919253086
              ],
              [
                71.9484110586084,
                23.037800931321467
              ],
              [
                71.94810895394303,
                23.038952684526237
              ],
              [
                71.94788853120099,
                23.03979302968011
              ],
              [
                71.94735690157191,
                23.041819794025113
              ],
              [
                71.94795927667923,
                23.044452778629488
              ],
              [
                71.95124584636997,
                23.047620733730994
              ],
              [
                71.95119815292257,
                23.047908733723073
              ],
              [
                71.95025189224528,
                23.050119591208446
              ],
              [
                71.94899537721751,
                23.05305527383185
              ],
              [
                71.94888596554432,
                23.053310900150425
              ],
              [
                71.94859953004212,
                23.05407507678472
              ],
              [
                71.94847176517061,
                23.054690863549247
              ],
              [
                71.94813570109679,
                23.056822022697574
              ],
              [
                71.94785847223855,
                23.05767891508556
              ],
              [
                71.94777937202127,
                23.058394120353242
              ],
              [
                71.94622140190452,
                23.061345989719456
              ],
              [
                71.94587659836407,
                23.062167023868877
              ],
              [
                71.94547828498567,
                23.062966778163517
              ],
              [
                71.94531183223765,
                23.062676663612347
              ],
              [
                71.94411867793704,
                23.062548916657594
              ],
              [
                71.94311271161627,
                23.062537137392596
              ],
              [
                71.94226103719232,
                23.06236751518955
              ],
              [
                71.94128550506828,
                23.06186390543393
              ],
              [
                71.94092433174677,
                23.06166031069289
              ],
              [
                71.94011007608086,
                23.06121061680562
              ],
              [
                71.93951739933964,
                23.06088020212019
              ],
              [
                71.93877119035963,
                23.060697701154957
              ],
              [
                71.93724372485077,
                23.060335437803325
              ],
              [
                71.9363821380402,
                23.060165256141893
              ],
              [
                71.93470887195299,
                23.060145715120367
              ],
              [
                71.93396179153089,
                23.06013838029131
              ],
              [
                71.9332794432529,
                23.060051466832334
              ],
              [
                71.93235344734366,
                23.059794835855143
              ],
              [
                71.93197891144142,
                23.059807252681832
              ],
              [
                71.93107292792556,
                23.06027337727811
              ],
              [
                71.92952330064722,
                23.061475472133914
              ],
              [
                71.92882284362713,
                23.061761110997736
              ],
              [
                71.9277564747467,
                23.062161063756243
              ],
              [
                71.92647735828398,
                23.06253588412105
              ],
              [
                71.92550148425669,
                23.062520974261844
              ],
              [
                71.92465357928621,
                23.062692704837502
              ],
              [
                71.92319973362345,
                23.063634660727033
              ],
              [
                71.92253511906368,
                23.06406513517903
              ],
              [
                71.92105197678632,
                23.064595090296606
              ],
              [
                71.92001898111052,
                23.06525962105329
              ],
              [
                71.91955720295067,
                23.065553289000842
              ],
              [
                71.91877318259317,
                23.066060411712215
              ],
              [
                71.91808088529224,
                23.066776156052097
              ],
              [
                71.91815657049132,
                23.067724697847087
              ],
              [
                71.91845022251664,
                23.068694888557438
              ],
              [
                71.91836387919639,
                23.06920995035514
              ],
              [
                71.91738536874882,
                23.070353806708564
              ],
              [
                71.91356298265623,
                23.07492361706344
              ],
              [
                71.91289184631611,
                23.076741787404487
              ],
              [
                71.9125063677211,
                23.077892631492563
              ],
              [
                71.91123673764713,
                23.080598984246713
              ],
              [
                71.91363992549927,
                23.08191191587039
              ],
              [
                71.91223530111134,
                23.083541220785857
              ],
              [
                71.9120823867952,
                23.084879669381014
              ],
              [
                71.91021093948207,
                23.084434297162247
              ],
              [
                71.90943660165209,
                23.08406108652473
              ],
              [
                71.90877906811149,
                23.08413448615758
              ],
              [
                71.90876989224306,
                23.08476347882902
              ],
              [
                71.90914538931035,
                23.086581963464027
              ],
              [
                71.90934131053737,
                23.087279507503872
              ],
              [
                71.9090048804965,
                23.08844217856293
              ],
              [
                71.90889437036189,
                23.089017359146716
              ],
              [
                71.90893934332723,
                23.08957775351428
              ],
              [
                71.9089898915847,
                23.090207614597873
              ],
              [
                71.90895836097746,
                23.090634814541303
              ],
              [
                71.90849652151634,
                23.09116825346326
              ],
              [
                71.90828772942935,
                23.09147995807791
              ],
              [
                71.90674648115157,
                23.093740662872403
              ],
              [
                71.90500518497328,
                23.095930758614426
              ],
              [
                71.9036633664071,
                23.09730740081075
              ],
              [
                71.90291666257843,
                23.09820510198459
              ],
              [
                71.90167887445682,
                23.099521838438633
              ],
              [
                71.9003787590821,
                23.10090486519929
              ],
              [
                71.90013011002057,
                23.101375847119193
              ],
              [
                71.89963295191146,
                23.102636013996726
              ],
              [
                71.89924662261393,
                23.104450314011142
              ],
              [
                71.89924922604466,
                23.10499748023271
              ],
              [
                71.90152653480072,
                23.107297687248952
              ],
              [
                71.90261769984733,
                23.108430263591334
              ],
              [
                71.90280170487307,
                23.108758255251296
              ],
              [
                71.90308253814482,
                23.109773917799867
              ],
              [
                71.90346972732364,
                23.110762956607356
              ],
              [
                71.90366701787401,
                23.11159893138436
              ],
              [
                71.90381940186295,
                23.113052303768683
              ],
              [
                71.90388037438042,
                23.113633828773157
              ],
              [
                71.9039611898826,
                23.114404600703775
              ],
              [
                71.90411726697408,
                23.1162552669126
              ],
              [
                71.90424311019308,
                23.119091154539948
              ],
              [
                71.90440985889656,
                23.121059958751662
              ],
              [
                71.90433197527128,
                23.121590761464656
              ],
              [
                71.90407254987917,
                23.12231481499055
              ],
              [
                71.90334283552549,
                23.123064576184202
              ],
              [
                71.90315893672715,
                23.12345600334673
              ],
              [
                71.90283727619119,
                23.126302698132676
              ],
              [
                71.90216102951982,
                23.129158198450448
              ],
              [
                71.90171067491524,
                23.131347807851455
              ],
              [
                71.90142386869447,
                23.1324884774289
              ],
              [
                71.90114084769712,
                23.133614071137373
              ],
              [
                71.9010191419693,
                23.133967299431646
              ],
              [
                71.90036925879942,
                23.134795087591957
              ],
              [
                71.90018236686254,
                23.135154070956844
              ],
              [
                71.90010732901472,
                23.137561955405786
              ],
              [
                71.90031907965535,
                23.137845310493503
              ],
              [
                71.90175970787202,
                23.13993725231606
              ],
              [
                71.90205575626825,
                23.140709311293953
              ],
              [
                71.90237945165164,
                23.14159812909233
              ],
              [
                71.90317988679834,
                23.141797509214037
              ],
              [
                71.90413948537767,
                23.142083749654585
              ],
              [
                71.90458971819271,
                23.142301385720547
              ],
              [
                71.90473007683937,
                23.142530209057746
              ],
              [
                71.90482468313236,
                23.14293061625795
              ],
              [
                71.90499675415941,
                23.14380632831776
              ],
              [
                71.90511160222033,
                23.144406031153274
              ],
              [
                71.90537817593717,
                23.146221692550537
              ],
              [
                71.90550035270499,
                23.14826652607648
              ],
              [
                71.90582396205913,
                23.15092158271307
              ],
              [
                71.90598266029941,
                23.152940687423907
              ],
              [
                71.90606867031303,
                23.15333764464466
              ],
              [
                71.90649288924513,
                23.154199121013654
              ],
              [
                71.9065216190628,
                23.15445889878873
              ],
              [
                71.90620466940807,
                23.156508054564412
              ],
              [
                71.90589105401196,
                23.15926527093094
              ],
              [
                71.90634105620097,
                23.15968810380394
              ],
              [
                71.90800608504155,
                23.16082346446077
              ],
              [
                71.90808995096081,
                23.162723300265107
              ],
              [
                71.90825832857146,
                23.164627628099247
              ],
              [
                71.90831431158207,
                23.165331571348403
              ],
              [
                71.90815042640469,
                23.16564106271853
              ],
              [
                71.90733218187985,
                23.167409933646866
              ],
              [
                71.90677822800606,
                23.169981442838576
              ],
              [
                71.9066346027702,
                23.1707670063546
              ],
              [
                71.90594434298298,
                23.174567186266167
              ],
              [
                71.90599865937462,
                23.175405242095838
              ],
              [
                71.90608377623246,
                23.176134358026996
              ],
              [
                71.90725865426336,
                23.17693365344332
              ],
              [
                71.90790715829537,
                23.177204689114934
              ],
              [
                71.91002657775748,
                23.178362738478725
              ],
              [
                71.91134557001675,
                23.17933490000565
              ],
              [
                71.91199232181344,
                23.179823063680562
              ],
              [
                71.91236386853929,
                23.17983538235857
              ],
              [
                71.91314720107712,
                23.179861355841457
              ],
              [
                71.91415732782734,
                23.179901172952594
              ],
              [
                71.92325449042104,
                23.180162710191276
              ],
              [
                71.92607991470535,
                23.180265430476517
              ],
              [
                71.92697739641407,
                23.180313657100008
              ],
              [
                71.92748734413222,
                23.18038322127603
              ],
              [
                71.92794169846425,
                23.180485850287813
              ],
              [
                71.92785275441254,
                23.181462640684465
              ],
              [
                71.9279519532453,
                23.182315894610024
              ],
              [
                71.92836765452064,
                23.18361588685441
              ],
              [
                71.92926395823537,
                23.18597381290609
              ],
              [
                71.92958691572271,
                23.18698037018667
              ],
              [
                71.92986922403817,
                23.187695817707187
              ],
              [
                71.92997426490484,
                23.188000498236445
              ],
              [
                71.93011510085068,
                23.188416960992882
              ],
              [
                71.93041414845474,
                23.188534897176563
              ],
              [
                71.93118094249132,
                23.18868558245734
              ],
              [
                71.93119958082866,
                23.189393389627625
              ],
              [
                71.93124636637089,
                23.191170086918845
              ],
              [
                71.93153817690295,
                23.191130213482896
              ],
              [
                71.93204965159947,
                23.190926735964037
              ],
              [
                71.93240594254522,
                23.19097328574881
              ],
              [
                71.93284721599584,
                23.191266332308654
              ],
              [
                71.93305010616466,
                23.19145857944561
              ],
              [
                71.93350881861876,
                23.192415197516507
              ],
              [
                71.93395016841154,
                23.19350385785255
              ],
              [
                71.93427758833111,
                23.19377483898528
              ],
              [
                71.93550120735492,
                23.194283192415377
              ],
              [
                71.93619865043667,
                23.194572943862003
              ],
              [
                71.93750546022308,
                23.19514019678671
              ],
              [
                71.93778163524412,
                23.195191714724892
              ],
              [
                71.93829640340469,
                23.19485465746719
              ],
              [
                71.93880003939421,
                23.194858262931888
              ],
              [
                71.94053720676415,
                23.195323763127906
              ],
              [
                71.9421933857182,
                23.195969419747826
              ],
              [
                71.94252039140113,
                23.19632798286245
              ],
              [
                71.94269204710949,
                23.196595571062378
              ],
              [
                71.94296718557156,
                23.197169026641664
              ],
              [
                71.942595761753,
                23.197389967434543
              ],
              [
                71.94148378504374,
                23.197589156637555
              ],
              [
                71.94084533645272,
                23.197758848225742
              ],
              [
                71.94140332829366,
                23.19833485345272
              ],
              [
                71.9422517540266,
                23.19865183734622
              ],
              [
                71.94250726015511,
                23.198850248445222
              ],
              [
                71.94302286582983,
                23.19925064000116
              ],
              [
                71.94335436941967,
                23.200181273375094
              ],
              [
                71.94394730940422,
                23.20099892176664
              ],
              [
                71.94441544858618,
                23.201012158996864
              ],
              [
                71.94485066044047,
                23.200670868066624
              ],
              [
                71.9450381071557,
                23.200141229542023
              ],
              [
                71.94517669607536,
                23.199433769059677
              ],
              [
                71.94533944141338,
                23.19865840993286
              ],
              [
                71.94570158357871,
                23.19869140042845
              ],
              [
                71.94616699894561,
                23.198909706096146
              ],
              [
                71.94642825601431,
                23.199121821116975
              ],
              [
                71.94682802764162,
                23.199433495324513
              ],
              [
                71.94699919873072,
                23.19981147262823
              ],
              [
                71.94709633711692,
                23.200337718101007
              ],
              [
                71.94723411161392,
                23.200852277217912
              ],
              [
                71.9473007102876,
                23.20130773260762
              ],
              [
                71.94736206505576,
                23.20160611787564
              ],
              [
                71.94756577282506,
                23.202022709229926
              ],
              [
                71.94782590042524,
                23.202253207840727
              ],
              [
                71.9481212700309,
                23.20239795255725
              ],
              [
                71.94861256745865,
                23.202520772977582
              ],
              [
                71.94926143174126,
                23.20259658494067
              ],
              [
                71.94962052354968,
                23.20280003325424
              ],
              [
                71.94968336907475,
                23.203195340843948
              ],
              [
                71.94957749137878,
                23.203697013859433
              ],
              [
                71.94963928008306,
                23.203988504538955
              ],
              [
                71.94994857836551,
                23.204150121263847
              ],
              [
                71.95022478580985,
                23.204040210251303
              ],
              [
                71.95051947146298,
                23.203792929127037
              ],
              [
                71.95078332881306,
                23.20347945374309
              ],
              [
                71.9509853753493,
                23.203278003032423
              ],
              [
                71.95146781396598,
                23.203019895441482
              ],
              [
                71.95172690142687,
                23.202823762961692
              ],
              [
                71.9518341857995,
                23.202460507901897
              ],
              [
                71.95190978074642,
                23.202206256015337
              ],
              [
                71.95225028083514,
                23.20190374876476
              ],
              [
                71.95263950311909,
                23.20186206263863
              ],
              [
                71.95299440976275,
                23.201931546787286
              ],
              [
                71.95337326004095,
                23.201896229741646
              ],
              [
                71.95362609044726,
                23.20172051546039
              ],
              [
                71.95375041618031,
                23.20140427605051
              ],
              [
                71.95388611163011,
                23.20090417602143
              ],
              [
                71.95398997713683,
                23.200596076468134
              ],
              [
                71.95427427735537,
                23.20027445598132
              ],
              [
                71.95452177547867,
                23.20014457472742
              ],
              [
                71.95487284108563,
                23.200276108019555
              ],
              [
                71.9550340188513,
                23.200775753854966
              ],
              [
                71.9552527415625,
                23.200990218765455
              ],
              [
                71.9555010883188,
                23.201169354587975
              ],
              [
                71.9556741333878,
                23.201436745417627
              ],
              [
                71.95570453467859,
                23.201751936976834
              ],
              [
                71.95584220505197,
                23.20202667979314
              ],
              [
                71.95624151222229,
                23.202225318497508
              ],
              [
                71.95672890884589,
                23.202290264312698
              ],
              [
                71.957596293034,
                23.202382194551706
              ],
              [
                71.95822385059756,
                23.202237792544892
              ],
              [
                71.95865619091356,
                23.202184534837254
              ],
              [
                71.9589961784083,
                23.20193040890046
              ],
              [
                71.9593783646169,
                23.201800716476313
              ],
              [
                71.95981198729538,
                23.201968877217187
              ],
              [
                71.96013166800175,
                23.20228550543448
              ],
              [
                71.96053687563627,
                23.202348404815496
              ],
              [
                71.96085264648505,
                23.202445778716186
              ],
              [
                71.96086765327551,
                23.203050683050037
              ],
              [
                71.96101215391512,
                23.20329580554529
              ],
              [
                71.96156500424851,
                23.20395677447443
              ],
              [
                71.96190487092328,
                23.204269855512948
              ],
              [
                71.96222583095252,
                23.20432368823459
              ],
              [
                71.96331174499038,
                23.20427032906916
              ],
              [
                71.96360940805823,
                23.204378269899927
              ],
              [
                71.96398508685928,
                23.204757797076457
              ],
              [
                71.96402446476029,
                23.20517030206756
              ],
              [
                71.96364016038082,
                23.205657289295367
              ],
              [
                71.96328976316573,
                23.20613376838174
              ],
              [
                71.96371719616633,
                23.206187070316222
              ],
              [
                71.96412226980016,
                23.206171555122506
              ],
              [
                71.96444451900813,
                23.206285404969556
              ],
              [
                71.96476067701452,
                23.206740183250005
              ],
              [
                71.96498917630078,
                23.207241065211146
              ],
              [
                71.96531066830238,
                23.207637949652483
              ],
              [
                71.9655623762272,
                23.207815470672692
              ],
              [
                71.96596448112092,
                23.20792891732039
              ],
              [
                71.9666727754791,
                23.208012399516882
              ],
              [
                71.96703730570887,
                23.20809939507348
              ],
              [
                71.96730607000666,
                23.208202686159158
              ],
              [
                71.96744269654533,
                23.208511863303595
              ],
              [
                71.9670692788952,
                23.20918620167524
              ],
              [
                71.96712826425691,
                23.209442947316937
              ],
              [
                71.96775556658177,
                23.20938380658694
              ],
              [
                71.96908204691195,
                23.209071012537745
              ],
              [
                71.96943851987577,
                23.209041417498078
              ],
              [
                71.96978338936682,
                23.209186393605272
              ],
              [
                71.97023424749186,
                23.209399241813415
              ],
              [
                71.97081680778112,
                23.209499132928958
              ],
              [
                71.97142052892562,
                23.209498683950294
              ],
              [
                71.97199641679508,
                23.20962588480243
              ],
              [
                71.97239429720118,
                23.20996966989711
              ],
              [
                71.97294169347299,
                23.21063952709315
              ],
              [
                71.97517189856279,
                23.21072017609835
              ],
              [
                71.97583785340031,
                23.210681485824225
              ],
              [
                71.97799977711729,
                23.21025123229285
              ],
              [
                71.98015529679593,
                23.20984366707173
              ],
              [
                71.98178699495912,
                23.209758966300374
              ],
              [
                71.98629745470855,
                23.20951218817747
              ],
              [
                71.98756575463733,
                23.20945726024015
              ],
              [
                71.98825299852314,
                23.20942749717933
              ],
              [
                71.98832850148811,
                23.209895402159834
              ],
              [
                71.98858859751516,
                23.21192465669656
              ],
              [
                71.98851515000064,
                23.214332608372263
              ],
              [
                71.98851328496612,
                23.2148489977231
              ],
              [
                71.98873016201144,
                23.21562130607701
              ],
              [
                71.98881789596437,
                23.21587776524046
              ],
              [
                71.98925869983381,
                23.2171662918003
              ],
              [
                71.98928635535151,
                23.2175274437491
              ],
              [
                71.98947833334189,
                23.217888592446293
              ],
              [
                71.98973399878054,
                23.2182796059223
              ],
              [
                71.98997684777301,
                23.21887343067124
              ],
              [
                71.99021533124926,
                23.219619200530015
              ],
              [
                71.99038095570873,
                23.22049487360317
              ],
              [
                71.99046130450878,
                23.221296891331345
              ],
              [
                71.99042601241075,
                23.222761489531454
              ],
              [
                71.99053187624058,
                23.223311215606923
              ],
              [
                71.99066754051388,
                23.223701105242167
              ],
              [
                71.99105734798452,
                23.22433954760889
              ],
              [
                71.99158521179609,
                23.225248100859915
              ],
              [
                71.99173507347915,
                23.225569564151932
              ],
              [
                71.99181841712956,
                23.225836800633918
              ],
              [
                71.99260397023629,
                23.22742295783337
              ],
              [
                71.99306764505886,
                23.22840191598835
              ],
              [
                71.99344592387216,
                23.22939021727625
              ],
              [
                71.99373333750889,
                23.23015238993384
              ],
              [
                71.99387104391742,
                23.230671505054474
              ],
              [
                71.99414563979649,
                23.231317713864538
              ],
              [
                71.99463017694494,
                23.23260673302382
              ],
              [
                71.99484690840568,
                23.23313922384555
              ],
              [
                71.9950131236344,
                23.233438483763333
              ],
              [
                71.99511710618219,
                23.23377597646435
              ],
              [
                71.99532794844028,
                23.23456640094759
              ],
              [
                71.9956939803231,
                23.235835354883445
              ],
              [
                71.99589030696497,
                23.23653739610002
              ],
              [
                71.99603503419011,
                23.23727471442213
              ],
              [
                71.99623091380356,
                23.23781423236537
              ],
              [
                71.9963294804855,
                23.23807765805668
              ],
              [
                71.99641237285705,
                23.238676894979164
              ],
              [
                71.99653383132829,
                23.23897380270898
              ],
              [
                71.99667066230764,
                23.23934530133726
              ],
              [
                71.99688983554505,
                23.24129825766787
              ],
              [
                71.99692740565045,
                23.243929065632685
              ],
              [
                71.99699232246512,
                23.24506662471416
              ],
              [
                71.99695628407818,
                23.245733400119768
              ],
              [
                71.99609411088667,
                23.247011597175018
              ],
              [
                71.99567639958886,
                23.248446884980858
              ],
              [
                71.99659761431035,
                23.249797075724803
              ],
              [
                71.98885251758885,
                23.250712707083512
              ],
              [
                71.98795898593319,
                23.25082651003211
              ],
              [
                71.98648221116537,
                23.25065659796867
              ],
              [
                71.98511960804777,
                23.250658691417932
              ],
              [
                71.98391134065957,
                23.250585891250456
              ],
              [
                71.98290744418777,
                23.250436215765216
              ],
              [
                71.98194211806081,
                23.25055142309993
              ],
              [
                71.98099624999459,
                23.250593862292504
              ],
              [
                71.97963436774886,
                23.250665117885745
              ],
              [
                71.9781347430464,
                23.2506230437815
              ],
              [
                71.97729372572572,
                23.250421959694048
              ],
              [
                71.97576480131036,
                23.250207689833623
              ],
              [
                71.97334988037466,
                23.250278755203304
              ],
              [
                71.97078329978271,
                23.250300280682364
              ],
              [
                71.96996690080304,
                23.25026647019128
              ],
              [
                71.96961936654034,
                23.249994514122772
              ],
              [
                71.96963310841299,
                23.249529470974114
              ],
              [
                71.96952744593096,
                23.248896730747624
              ],
              [
                71.96915474690579,
                23.248466653581904
              ],
              [
                71.96774896623063,
                23.246824600352387
              ],
              [
                71.96717713856282,
                23.246144217073983
              ],
              [
                71.96588440135889,
                23.24493931300299
              ],
              [
                71.96501116555785,
                23.244125403044446
              ],
              [
                71.96445301514436,
                23.243547181335057
              ],
              [
                71.9639862644813,
                23.243185914971377
              ],
              [
                71.96225386460016,
                23.24315676139517
              ],
              [
                71.96189389729902,
                23.241996403639273
              ],
              [
                71.96137204947976,
                23.240467796970705
              ],
              [
                71.959528964754,
                23.239888605374503
              ],
              [
                71.95800974596591,
                23.23927096560014
              ],
              [
                71.95762805408386,
                23.239114957085537
              ],
              [
                71.95733237688262,
                23.239094734701403
              ],
              [
                71.9566203661564,
                23.239310771255976
              ],
              [
                71.95590835295373,
                23.239526806328726
              ],
              [
                71.95483592413264,
                23.239760693383253
              ],
              [
                71.95443799287328,
                23.239739672752833
              ],
              [
                71.95404503571723,
                23.23971891569711
              ],
              [
                71.95284897256232,
                23.23953121683463
              ],
              [
                71.95201331943991,
                23.23948706420104
              ],
              [
                71.95031742705271,
                23.239392834109033
              ],
              [
                71.94817895635894,
                23.239676398244757
              ],
              [
                71.94764245649762,
                23.239717209900125
              ],
              [
                71.94726990283844,
                23.238641458722473
              ],
              [
                71.94688552578475,
                23.237998571832048
              ],
              [
                71.94602146269538,
                23.237929825790864
              ],
              [
                71.94595555413765,
                23.237543578476103
              ],
              [
                71.94458288438692,
                23.237226572417423
              ],
              [
                71.94310558242277,
                23.237036223293682
              ],
              [
                71.94274379721541,
                23.237671736759687
              ],
              [
                71.9423870682764,
                23.23835555287011
              ],
              [
                71.94142951731011,
                23.240440064149265
              ],
              [
                71.94095153494497,
                23.24187203998778
              ],
              [
                71.94048774169744,
                23.243397000771342
              ],
              [
                71.93957434447425,
                23.24533165810331
              ],
              [
                71.93871168956565,
                23.248057582045856
              ],
              [
                71.93829194817201,
                23.249917423027455
              ],
              [
                71.93807616350725,
                23.250500382735154
              ],
              [
                71.9379097737858,
                23.251073636510238
              ],
              [
                71.9378032767934,
                23.251440540328147
              ],
              [
                71.93676389179865,
                23.25403720655672
              ],
              [
                71.9357497529521,
                23.256708988453724
              ],
              [
                71.93539197869165,
                23.2576492640836
              ],
              [
                71.93509221513293,
                23.258458873158535
              ],
              [
                71.93438087634134,
                23.259707855395217
              ],
              [
                71.93412463411113,
                23.260298411115716
              ],
              [
                71.9338622467019,
                23.261068493620883
              ],
              [
                71.93354005881339,
                23.261595605239407
              ],
              [
                71.93285070318858,
                23.262167835862613
              ],
              [
                71.93221381671137,
                23.262618329949056
              ],
              [
                71.93159200954021,
                23.26298660907147
              ],
              [
                71.93096056536399,
                23.26318835649035
              ],
              [
                71.9302111100652,
                23.263861326848353
              ],
              [
                71.92996153161948,
                23.26408543294749
              ],
              [
                71.9292110206111,
                23.26467746871847
              ],
              [
                71.92847428764924,
                23.265288675759
              ],
              [
                71.92794223083108,
                23.265617886745375
              ],
              [
                71.92651395137943,
                23.265267807448943
              ],
              [
                71.92542204654994,
                23.265007024658107
              ],
              [
                71.92443290895633,
                23.264779352413058
              ],
              [
                71.92361447527493,
                23.264616060628338
              ],
              [
                71.92266224587289,
                23.26459785728296
              ],
              [
                71.92147537838429,
                23.264419629617638
              ],
              [
                71.92080477332475,
                23.264287222974435
              ],
              [
                71.92025328397015,
                23.26416574208219
              ],
              [
                71.9196200769289,
                23.263993806509554
              ],
              [
                71.91921540962059,
                23.263437389224542
              ],
              [
                71.91873176493344,
                23.26270615045561
              ],
              [
                71.91832229769045,
                23.262066467791783
              ],
              [
                71.9180351589322,
                23.261626959040786
              ],
              [
                71.91723529327851,
                23.26172748494943
              ],
              [
                71.9167236855773,
                23.261847912360583
              ],
              [
                71.91603481046249,
                23.26200965930884
              ],
              [
                71.91561703481287,
                23.262065885788427
              ],
              [
                71.91520377946956,
                23.26220997540637
              ],
              [
                71.9148344920338,
                23.26220882140235
              ],
              [
                71.91465235664823,
                23.261927066871436
              ],
              [
                71.91443439780367,
                23.261659551217303
              ],
              [
                71.91391589155312,
                23.261569772790327
              ],
              [
                71.91335630002077,
                23.261498563722288
              ],
              [
                71.9127357230114,
                23.261244257968723
              ],
              [
                71.9119168957499,
                23.260887192596435
              ],
              [
                71.91145629193446,
                23.260669047002054
              ],
              [
                71.91115625605768,
                23.260597775205532
              ],
              [
                71.91054743776887,
                23.260676124975053
              ],
              [
                71.90952478727831,
                23.26090774020874
              ],
              [
                71.90853701887404,
                23.26097979204234
              ],
              [
                71.90804422171811,
                23.260958228458296
              ],
              [
                71.9074346280456,
                23.260905679089582
              ],
              [
                71.90688591310689,
                23.260762955094282
              ],
              [
                71.90660535711096,
                23.260499020776873
              ],
              [
                71.90635691599321,
                23.260079993205178
              ],
              [
                71.9061180117489,
                23.259628038520226
              ],
              [
                71.90602678076812,
                23.25920929246896
              ],
              [
                71.90582925895657,
                23.258894425403206
              ],
              [
                71.90575470922927,
                23.257806719902423
              ],
              [
                71.9057270541309,
                23.257288744151865
              ],
              [
                71.90568512824754,
                23.256919887085694
              ],
              [
                71.90499779306904,
                23.256816495599185
              ],
              [
                71.90409622937963,
                23.25678702810161
              ],
              [
                71.90356393702861,
                23.25675873649257
              ],
              [
                71.90322583444791,
                23.25665775704927
              ],
              [
                71.90292429592525,
                23.25648818188216
              ],
              [
                71.90252392522123,
                23.256067044677234
              ],
              [
                71.9023671626943,
                23.255699000630333
              ],
              [
                71.90221440626136,
                23.255266605553825
              ],
              [
                71.9017287236128,
                23.2536082504637
              ],
              [
                71.90156699085816,
                23.253239940227537
              ],
              [
                71.90120825049632,
                23.25323008936768
              ],
              [
                71.90121518966276,
                23.252958369966777
              ],
              [
                71.90128740021028,
                23.25227968186016
              ],
              [
                71.90138544935736,
                23.25166692777714
              ],
              [
                71.90155503469788,
                23.250947298054587
              ],
              [
                71.9016853146428,
                23.25053714875049
              ],
              [
                71.90174182537785,
                23.249905919991935
              ],
              [
                71.90167617419317,
                23.24884159046227
              ],
              [
                71.90163540036393,
                23.248133834372986
              ],
              [
                71.90160912635397,
                23.247754280717665
              ],
              [
                71.90145623401263,
                23.24700367100948
              ],
              [
                71.90189889549366,
                23.246146375674726
              ],
              [
                71.90207247782537,
                23.245362394142198
              ],
              [
                71.90198189289242,
                23.244813402653403
              ],
              [
                71.90190068390596,
                23.244274128268817
              ],
              [
                71.90175404964833,
                23.24318258831264
              ],
              [
                71.90133599278859,
                23.24236254230413
              ],
              [
                71.9010078002447,
                23.241782465936947
              ],
              [
                71.90090076112702,
                23.241177257226802
              ],
              [
                71.90078318755593,
                23.239298664303956
              ],
              [
                71.90072237323204,
                23.2376306123762
              ],
              [
                71.90057209995778,
                23.235796398782565
              ],
              [
                71.90065312506972,
                23.23345336497713
              ],
              [
                71.90038338594789,
                23.232175422151712
              ],
              [
                71.90013160956914,
                23.2301282840285
              ],
              [
                71.89971388705699,
                23.227380567350412
              ],
              [
                71.8995175186412,
                23.226046571422877
              ],
              [
                71.89922647935204,
                23.225431574702903
              ],
              [
                71.89885642830322,
                23.224794283594605
              ],
              [
                71.89855900287581,
                23.22421086732082
              ],
              [
                71.8979707529349,
                23.223160392181633
              ],
              [
                71.89793254386228,
                23.222812484421052
              ],
              [
                71.89816504686469,
                23.2221238788514
              ],
              [
                71.89839096368168,
                23.221540992882822
              ],
              [
                71.89836041126753,
                23.2212303847642
              ],
              [
                71.89783857988212,
                23.22039558174467
              ],
              [
                71.89737765936613,
                23.21967626749631
              ],
              [
                71.896970035233,
                23.219021292046865
              ],
              [
                71.8962309875491,
                23.21896804661996
              ],
              [
                71.89563144214584,
                23.219060654999033
              ],
              [
                71.89074871837477,
                23.21910509942268
              ],
              [
                71.88957876362575,
                23.218982843049954
              ],
              [
                71.88861138007651,
                23.218972823451267
              ],
              [
                71.88661012958713,
                23.21865868883712
              ],
              [
                71.88548541586106,
                23.218451188856804
              ],
              [
                71.88350503778669,
                23.21844249586448
              ],
              [
                71.88011753893467,
                23.218354146384126
              ],
              [
                71.87757041093043,
                23.218471954130234
              ],
              [
                71.87544112652678,
                23.218450603727177
              ],
              [
                71.87326613002634,
                23.218362220538612
              ],
              [
                71.87181635409029,
                23.2184310971937
              ],
              [
                71.87088894404896,
                23.218475152398426
              ],
              [
                71.87005314110519,
                23.21851538976198
              ],
              [
                71.87067749608013,
                23.219391667306226
              ],
              [
                71.8708990947214,
                23.219670130645905
              ],
              [
                71.87146150675676,
                23.22043623320044
              ],
              [
                71.87209008476097,
                23.221292463093942
              ],
              [
                71.87253506734596,
                23.22183733564702
              ],
              [
                71.87348038038118,
                23.223718636491043
              ],
              [
                71.87389859188471,
                23.2243727578292
              ],
              [
                71.87416873855307,
                23.22536024561914
              ],
              [
                71.87401517869864,
                23.226500371450626
              ],
              [
                71.87405626636011,
                23.227360343755972
              ],
              [
                71.87409209491439,
                23.22822464715122
              ],
              [
                71.87423341407276,
                23.229237542282668
              ],
              [
                71.87430125677407,
                23.229782621843402
              ],
              [
                71.87439289637875,
                23.230518887295872
              ],
              [
                71.8745474092509,
                23.231799966078526
              ],
              [
                71.87462608719196,
                23.23277723780097
              ],
              [
                71.8746949661523,
                23.234870022762397
              ],
              [
                71.87485004150714,
                23.236621527153048
              ],
              [
                71.87494355384426,
                23.23752119180996
              ],
              [
                71.87498339176088,
                23.23880076411315
              ],
              [
                71.87495830875716,
                23.239362058171388
              ],
              [
                71.87493322670419,
                23.239923349552562
              ],
              [
                71.87464781646207,
                23.241775871905208
              ],
              [
                71.8745646330839,
                23.2431872358793
              ],
              [
                71.87454946657924,
                23.24446848725187
              ],
              [
                71.87466518629623,
                23.24509263363727
              ],
              [
                71.87485169516656,
                23.245702106850644
              ],
              [
                71.8752415222103,
                23.247770509718396
              ],
              [
                71.87542678797969,
                23.248559773190212
              ],
              [
                71.87542877291513,
                23.249247025321868
              ],
              [
                71.87543132391419,
                23.24975087338746
              ],
              [
                71.87575648149294,
                23.249993159764976
              ],
              [
                71.87681364268542,
                23.25066231535182
              ],
              [
                71.87713111193335,
                23.25099803990878
              ],
              [
                71.87867346119073,
                23.252658715683324
              ],
              [
                71.87898770454035,
                23.252997064132735
              ],
              [
                71.87966490445108,
                23.253821772207463
              ],
              [
                71.87931878473907,
                23.255288295272837
              ],
              [
                71.87864944720033,
                23.25870718230781
              ],
              [
                71.87824716782427,
                23.260779072762315
              ],
              [
                71.87680844112971,
                23.263035895222586
              ],
              [
                71.87576998191403,
                23.26455773101663
              ],
              [
                71.87461739325383,
                23.266334533122496
              ],
              [
                71.87279075635112,
                23.269817614575082
              ],
              [
                71.87230141348523,
                23.27077842210695
              ],
              [
                71.87190899719114,
                23.271546095291928
              ],
              [
                71.87174852068713,
                23.271957201127503
              ],
              [
                71.87179030402383,
                23.272406770043883
              ],
              [
                71.87196743221008,
                23.273486145389477
              ],
              [
                71.8722092492042,
                23.276086235964854
              ],
              [
                71.87233023449305,
                23.27694586274702
              ],
              [
                71.87245179585699,
                23.277796299513263
              ],
              [
                71.8725509632867,
                23.278765443845998
              ],
              [
                71.87256155218024,
                23.279314807637903
              ],
              [
                71.87276122501916,
                23.279634445625774
              ],
              [
                71.8733293919193,
                23.281486393913216
              ],
              [
                71.87358941990222,
                23.282358047055073
              ],
              [
                71.87415654038573,
                23.28435708483354
              ],
              [
                71.87513175623529,
                23.287794539791552
              ],
              [
                71.87536884693803,
                23.28855428598926
              ],
              [
                71.875689466283,
                23.289655143586266
              ],
              [
                71.87601438774601,
                23.290714134128592
              ],
              [
                71.87677839664941,
                23.290764678475142
              ],
              [
                71.87770765356015,
                23.29075426458653
              ],
              [
                71.87844912392215,
                23.2907095480776
              ],
              [
                71.8790606312905,
                23.290674194859882
              ],
              [
                71.87978080298673,
                23.29057422400199
              ],
              [
                71.88067916270238,
                23.292817286156723
              ],
              [
                71.88167908802363,
                23.29527327956129
              ],
              [
                71.88210714786281,
                23.296333727347935
              ],
              [
                71.88239794532812,
                23.297226348185944
              ],
              [
                71.88284911502193,
                23.2982041130875
              ],
              [
                71.8831000505595,
                23.29898302607185
              ],
              [
                71.88335903087584,
                23.299873051298068
              ],
              [
                71.88365659297325,
                23.301184798475873
              ],
              [
                71.88393988906644,
                23.302085342880872
              ],
              [
                71.88399856338026,
                23.30242512325675
              ],
              [
                71.88353615691905,
                23.30295390387262
              ],
              [
                71.88289009993699,
                23.303625085960782
              ],
              [
                71.882178481712,
                23.304306609835557
              ],
              [
                71.88150025681402,
                23.30501296756321
              ],
              [
                71.88078747529602,
                23.305712871544397
              ],
              [
                71.88007650440912,
                23.306463595957435
              ],
              [
                71.87922752253124,
                23.307105506942886
              ],
              [
                71.87849930967336,
                23.307652390320932
              ],
              [
                71.8778595228064,
                23.30822243071641
              ],
              [
                71.8768968178845,
                23.309005842846243
              ],
              [
                71.87623535123517,
                23.309684959731758
              ],
              [
                71.87640007005287,
                23.310482793921402
              ],
              [
                71.87666845680803,
                23.31133180929789
              ],
              [
                71.87690171558057,
                23.31236345847674
              ],
              [
                71.87717005914622,
                23.313263218543426
              ],
              [
                71.87750013829954,
                23.31413398764697
              ],
              [
                71.87777662610411,
                23.31498344801441
              ],
              [
                71.87806986523705,
                23.315884534841526
              ],
              [
                71.8783296110879,
                23.316682374715572
              ],
              [
                71.87871780311262,
                23.31766230687461
              ],
              [
                71.87897870331787,
                23.318681571432005
              ],
              [
                71.87959823976176,
                23.320914388461464
              ],
              [
                71.87974688154205,
                23.32133275417146
              ],
              [
                71.87998356222757,
                23.321599520985906
              ],
              [
                71.88049708753172,
                23.321953803039833
              ],
              [
                71.88080730070413,
                23.32234388038052
              ],
              [
                71.88116996589788,
                23.322773647752125
              ],
              [
                71.8815407670545,
                23.32291330580582
              ],
              [
                71.88229041219006,
                23.323303730135866
              ],
              [
                71.88333669214053,
                23.323982039773163
              ],
              [
                71.8836767739448,
                23.32413389132223
              ],
              [
                71.88453082174041,
                23.324628896617547
              ],
              [
                71.88510890754922,
                23.32503104277182
              ],
              [
                71.88561871742021,
                23.325583924957154
              ],
              [
                71.88621611370672,
                23.32617374836942
              ],
              [
                71.88696781396744,
                23.326771785454554
              ],
              [
                71.88759996387137,
                23.32728505515422
              ],
              [
                71.88803904752888,
                23.327691199280302
              ],
              [
                71.88822744346159,
                23.328033272354723
              ],
              [
                71.88842962393613,
                23.32839452558828
              ],
              [
                71.88897389077242,
                23.32851572492089
              ],
              [
                71.88945851202023,
                23.328472337152515
              ],
              [
                71.88986684425707,
                23.328411056780098
              ],
              [
                71.89026694248548,
                23.328321663377267
              ],
              [
                71.89051658997822,
                23.328482521491583
              ],
              [
                71.8912270279957,
                23.32862177988408
              ],
              [
                71.8919661848005,
                23.32878100857533
              ],
              [
                71.89289002559137,
                23.328928704046007
              ],
              [
                71.8934792421815,
                23.329022900740494
              ],
              [
                71.89439219837138,
                23.32931818397398
              ],
              [
                71.89362553756942,
                23.330280459625858
              ],
              [
                71.8928456821875,
                23.331013751026987
              ],
              [
                71.89216536875388,
                23.331752332636082
              ],
              [
                71.89160917705493,
                23.332262318384878
              ],
              [
                71.8915236146671,
                23.332519228515977
              ],
              [
                71.89133940778474,
                23.333064244339546
              ],
              [
                71.89088816671212,
                23.33413321870069
              ],
              [
                71.89042944284901,
                23.335081886474565
              ],
              [
                71.89016914453451,
                23.335971939088374
              ],
              [
                71.89052804460373,
                23.337503684338557
              ],
              [
                71.8907485985799,
                23.338691409926412
              ],
              [
                71.89081740544383,
                23.339589746699783
              ],
              [
                71.89053751893631,
                23.33983311355551
              ],
              [
                71.89005874097936,
                23.3404625072364
              ],
              [
                71.89005832436884,
                23.34126953923977
              ],
              [
                71.89011641298372,
                23.342259542037347
              ],
              [
                71.8901487150474,
                23.34278238553604
              ],
              [
                71.88978736942242,
                23.343210499390647
              ],
              [
                71.8890574979902,
                23.344181634281554
              ],
              [
                71.8886779523673,
                23.344581108209628
              ],
              [
                71.88828031558934,
                23.34503034442112
              ],
              [
                71.88796873754701,
                23.345461103251196
              ],
              [
                71.8877288593467,
                23.34586339295766
              ],
              [
                71.88741803746083,
                23.346201956265347
              ],
              [
                71.886808641748,
                23.34684283868828
              ],
              [
                71.8861688968463,
                23.347569724868837
              ],
              [
                71.88539779262453,
                23.34816048808379
              ],
              [
                71.88493828752782,
                23.34856030619766
              ],
              [
                71.88439750519564,
                23.34906186764319
              ],
              [
                71.88409796829953,
                23.349539378956113
              ],
              [
                71.88371945747205,
                23.35032166899905
              ],
              [
                71.8833267762676,
                23.35125078397623
              ],
              [
                71.88297017859772,
                23.352001957652128
              ],
              [
                71.88274980658036,
                23.35257130599662
              ],
              [
                71.8827074003933,
                23.352850363820192
              ],
              [
                71.88274906766937,
                23.353862556978203
              ],
              [
                71.88277607743079,
                23.354389735601817
              ],
              [
                71.88274028074625,
                23.35480288778314
              ],
              [
                71.88297773247004,
                23.35571943538587
              ],
              [
                71.88304083360427,
                23.356068675459017
              ],
              [
                71.88305932842209,
                23.35681215369437
              ],
              [
                71.88304057440412,
                23.357272331502454
              ],
              [
                71.88283704115145,
                23.357731892541157
              ],
              [
                71.88258936664133,
                23.358018468645472
              ],
              [
                71.882128382171,
                23.358441262495074
              ],
              [
                71.88154762536307,
                23.3591021008408
              ],
              [
                71.88109821894984,
                23.3594194364335
              ],
              [
                71.88054119544871,
                23.359860169547296
              ],
              [
                71.88017029192203,
                23.360439944689507
              ],
              [
                71.8796582589084,
                23.36127968184479
              ],
              [
                71.8790099761805,
                23.362301243460937
              ],
              [
                71.87842985256268,
                23.36327109264731
              ],
              [
                71.8780290578127,
                23.363849271243723
              ],
              [
                71.8776167748141,
                23.364131683959865
              ],
              [
                71.87698044103735,
                23.36464196772084
              ],
              [
                71.87601157266025,
                23.36527749541461
              ],
              [
                71.87513087626238,
                23.36594077543091
              ],
              [
                71.87464771797382,
                23.36647766292605
              ],
              [
                71.87411054673174,
                23.367159245395992
              ],
              [
                71.8737320286574,
                23.367780106561668
              ],
              [
                71.87350155129286,
                23.36803069396348
              ],
              [
                71.87296074808242,
                23.368370808618966
              ],
              [
                71.87228023142653,
                23.368947895596122
              ],
              [
                71.87198798891735,
                23.369227470150083
              ],
              [
                71.87207774805212,
                23.37010849521515
              ],
              [
                71.87217942165555,
                23.37191711941941
              ],
              [
                71.87219841837714,
                23.37289121820116
              ],
              [
                71.87212452034794,
                23.37331386938823
              ],
              [
                71.8711206816032,
                23.37366849387397
              ],
              [
                71.8710494699866,
                23.374647007804334
              ],
              [
                71.87096549595128,
                23.375394236020252
              ],
              [
                71.87118830473342,
                23.37618091000409
              ],
              [
                71.87136998914089,
                23.377029941409972
              ],
              [
                71.87166890928314,
                23.378959766786124
              ],
              [
                71.8717795736965,
                23.379426845003195
              ],
              [
                71.87140206123888,
                23.380030464785293
              ],
              [
                71.87077199865817,
                23.38115788763484
              ],
              [
                71.87051171813782,
                23.38180464482339
              ],
              [
                71.87094851123636,
                23.382089656950978
              ],
              [
                71.87185205643713,
                23.382580556012215
              ],
              [
                71.87278136900727,
                23.38305898955163
              ],
              [
                71.87445864712032,
                23.383960055774804
              ],
              [
                71.87617922641576,
                23.38504788152047
              ],
              [
                71.87712149939239,
                23.385559257721507
              ],
              [
                71.8775734081614,
                23.385818659120893
              ],
              [
                71.87814881437669,
                23.38614894822146
              ],
              [
                71.87883064327488,
                23.386608958958853
              ],
              [
                71.87976057269559,
                23.38730010965382
              ],
              [
                71.88022980724969,
                23.3875464619653
              ],
              [
                71.88192088820844,
                23.388388222362018
              ],
              [
                71.88299615955343,
                23.388892265403904
              ],
              [
                71.8839394138087,
                23.389427249873602
              ],
              [
                71.88481796277678,
                23.389759938228515
              ],
              [
                71.88570743687951,
                23.390157766685263
              ],
              [
                71.8870296828078,
                23.39066623997007
              ],
              [
                71.88784761457013,
                23.390769709091302
              ],
              [
                71.88854849955783,
                23.390507232038455
              ],
              [
                71.88951950346632,
                23.38983944780574
              ],
              [
                71.890208494971,
                23.38944719953114
              ],
              [
                71.89088610831863,
                23.38931721492939
              ],
              [
                71.89164731044002,
                23.389048705202903
              ],
              [
                71.89189770862978,
                23.38879915115204
              ],
              [
                71.89220824448955,
                23.388115079670595
              ],
              [
                71.89255790965477,
                23.38790729378811
              ],
              [
                71.89323856449937,
                23.387648330714022
              ],
              [
                71.89380927256056,
                23.387309731362215
              ],
              [
                71.89404597654999,
                23.387119399129176
              ],
              [
                71.8942663575402,
                23.38655003510778
              ],
              [
                71.89477724299569,
                23.384847790253424
              ],
              [
                71.89506576582548,
                23.383986895845606
              ],
              [
                71.89542788558522,
                23.383627980759538
              ],
              [
                71.89593548094733,
                23.38341976176011
              ],
              [
                71.89709650641583,
                23.382988010119103
              ],
              [
                71.89776792155459,
                23.382636301183123
              ],
              [
                71.8979345042359,
                23.38236845036921
              ],
              [
                71.89811445169968,
                23.381806155146947
              ],
              [
                71.89840587888413,
                23.381378914538246
              ],
              [
                71.8991577755717,
                23.381418865683287
              ],
              [
                71.90008653214235,
                23.381426700297023
              ],
              [
                71.90126734478426,
                23.38155859963006
              ],
              [
                71.90205485023148,
                23.381508190595714
              ],
              [
                71.90241515709684,
                23.381338246625504
              ],
              [
                71.90277667817259,
                23.380988508111077
              ],
              [
                71.9030157577846,
                23.380839792769606
              ],
              [
                71.90396511161909,
                23.380917875766674
              ],
              [
                71.90468437729051,
                23.381080581290092
              ],
              [
                71.90497433083266,
                23.38107752979819
              ],
              [
                71.90541388984057,
                23.381239217523746
              ],
              [
                71.90595405825692,
                23.381710617345426
              ],
              [
                71.90637313019612,
                23.381880437867345
              ],
              [
                71.90824328309643,
                23.3827360188106
              ],
              [
                71.91056596965525,
                23.383786215934204
              ],
              [
                71.91198309038631,
                23.38445630504288
              ],
              [
                71.91278833641377,
                23.384759841432633
              ],
              [
                71.9140333244126,
                23.385229127902864
              ],
              [
                71.9151637650643,
                23.38552887799108
              ],
              [
                71.91622621156903,
                23.38579734549277
              ],
              [
                71.91722421238455,
                23.386057779185705
              ],
              [
                71.91797294812645,
                23.38630960522898
              ],
              [
                71.91852512052539,
                23.38634809463395
              ],
              [
                71.9191646402327,
                23.3864281045664
              ],
              [
                71.91965328795567,
                23.38651918267139
              ],
              [
                71.9203625310428,
                23.38676828478188
              ],
              [
                71.92154487458554,
                23.387278264233387
              ],
              [
                71.92238493200365,
                23.38766864395634
              ],
              [
                71.92337365178759,
                23.388159126453367
              ],
              [
                71.9244548009057,
                23.388579604531
              ],
              [
                71.9251444503091,
                23.38884781969537
              ],
              [
                71.92658178167294,
                23.389435823739213
              ],
              [
                71.92767512426018,
                23.389696744905052
              ],
              [
                71.92827043868093,
                23.389838815411842
              ],
              [
                71.92873384892776,
                23.38985873130209
              ],
              [
                71.92918358715104,
                23.38993787698891
              ],
              [
                71.92961201288549,
                23.38987754251969
              ],
              [
                71.93033069628427,
                23.389809508830016
              ],
              [
                71.93096415055497,
                23.3897461865837
              ],
              [
                71.93188005850325,
                23.3895594544022
              ],
              [
                71.93278074006997,
                23.38937652288848
              ],
              [
                71.93386992275268,
                23.3892957934704
              ],
              [
                71.93480159125527,
                23.389257452526735
              ],
              [
                71.9359737178438,
                23.389208764308954
              ],
              [
                71.9380433528235,
                23.389189072499438
              ],
              [
                71.93909381135853,
                23.389249218548862
              ],
              [
                71.94006073234394,
                23.38944790420021
              ],
              [
                71.94119172699097,
                23.389498457978547
              ],
              [
                71.9418425286575,
                23.389477510431625
              ],
              [
                71.94282171330202,
                23.389478525518406
              ],
              [
                71.94387217638415,
                23.389538638684826
              ],
              [
                71.94435318505893,
                23.389484885735666
              ],
              [
                71.94503180787143,
                23.389207910322916
              ],
              [
                71.94535152159564,
                23.389127953404856
              ],
              [
                71.94603033984396,
                23.389219148363672
              ],
              [
                71.94701299776916,
                23.389335004104467
              ],
              [
                71.9481006796827,
                23.38926853327115
              ],
              [
                71.94848917358347,
                23.38921164538739
              ],
              [
                71.94913096743801,
                23.389113358405822
              ],
              [
                71.94969184442792,
                23.388826818965626
              ],
              [
                71.95062024176296,
                23.388599132123105
              ],
              [
                71.95142678031692,
                23.388360001054863
              ],
              [
                71.95323040733535,
                23.38799903363915
              ],
              [
                71.95395288555115,
                23.3879140522485
              ],
              [
                71.95444833192757,
                23.387855776387354
              ],
              [
                71.9550483300083,
                23.387767530196648
              ],
              [
                71.95559961487567,
                23.38756994430994
              ],
              [
                71.95596867149601,
                23.387548610765805
              ],
              [
                71.95698803566378,
                23.38879679277641
              ],
              [
                71.95749797476597,
                23.389598442491646
              ],
              [
                71.95874125840223,
                23.391305748414272
              ],
              [
                71.95968705279034,
                23.392895902596646
              ],
              [
                71.96012710419217,
                23.39363291300897
              ],
              [
                71.96039780039341,
                23.394086279494957
              ],
              [
                71.9609689598793,
                23.394706679613083
              ],
              [
                71.96154894735581,
                23.39534598623237
              ],
              [
                71.96225885399252,
                23.396065926613822
              ],
              [
                71.96286802670399,
                23.39679899925315
              ],
              [
                71.96302864866404,
                23.397028847251942
              ],
              [
                71.96347999957604,
                23.397570749130402
              ],
              [
                71.96443877920814,
                23.399515008738643
              ],
              [
                71.96529664518577,
                23.401478640710625
              ],
              [
                71.96667786213635,
                23.404756475213198
              ],
              [
                71.96712945476546,
                23.405776371172685
              ],
              [
                71.96760781192356,
                23.406848400582508
              ],
              [
                71.96814693179614,
                23.40782678653243
              ],
              [
                71.96825910420685,
                23.40827540904302
              ],
              [
                71.96837573240488,
                23.40921770605527
              ],
              [
                71.96837695278901,
                23.4101677623615
              ],
              [
                71.96836963298587,
                23.411094311121865
              ],
              [
                71.96818874551356,
                23.412565111055653
              ],
              [
                71.96829424772251,
                23.41350588973193
              ],
              [
                71.96834013515928,
                23.41391506290138
              ],
              [
                71.96893968273599,
                23.4186043614488
              ],
              [
                71.96917018444236,
                23.4208171003456
              ],
              [
                71.96953866263055,
                23.42435429530544
              ],
              [
                71.97022684410719,
                23.43060236259133
              ],
              [
                71.9703067457952,
                23.43114652040476
              ],
              [
                71.96992932109073,
                23.431453683218617
              ],
              [
                71.9684882230427,
                23.432775131639197
              ],
              [
                71.96743620355326,
                23.43378501714773
              ],
              [
                71.96714986722569,
                23.4342126548058
              ],
              [
                71.96707257369434,
                23.43458687403483
              ],
              [
                71.96694758550362,
                23.435705391127804
              ],
              [
                71.96620065214097,
                23.440185439977327
              ],
              [
                71.96599903450468,
                23.441263164295805
              ],
              [
                71.9658763016885,
                23.442843098005767
              ],
              [
                71.96586867783373,
                23.443774244563876
              ],
              [
                71.96594900246247,
                23.444712460939982
              ],
              [
                71.96585942450501,
                23.44586282065994
              ],
              [
                71.96567049678823,
                23.447462327261906
              ],
              [
                71.96538801123515,
                23.448554238080533
              ],
              [
                71.96512589216832,
                23.44933051862168
              ],
              [
                71.96485858593898,
                23.450324887542656
              ],
              [
                71.96464041544999,
                23.45118499309512
              ],
              [
                71.96435049846257,
                23.45207360213515
              ],
              [
                71.96395951757609,
                23.453141351165225
              ],
              [
                71.96376880837406,
                23.453961397567863
              ],
              [
                71.96343631422336,
                23.454810869135514
              ],
              [
                71.96324688980967,
                23.455852342500016
              ],
              [
                71.96333106116774,
                23.456673034867464
              ],
              [
                71.96344881060043,
                23.45711273020203
              ],
              [
                71.96344090840971,
                23.45853269562846
              ],
              [
                71.96337090736239,
                23.45934065464346
              ],
              [
                71.9634711084939,
                23.461840822627707
              ],
              [
                71.9637664025386,
                23.46256195695481
              ],
              [
                71.96426912064723,
                23.463243285903314
              ],
              [
                71.96501506991568,
                23.463888685313975
              ],
              [
                71.96648000670396,
                23.465079848850888
              ],
              [
                71.96791650754392,
                23.466352732373064
              ],
              [
                71.96866007002748,
                23.46701159709265
              ],
              [
                71.97057999080191,
                23.468829122312204
              ],
              [
                71.97085559056202,
                23.469098613776524
              ],
              [
                71.97139693730982,
                23.469641296149845
              ],
              [
                71.97220982479975,
                23.470481874600413
              ],
              [
                71.97283888071163,
                23.47098074475514
              ],
              [
                71.97370291083153,
                23.471545843827812
              ],
              [
                71.97450489417594,
                23.47193075225824
              ],
              [
                71.9753550783947,
                23.472491968821537
              ],
              [
                71.97619543456442,
                23.47296965166659
              ],
              [
                71.97748830603162,
                23.473729372839845
              ],
              [
                71.97847773244541,
                23.474141095518846
              ],
              [
                71.97940682741685,
                23.474720272092302
              ],
              [
                71.97928700281913,
                23.475041397176174
              ],
              [
                71.97950477314038,
                23.476173337976896
              ],
              [
                71.97985768342878,
                23.477700005905017
              ],
              [
                71.98015625608438,
                23.478531949968914
              ],
              [
                71.98040715617684,
                23.4786788723628
              ],
              [
                71.98243284466514,
                23.479383593217335
              ],
              [
                71.98360808072657,
                23.479792444267307
              ],
              [
                71.98753570654841,
                23.48120235263321
              ],
              [
                71.98850654535518,
                23.481511575885566
              ],
              [
                71.98935608470799,
                23.48184209384972
              ],
              [
                71.99020469633498,
                23.482430805943217
              ],
              [
                71.99104407830279,
                23.483088203324236
              ],
              [
                71.99190368739168,
                23.483742044762547
              ],
              [
                71.99291148505593,
                23.484606909433648
              ],
              [
                71.99313894847155,
                23.484899466162002
              ],
              [
                71.99462602101369,
                23.48743118328377
              ],
              [
                71.9950246831059,
                23.488166218218915
              ],
              [
                71.99590552469465,
                23.489790251871817
              ],
              [
                71.99697580043075,
                23.492299739746937
              ],
              [
                71.99720474190451,
                23.49312799240338
              ],
              [
                71.99751359705729,
                23.494038834912615
              ],
              [
                71.9978359248916,
                23.49521784949411
              ],
              [
                71.99789196879436,
                23.495930970974758
              ],
              [
                71.99811490740368,
                23.49710016319699
              ],
              [
                71.99824503239157,
                23.49790939841135
              ],
              [
                71.99841222129575,
                23.498798550266756
              ],
              [
                71.99995380218536,
                23.498902507275762
              ],
              [
                72.00032559952949,
                23.4990376257746
              ],
              [
                72.00071476224802,
                23.498970405590946
              ],
              [
                72.00130646509909,
                23.4986186588922
              ],
              [
                72.0018064102131,
                23.49853879371668
              ],
              [
                72.00231196058657,
                23.498611403417943
              ],
              [
                72.00345667416943,
                23.498860460820513
              ],
              [
                72.00380358271335,
                23.498910917126
              ],
              [
                72.00488577323861,
                23.499119795398546
              ],
              [
                72.00543998588455,
                23.49945780084893
              ],
              [
                72.00585073058602,
                23.49960844002657
              ],
              [
                72.00635402369153,
                23.499717810746137
              ],
              [
                72.00676035324747,
                23.499858993101775
              ],
              [
                72.00728743669485,
                23.49998805275718
              ],
              [
                72.00774060792189,
                23.500099403325766
              ],
              [
                72.00858346038075,
                23.500378728847743
              ],
              [
                72.00885278324756,
                23.500471227396527
              ],
              [
                72.00998331307672,
                23.500788664172315
              ],
              [
                72.01037356345681,
                23.500947442534713
              ],
              [
                72.01048363305175,
                23.501271400303764
              ],
              [
                72.01134354122927,
                23.501436313532228
              ],
              [
                72.01205494646403,
                23.501658011678426
              ],
              [
                72.01241564047828,
                23.502622255657382
              ],
              [
                72.01324866121006,
                23.502492916743787
              ],
              [
                72.0140357940248,
                23.502946839950276
              ],
              [
                72.01412929470648,
                23.503459001461486
              ],
              [
                72.01503291306703,
                23.503238810361054
              ],
              [
                72.01552222687262,
                23.503250575189707
              ],
              [
                72.01554104824307,
                23.50457045980128
              ],
              [
                72.01690531058362,
                23.50470638660688
              ],
              [
                72.01824030922184,
                23.50499294957933
              ],
              [
                72.02171270123425,
                23.50593540833848
              ],
              [
                72.02221207575657,
                23.50610908068297
              ],
              [
                72.02232885884557,
                23.506405710253695
              ],
              [
                72.0245011823822,
                23.506127261204508
              ],
              [
                72.02512932508849,
                23.506077075687102
              ],
              [
                72.02536819547262,
                23.507558517022286
              ],
              [
                72.02650660127415,
                23.50777824681012
              ],
              [
                72.0268525647654,
                23.5078180311343
              ],
              [
                72.02720213168783,
                23.507958777328973
              ],
              [
                72.0273581464802,
                23.508379377224905
              ],
              [
                72.0299290538467,
                23.508776505263256
              ],
              [
                72.03002663150717,
                23.508230360453844
              ]
            ]
          ]